volume_target_ml,volume_target_ul,volume_measured_ml,volume_measured_ul,deviation_pct,precision_cv_pct,duration_s,trials_count,status,measurement_count,calibration_overaspirate_vol,hardware_parameters_aspirate_speed,hardware_parameters_dispense_speed,hardware_parameters_aspirate_wait_time,hardware_parameters_dispense_wait_time,hardware_parameters_blowout_vol,hardware_parameters_post_asp_air_vol,hardware_parameters_pre_asp_air_vol
0.025,25.0,0.0252,25.2,0.7999999999999952,0.5611958580845581,22.35226948002819,26,success,84,0.0045000000000000005,10,11,0.2,3.153314065202806,0.093,0.033,0.047
0.02,20.0,0.02028,20.28,1.7999999999999996,1.6129612656603665,21.47570710000582,3,success,7,0.0058125,10,11,0.2,3.153314065202806,0.093,0.033,0.047
0.015,15.0,0.014499999999999999,14.499999999999998,3.3333333333333317,1.0904405724718598,20.35603589999955,3,success,7,0.004766666666666669,10,11,0.2,3.153314065202806,0.093,0.033,0.047
0.01,10.0,0.00964,9.639999999999999,3.600000000000006,2.802750225333253,17.0535245800158,7,success,19,0.005,10,11,0.2,3.153314065202806,0.0,0.033,0.047
0.005,5.0,0.00522,5.22,4.399999999999998,2.841455359040489,21.4240462400252,23,success,34,0.007,10,11,0.2,3.153314065202806,0.152,0.033,0.047
