volume_mL,time
0.025,9.822999525070191
0.05,10.129161024093628
0.1,10.608660078048706
0.2,11.569142198562622
