volume_mL,replicate,method,measured_mass_mg
0.05,1,A,0.045999999999999375
0.05,2,A,0.04499999999999993
0.05,3,A,0.04510000000000147
0.05,4,A,0.04410000000000025
0.05,5,A,0.04420000000000002
0.05,1,B,0.048199999999999577
0.05,2,B,0.0472999999999999
0.05,3,B,0.046899999999999054
0.05,4,B,0.0470000000000006
0.05,5,B,0.04679999999999929
