volume_mL,replicate,method,measured_mass_mg
0.5,1,A,0.4971999999999994
0.5,2,A,0.4969000000000001
0.5,3,A,0.49709999999999965
0.5,4,A,0.4971999999999994
0.5,5,A,0.49709999999999965
0.75,1,A,0.7561999999999998
0.75,2,A,0.7532999999999994
0.75,3,A,0.7518999999999991
0.75,4,A,0.7523999999999997
0.75,5,A,0.7510999999999992
