volume_mL,mean_mass_a,std_mass_a,deviation_a,mean_mass_b,std_mass_b,deviation_b,time_per_replicate,time_score
0.05,49.11999999999992,0.002627089644454931,-1.4643931795387946,45.179999999999865,0.00016000000000033766,-9.368104312939103,31.989379692077637,6.988224490118069e-13
