volume_mL,replicate,method,measured_mass_mg
0.05,1,A,0.050200000000000244
0.05,2,A,0.04389999999999894
0.05,3,A,0.050799999999998846
0.05,4,A,0.050700000000000855
0.05,5,A,0.05000000000000071
0.05,1,B,0.04550000000000054
0.05,2,B,0.045099999999999696
0.05,3,B,0.045099999999999696
0.05,4,B,0.045099999999999696
0.05,5,B,0.045099999999999696
