volume_mL,replicate,method,measured_mass_mg
0.05,1,A,0.04720000000000013
0.05,2,A,0.04460000000000086
0.05,3,A,0.04510000000000147
0.05,4,A,0.044299999999999784
0.05,5,A,0.045099999999999696
0.05,1,B,0.04849999999999888
0.05,2,B,0.048199999999999577
0.05,3,B,0.04860000000000042
0.05,4,B,0.04809999999999981
0.05,5,B,0.04830000000000112
