volume_mL,replicate,method,measured_mass_mg
0.05,1,A,0.04479999999999862
0.05,2,A,0.045099999999999696
0.05,3,A,0.04359999999999964
0.05,4,A,0.042899999999999494
0.05,5,A,0.042899999999999494
0.05,1,B,0.047399999999999665
0.05,2,B,0.04609999999999914
0.05,3,B,0.045000000000001705
0.05,4,B,0.04550000000000054
0.05,5,B,0.045499999999998764
