volume_target,volume_measured,average_deviation,variability,time,aspirate_speed,dispense_speed,aspirate_wait_time,dispense_wait_time,retract_speed,blowout_vol,post_asp_air_vol,overaspirate_vol,volume_ml,volume_ul,status,accuracy_tolerance_met,precision_tolerance_met
50,49.63333333,0.733333333,0.69582505,44.71698435,10,12,0.00E+00,2,15,0.177393749,0.014947979,0.003481336,0.05,50,success,TRUE,TRUE
25,24.73333333,1.066666667,1.212938005,44.56580814,10,12,0.00E+00,2,15,0.02103003,0.014947979,0.002609565,0.025,25,success,TRUE,TRUE
100,98.23333333,1.766666667,1.449998164,44.86206738,10,12,0.00E+00,2,15,0.177393749,0.014947979,0.003481336,0.1,100,success,TRUE,TRUE
