Dataset_Strategy_Round,Rank,Is_Primary_Best,Mean_Time_seconds,Mean_Deviation_percent,Mean_Variability,Std_Deviation_percent,N_Replicates,aspirate_speed,dispense_speed,aspirate_wait_time,dispense_wait_time,retract_speed,pre_asp_air_vol,post_asp_air_vol,overaspirate_vol,Volume,Liquid,Dataset,Strategy,Round,Min_Time,Max_Time,Min_Deviation,Max_Deviation,Min_Variability,Max_Variability,deviation_penalty,variability_penalty,composite_penalty
glycerol_8params_largerspace_qEI_Round1,1,TRUE,60.488733,1.058201,1.097612,0.6415,3,22,12,30,4.61209,1,0.097872,0.000005,0.025,0.05,glycerol,glycerol_8params_largerspace,qEI,1,60.032854,61.14863,0.47619,1.746032,1.097612,1.097612,0.740741,0.329284,1.070024
glycerol_8params_largerspace_qNEHVI_Round1,1,TRUE,80.712993,4.074074,2.568218,3.017265,3,29,20,30,17.146239,1.664711,0.030922,0.027948,0.003962,0.05,glycerol,glycerol_8params_largerspace,qNEHVI,1,79.938286,81.248154,1.111111,7.142857,2.568218,2.568218,2.851852,0.770465,3.622317
glycerol_8params_qNEHVI_Round1,1,TRUE,69.476158,4.867725,1.337132,1.557929,3,14,30,15.060219,16.703702,8.673113,0.083822,0.084214,0.00792,0.05,glycerol,glycerol_8params,qNEHVI,1,68.976727,70.436312,3.968254,6.666667,1.337132,1.337132,3.407407,0.40114,3.808547
glycerol_8params_largerspace_qLogEI_Round1,1,TRUE,64.078545,5.238095,1.55337,1.802828,3,26,7,25.287627,14.601403,2.561092,0.0332,0.015043,0.00663,0.05,glycerol,glycerol_8params_largerspace,qLogEI,1,63.563886,64.484093,3.174603,6.507937,1.55337,1.55337,3.666666,0.466011,4.132677
glycerol_8params_largerspace_LLM_Prompt_1_Round1,1,TRUE,72.35778,5.767196,4.568478,4.206599,3,26,18,25,15,5,0.02,0.03,0.01,0.05,glycerol,glycerol_8params_largerspace,LLM_Prompt_1,1,70.84463,73.574466,1.587302,10,4.568478,4.568478,4.037037,1.370543,5.407581
glycerol_8params_qEI_Round1,1,TRUE,78.079985,20.47619,2.68288,2.613028,3,11,28,19.326941,30,13.788015,0.052295,0,0.009937,0.05,glycerol,glycerol_8params,qEI,1,73.442204,80.582807,18.888889,23.492063,2.68288,2.68288,14.333333,0.804864,15.138197
glycerol_8params_qLogEI_Round1,1,TRUE,42.208049,37.566138,6.472934,4.949565,3,10,11,19.964607,0,15,0.056197,0.052371,0.009952,0.05,glycerol,glycerol_8params,qLogEI,1,41.468968,42.737095,33.809524,43.174603,6.472934,6.472934,26.296297,1.94188,28.238177
