run_id,workflow_name,simulate,datetime_started,datetime_stopped,status,duration_sec,log_filename,pid,user
476cdf36,test_spin_coater.py,False,2026-09-03 16:49:28,2026-09-03 16:49:34,completed,6.916478,experiment_log2026-09-03_16-49-28.log,30792,Imaging Controller
ebc376c9,test_spin_coater.py,True,2026-09-03 16:50:00,2026-09-03 16:50:00,completed,0.8094,experiment_log2026-09-03_16-50-00_simulate.log,23404,Imaging Controller
3964dc83,test_spin_coater.py,True,2026-09-03 16:51:35,2026-09-03 16:51:37,interrupted_by_user,2.704628,experiment_log2026-09-03_16-51-35_simulate.log,18184,Imaging Controller
61c12bee,stack_detect_inner.py,True,2026-09-03 17:08:38,2026-09-03 17:08:38,completed,0.272954,experiment_log2026-09-03_17-08-38_simulate.log,27356,Imaging Controller
c5ae8f71,stack_detect_inner.py,True,2026-09-03 17:09:06,2026-09-03 17:09:06,completed,0.130499,experiment_log2026-09-03_17-09-05_simulate.log,9708,Imaging Controller
286dfb9a,Degradation_serena,False,2026-01-07 14:59:27,2026-01-07 16:06:12,unknown_backfilled,4005.0,Degradation_Test_Water_01-07-2026_SQ.log,,
cf817c63,Degradation_serena,False,2026-01-07 14:02:22,2026-01-07 14:43:47,unknown_backfilled,2485.0,TEST_LOG_SEERENA.log,,
0b1dfa51,unknown,False,2025-08-08 15:05:10,2025-08-08 15:06:18,unknown_backfilled,68.0,experiment_log2025-08-08_15-05-09.log,,
771b3581,unknown,False,2025-08-08 15:06:35,2025-08-08 15:08:19,unknown_backfilled,104.0,experiment_log2025-08-08_15-06-34.log,,
d40ecf94,unknown,False,2025-08-08 15:16:34,2025-08-08 15:18:22,unknown_backfilled,108.0,experiment_log2025-08-08_15-16-34.log,,
e37bdfcb,unknown,False,2025-08-08 15:18:48,2025-08-08 15:57:29,unknown_backfilled,2321.0,experiment_log2025-08-08_15-18-47.log,,
8c152364,unknown,False,2025-08-08 16:09:14,2025-08-08 16:10:12,unknown_backfilled,58.0,experiment_log2025-08-08_16-09-14.log,,
a0cab4ed,unknown,False,2025-08-11 10:43:10,2025-08-11 10:44:54,unknown_backfilled,104.0,experiment_log2025-08-11_10-43-09.log,,
092f07ab,unknown,False,2025-08-11 10:45:48,2025-08-11 20:10:36,unknown_backfilled,33888.0,experiment_log2025-08-11_10-45-47.log,,
99909513,unknown,False,2025-08-11 20:50:26,2025-08-11 20:51:13,unknown_backfilled,47.0,experiment_log2025-08-11_20-50-26.log,,
ce0f8446,unknown,False,2025-08-11 20:52:04,2025-08-11 20:52:17,unknown_backfilled,13.0,experiment_log2025-08-11_20-52-03.log,,
917e9a6f,unknown,False,2025-08-11 20:53:15,2025-08-12 06:13:08,completed_backfilled,33593.0,experiment_log2025-08-11_20-53-15.log,,
21a5d88c,unknown,False,2025-08-12 13:37:52,2025-08-12 21:47:49,completed_backfilled,29397.0,experiment_log2025-08-12_13-37-51.log,,
85208031,unknown,False,2025-08-13 13:47:46,2025-08-13 20:38:07,unknown_backfilled,24621.0,experiment_log2025-08-13_13-47-46.log,,
bf00eaf3,unknown,False,2025-08-13 21:47:48,2025-08-13 21:47:48,unknown_backfilled,0.0,experiment_log2025-08-13_21-47-48.log,,
1467af47,unknown,False,2025-08-13 21:48:14,2025-08-14 04:52:27,completed_backfilled,25453.0,experiment_log2025-08-13_21-48-14.log,,
0d157bd0,unknown,False,2025-08-14 17:21:59,2025-08-14 17:22:09,unknown_backfilled,10.0,experiment_log2025-08-14_17-21-58.log,,
91891e0a,unknown,False,2025-08-14 17:29:47,2025-08-15 02:52:02,completed_backfilled,33735.0,experiment_log2025-08-14_17-29-47.log,,
c6ddc388,unknown,False,2025-08-15 11:56:05,2025-08-15 11:56:54,unknown_backfilled,49.0,experiment_log2025-08-15_11-56-05.log,,
5178c69d,unknown,False,2025-08-15 11:57:12,2025-08-15 11:57:19,unknown_backfilled,7.0,experiment_log2025-08-15_11-57-12.log,,
ba999fbe,unknown,False,2025-08-15 11:57:33,2025-08-15 11:58:16,unknown_backfilled,43.0,experiment_log2025-08-15_11-57-33.log,,
04d8f60b,unknown,False,2025-08-15 12:03:46,2025-08-15 12:04:32,unknown_backfilled,46.0,experiment_log2025-08-15_12-03-46.log,,
1b0c7381,unknown,False,2025-08-15 12:04:40,2025-08-15 12:05:26,unknown_backfilled,46.0,experiment_log2025-08-15_12-04-39.log,,
84e98ef5,unknown,False,2025-08-15 12:05:40,2025-08-15 12:06:25,unknown_backfilled,45.0,experiment_log2025-08-15_12-05-39.log,,
72a894ee,unknown,False,2025-08-15 12:17:41,2025-08-15 12:17:45,unknown_backfilled,4.0,experiment_log2025-08-15_12-17-40.log,,
ce89a9f9,unknown,False,2025-08-15 12:19:24,2025-08-15 12:20:10,unknown_backfilled,46.0,experiment_log2025-08-15_12-19-24.log,,
760880ac,unknown,False,2025-08-15 12:41:42,2025-08-15 12:41:49,unknown_backfilled,7.0,experiment_log2025-08-15_12-41-41.log,,
7eb9132e,unknown,False,2025-08-15 12:42:16,2025-08-15 12:42:30,unknown_backfilled,14.0,experiment_log2025-08-15_12-42-15.log,,
4a816f42,unknown,False,2025-08-15 12:44:54,2025-08-15 12:45:09,unknown_backfilled,15.0,experiment_log2025-08-15_12-44-54.log,,
5b71b5e9,unknown,False,2025-08-15 12:52:01,2025-08-15 12:52:15,unknown_backfilled,14.0,experiment_log2025-08-15_12-52-00.log,,
56df4e2e,unknown,False,2025-08-15 16:08:19,2025-08-15 16:08:29,unknown_backfilled,10.0,experiment_log2025-08-15_16-08-18.log,,
5c8eb0d1,unknown,False,2025-08-15 16:08:47,2025-08-15 16:09:59,unknown_backfilled,72.0,experiment_log2025-08-15_16-08-46.log,,
f271f4b5,unknown,False,2025-08-15 16:10:45,2025-08-15 16:10:47,unknown_backfilled,2.0,experiment_log2025-08-15_16-10-44.log,,
55df5895,unknown,False,2025-08-15 16:11:47,2025-08-15 16:11:53,unknown_backfilled,6.0,experiment_log2025-08-15_16-11-47.log,,
c209abac,unknown,False,2025-08-15 16:12:08,2025-08-16 01:31:08,completed_backfilled,33540.0,experiment_log2025-08-15_16-12-07.log,,
00863f98,unknown,False,2025-08-18 17:45:19,2025-08-18 17:45:27,unknown_backfilled,8.0,experiment_log2025-08-18_17-45-18.log,,
f0b3b85c,unknown,False,2025-08-18 17:45:54,2025-08-19 00:47:44,completed_backfilled,25310.0,experiment_log2025-08-18_17-45-53.log,,
5d2a5250,unknown,False,2025-08-19 13:49:40,2025-08-19 13:49:49,unknown_backfilled,9.0,experiment_log2025-08-19_13-49-40.log,,
3b3842d3,unknown,False,2025-08-19 13:51:10,2025-08-19 15:05:49,completed_backfilled,4479.0,experiment_log2025-08-19_13-51-10.log,,
b99b2e39,unknown,False,2025-08-26 16:01:20,2025-08-26 16:02:05,unknown_backfilled,45.0,experiment_log2025-08-26_16-01-19.log,,
dee96b55,unknown,False,2025-08-26 16:02:30,2025-08-26 16:02:33,unknown_backfilled,3.0,experiment_log2025-08-26_16-02-30.log,,
649d487c,unknown,False,2025-08-26 16:02:46,2025-08-26 16:02:58,unknown_backfilled,12.0,experiment_log2025-08-26_16-02-45.log,,
f6d584b0,unknown,False,2025-08-26 16:23:25,2025-08-26 16:23:38,unknown_backfilled,13.0,experiment_log2025-08-26_16-23-25.log,,
70e7a980,unknown,False,2025-08-26 16:24:48,2025-08-26 16:24:57,unknown_backfilled,9.0,experiment_log2025-08-26_16-24-48.log,,
fbd1efaf,unknown,False,2025-08-26 16:26:00,2025-08-26 16:27:52,unknown_backfilled,112.0,experiment_log2025-08-26_16-25-59.log,,
4a7ee558,unknown,False,2025-08-26 16:28:30,2025-08-26 16:28:34,unknown_backfilled,4.0,experiment_log2025-08-26_16-28-29.log,,
861f0eb2,unknown,False,2025-08-26 16:30:05,2025-08-26 16:30:23,unknown_backfilled,18.0,experiment_log2025-08-26_16-30-05.log,,
90ce0bca,unknown,False,2025-08-26 16:30:56,2025-08-26 16:31:44,unknown_backfilled,48.0,experiment_log2025-08-26_16-30-56.log,,
49d29e84,unknown,False,2025-08-26 16:41:02,2025-08-26 16:41:57,unknown_backfilled,55.0,experiment_log2025-08-26_16-41-01.log,,
53ab4ed9,unknown,False,2025-08-26 16:42:33,2025-08-26 16:43:27,unknown_backfilled,54.0,experiment_log2025-08-26_16-42-33.log,,
e8d42521,unknown,False,2025-08-26 16:44:26,2025-08-26 16:45:39,unknown_backfilled,73.0,experiment_log2025-08-26_16-44-25.log,,
bef3fce4,unknown,False,2025-09-04 11:21:50,2025-09-04 11:22:52,unknown_backfilled,62.0,experiment_log2025-09-04_11-21-49.log,,
c50ecf2d,unknown,False,2025-09-04 11:23:49,2025-09-04 14:18:23,unknown_backfilled,10474.0,experiment_log2025-09-04_11-23-49.log,,
07db485d,unknown,False,2025-09-04 15:44:48,2025-09-04 15:44:51,unknown_backfilled,3.0,experiment_log2025-09-04_15-44-47.log,,
6318f04c,unknown,False,2025-09-04 15:46:08,2025-09-04 17:35:56,unknown_backfilled,6588.0,experiment_log2025-09-04_15-46-08.log,,
b21b6e70,unknown,False,2025-09-05 10:27:36,2025-09-05 10:27:36,unknown_backfilled,0.0,experiment_log2025-09-05_10-27-36.log,,
687c9adf,unknown,False,2025-09-05 10:29:27,2025-09-05 12:15:46,unknown_backfilled,6379.0,experiment_log2025-09-05_10-29-27.log,,
66b7287c,unknown,False,2025-09-08 15:27:57,2025-09-08 15:29:26,unknown_backfilled,89.0,experiment_log2025-09-08_15-27-57.log,,
b1e846a3,unknown,False,2025-09-08 15:32:10,2025-09-08 15:32:15,unknown_backfilled,5.0,experiment_log2025-09-08_15-32-09.log,,
a2e076d9,unknown,False,2025-09-08 15:33:23,2025-09-08 17:20:23,unknown_backfilled,6420.0,experiment_log2025-09-08_15-33-22.log,,
e12c22a5,unknown,False,2025-09-09 13:41:10,2025-09-09 15:03:43,unknown_backfilled,4953.0,experiment_log2025-09-09_13-41-10.log,,
785147c9,unknown,False,2025-09-09 15:26:40,2025-09-09 17:18:18,unknown_backfilled,6698.0,experiment_log2025-09-09_15-26-40.log,,
f9cb438d,unknown,False,2025-09-15 13:39:26,2025-09-15 13:44:20,unknown_backfilled,294.0,experiment_log2025-09-15_13-39-25.log,,
40a83a88,unknown,False,2025-09-15 16:14:38,2025-09-15 17:53:28,unknown_backfilled,5930.0,experiment_log2025-09-15_16-14-37.log,,
49e1ecb8,unknown,False,2025-09-16 10:51:00,2025-09-16 12:39:38,unknown_backfilled,6518.0,experiment_log2025-09-16_10-51-00.log,,
51c66d78,unknown,False,2025-09-16 13:18:52,2025-09-16 15:10:40,unknown_backfilled,6708.0,experiment_log2025-09-16_13-18-51.log,,
a50878d5,unknown,False,2025-09-16 15:59:05,2025-09-16 15:59:08,unknown_backfilled,3.0,experiment_log2025-09-16_15-59-05.log,,
f01b1839,unknown,False,2025-09-16 16:00:11,2025-09-16 17:53:32,unknown_backfilled,6801.0,experiment_log2025-09-16_16-00-10.log,,
05bc27a2,unknown,False,2025-09-17 10:25:57,2025-09-17 12:16:45,unknown_backfilled,6648.0,experiment_log2025-09-17_10-25-57.log,,
65e8333b,unknown,False,2025-09-17 14:04:55,2025-09-17 14:04:58,unknown_backfilled,3.0,experiment_log2025-09-17_14-04-55.log,,
7ec3a48e,unknown,False,2025-09-17 14:05:27,2025-09-17 15:55:17,unknown_backfilled,6590.0,experiment_log2025-09-17_14-05-27.log,,
fd56395e,unknown,False,2025-09-17 15:59:54,2025-09-17 16:01:01,unknown_backfilled,67.0,experiment_log2025-09-17_15-59-54.log,,
410f9382,unknown,False,2025-09-17 16:01:31,2025-09-17 16:01:40,unknown_backfilled,9.0,experiment_log2025-09-17_16-01-30.log,,
286d105c,unknown,False,2025-09-17 16:02:31,2025-09-17 16:03:42,unknown_backfilled,71.0,experiment_log2025-09-17_16-02-31.log,,
5bac8eca,unknown,False,2025-09-17 16:05:12,2025-09-17 16:07:45,unknown_backfilled,153.0,experiment_log2025-09-17_16-05-12.log,,
3ff7cc16,unknown,False,2025-09-17 16:08:27,2025-09-17 16:09:17,unknown_backfilled,50.0,experiment_log2025-09-17_16-08-27.log,,
fb32ef85,unknown,False,2025-09-17 16:13:24,2025-09-17 16:15:27,unknown_backfilled,123.0,experiment_log2025-09-17_16-13-23.log,,
5e0ba3ed,unknown,False,2025-09-17 16:15:34,2025-09-17 16:15:51,unknown_backfilled,17.0,experiment_log2025-09-17_16-15-34.log,,
ea17dbc6,unknown,False,2025-09-17 16:16:10,2025-09-17 16:16:35,unknown_backfilled,25.0,experiment_log2025-09-17_16-16-10.log,,
e7c9d3e1,unknown,False,2025-09-17 16:20:42,2025-09-17 16:21:46,unknown_backfilled,64.0,experiment_log2025-09-17_16-20-42.log,,
4b307f6b,unknown,False,2025-09-17 16:30:23,2025-09-17 16:30:39,unknown_backfilled,16.0,experiment_log2025-09-17_16-30-23.log,,
f4b380e5,unknown,False,2025-09-17 16:30:49,2025-09-17 16:31:50,unknown_backfilled,61.0,experiment_log2025-09-17_16-30-48.log,,
45e12173,unknown,False,2025-09-17 16:32:17,2025-09-17 16:34:06,unknown_backfilled,109.0,experiment_log2025-09-17_16-32-16.log,,
14fd2f95,unknown,False,2025-09-17 16:34:37,2025-09-17 16:35:36,unknown_backfilled,59.0,experiment_log2025-09-17_16-34-37.log,,
67967b0a,unknown,False,2025-09-17 16:37:51,2025-09-17 16:38:32,unknown_backfilled,41.0,experiment_log2025-09-17_16-37-51.log,,
45164005,unknown,False,2025-09-17 16:38:38,2025-09-17 16:39:36,unknown_backfilled,58.0,experiment_log2025-09-17_16-38-38.log,,
ca1be595,unknown,False,2025-09-17 16:41:17,2025-09-17 16:42:22,unknown_backfilled,65.0,experiment_log2025-09-17_16-41-16.log,,
c2d24aa8,unknown,False,2025-09-18 12:46:46,2025-09-18 13:07:53,unknown_backfilled,1267.0,experiment_log2025-09-18_12-46-46.log,,
abbd885c,unknown,False,2025-09-18 14:24:12,2025-09-18 14:24:16,unknown_backfilled,4.0,experiment_log2025-09-18_14-24-12.log,,
12402118,unknown,False,2025-09-18 16:14:16,2025-09-18 16:17:04,unknown_backfilled,168.0,experiment_log2025-09-18_16-14-16.log,,
3528f3a5,unknown,False,2025-09-18 16:21:43,2025-09-18 16:21:48,unknown_backfilled,5.0,experiment_log2025-09-18_16-21-43.log,,
4db15ac7,unknown,False,2025-09-18 16:23:01,2025-09-18 16:23:04,unknown_backfilled,3.0,experiment_log2025-09-18_16-23-00.log,,
a36b51d7,unknown,False,2025-09-18 16:23:35,2025-09-18 18:08:20,unknown_backfilled,6285.0,experiment_log2025-09-18_16-23-35.log,,
e5dd30c8,unknown,False,2025-09-19 11:00:32,2025-09-19 11:00:32,unknown_backfilled,0.0,experiment_log2025-09-19_11-00-31.log,,
1c2ad951,unknown,False,2025-09-19 11:01:03,2025-09-19 13:07:50,unknown_backfilled,7607.0,experiment_log2025-09-19_11-01-03.log,,
34cd967b,unknown,False,2025-09-19 13:25:20,2025-09-19 15:21:03,unknown_backfilled,6943.0,experiment_log2025-09-19_13-25-20.log,,
f3c63367,unknown,False,2025-09-22 10:58:18,2025-09-22 10:58:18,unknown_backfilled,0.0,experiment_log2025-09-22_10-58-17.log,,
b047b184,unknown,False,2025-09-22 11:14:24,2025-09-22 11:15:00,unknown_backfilled,36.0,experiment_log2025-09-22_11-14-23.log,,
61ed90c8,unknown,False,2025-09-22 11:15:33,2025-09-22 13:04:31,unknown_backfilled,6538.0,experiment_log2025-09-22_11-15-33.log,,
23760855,unknown,False,2025-09-22 13:26:36,2025-09-22 15:14:26,unknown_backfilled,6470.0,experiment_log2025-09-22_13-26-35.log,,
54df2517,unknown,False,2025-09-22 15:30:52,2025-09-22 17:20:54,unknown_backfilled,6602.0,experiment_log2025-09-22_15-30-51.log,,
74ac4d49,unknown,False,2025-09-23 11:18:15,2025-09-23 11:18:47,unknown_backfilled,32.0,experiment_log2025-09-23_11-18-15.log,,
217bd771,unknown,False,2025-09-23 11:24:13,2025-09-23 11:24:58,unknown_backfilled,45.0,experiment_log2025-09-23_11-24-12.log,,
1dbd8bd4,unknown,False,2025-09-23 11:26:35,2025-09-23 11:26:36,unknown_backfilled,1.0,experiment_log2025-09-23_11-26-35.log,,
8c5b7d0d,unknown,False,2025-09-23 11:27:17,2025-09-23 11:28:53,unknown_backfilled,96.0,experiment_log2025-09-23_11-27-16.log,,
079ef9d9,unknown,False,2025-09-23 11:29:13,2025-09-23 11:31:11,unknown_backfilled,118.0,experiment_log2025-09-23_11-29-12.log,,
982bb477,unknown,False,2025-09-23 11:48:33,2025-09-23 11:50:19,unknown_backfilled,106.0,experiment_log2025-09-23_11-48-32.log,,
318fda60,unknown,False,2025-09-23 11:50:32,2025-09-23 11:51:29,unknown_backfilled,57.0,experiment_log2025-09-23_11-50-31.log,,
93161c10,sample_workflow_v2,False,2025-09-23 11:53:43,2025-09-23 11:54:35,unknown_backfilled,52.0,experiment_log2025-09-23_11-53-42.log,,
b76e0f2a,sample_workflow_v2,False,2025-09-23 11:55:34,2025-09-23 11:56:19,unknown_backfilled,45.0,experiment_log2025-09-23_11-55-33.log,,
5c9ba32a,sample_workflow_v2,False,2025-09-23 11:59:12,2025-09-23 11:59:14,unknown_backfilled,2.0,experiment_log2025-09-23_11-59-11.log,,
29fbf922,sample_workflow_v2,False,2025-09-23 11:59:37,2025-09-23 12:00:38,unknown_backfilled,61.0,experiment_log2025-09-23_11-59-36.log,,
e1fb8f2f,sample_workflow_v2,False,2025-09-23 12:14:19,2025-09-23 12:16:39,unknown_backfilled,140.0,experiment_log2025-09-23_12-14-18.log,,
4aef1cd4,sample_workflow_v2,False,2025-09-23 12:18:36,2025-09-23 12:19:54,unknown_backfilled,78.0,experiment_log2025-09-23_12-18-35.log,,
870c5c32,sample_workflow_v2,False,2025-09-23 12:20:58,2025-09-23 12:23:24,unknown_backfilled,146.0,experiment_log2025-09-23_12-20-58.log,,
9dd2a364,unknown,False,2025-09-23 12:29:31,2025-09-23 12:30:38,unknown_backfilled,67.0,experiment_log2025-09-23_12-29-30.log,,
c8cbf7b5,unknown,False,2025-09-23 12:33:43,2025-09-23 12:33:44,unknown_backfilled,1.0,experiment_log2025-09-23_12-33-43.log,,
24644ee9,unknown,False,2025-09-25 17:02:30,2025-09-25 17:03:50,unknown_backfilled,80.0,experiment_log2025-09-25_17-02-30.log,,
c1c49790,unknown,False,2025-09-25 17:10:00,2025-09-25 17:11:22,unknown_backfilled,82.0,experiment_log2025-09-25_17-10-00.log,,
e6ca9976,unknown,False,2025-09-25 17:11:47,2025-09-25 17:11:47,unknown_backfilled,0.0,experiment_log2025-09-25_17-11-46.log,,
52786be2,unknown,False,2025-09-25 17:11:55,2025-09-25 17:13:24,unknown_backfilled,89.0,experiment_log2025-09-25_17-11-54.log,,
fd6847f7,unknown,False,2025-09-25 17:14:26,2025-09-25 17:14:27,unknown_backfilled,1.0,experiment_log2025-09-25_17-14-26.log,,
605de940,unknown,False,2025-09-25 17:15:30,2025-09-25 17:16:17,unknown_backfilled,47.0,experiment_log2025-09-25_17-15-30.log,,
20e529c0,unknown,False,2025-09-25 17:17:00,2025-09-25 17:17:03,unknown_backfilled,3.0,experiment_log2025-09-25_17-17-00.log,,
16c9a7c3,unknown,False,2025-09-25 17:17:53,2025-09-25 17:18:57,unknown_backfilled,64.0,experiment_log2025-09-25_17-17-52.log,,
2f67c94d,sample_workflow_v2,False,2025-09-25 17:21:28,2025-09-25 17:21:33,unknown_backfilled,5.0,experiment_log2025-09-25_17-21-27.log,,
ea08396d,sample_workflow_v2,False,2025-09-25 17:22:01,2025-09-25 17:24:22,unknown_backfilled,141.0,experiment_log2025-09-25_17-22-01.log,,
274fa45f,sample_workflow_v2,False,2025-09-25 17:34:52,2025-09-25 17:35:44,unknown_backfilled,52.0,experiment_log2025-09-25_17-34-51.log,,
9d105f35,sample_workflow_v2,False,2025-09-25 17:36:43,2025-09-25 17:37:34,unknown_backfilled,51.0,experiment_log2025-09-25_17-36-42.log,,
33f00104,unknown,False,2025-09-26 11:30:41,2025-09-26 11:32:07,unknown_backfilled,86.0,experiment_log2025-09-26_11-30-40.log,,
643639af,unknown,False,2025-09-26 11:32:44,2025-09-26 11:34:40,unknown_backfilled,116.0,experiment_log2025-09-26_11-32-43.log,,
057eb551,unknown,False,2025-09-26 11:35:12,2025-09-26 11:36:49,unknown_backfilled,97.0,experiment_log2025-09-26_11-35-12.log,,
0172298e,unknown,False,2025-09-26 11:37:35,2025-09-26 11:38:34,unknown_backfilled,59.0,experiment_log2025-09-26_11-37-35.log,,
ac24b814,unknown,False,2025-09-26 11:50:09,2025-09-26 11:51:37,unknown_backfilled,88.0,experiment_log2025-09-26_11-50-08.log,,
f3264310,unknown,False,2025-09-26 11:52:59,2025-09-26 11:54:42,unknown_backfilled,103.0,experiment_log2025-09-26_11-52-58.log,,
231c6945,sample_workflow_v2,False,2025-09-26 12:00:03,2025-09-26 12:00:04,unknown_backfilled,1.0,experiment_log2025-09-26_12-00-03.log,,
dea4d9ff,unknown,False,2025-09-26 12:00:23,2025-09-26 12:00:47,unknown_backfilled,24.0,experiment_log2025-09-26_12-00-22.log,,
5070bb0e,unknown,False,2025-09-26 12:01:08,2025-09-26 12:01:26,unknown_backfilled,18.0,experiment_log2025-09-26_12-01-08.log,,
9c3b7cb3,unknown,False,2025-09-26 12:02:13,2025-09-26 12:02:28,unknown_backfilled,15.0,experiment_log2025-09-26_12-02-12.log,,
6ecff8ac,unknown,False,2025-09-26 12:02:50,2025-09-26 12:03:22,unknown_backfilled,32.0,experiment_log2025-09-26_12-02-50.log,,
e5aa710d,unknown,False,2025-09-26 12:03:58,2025-09-26 12:04:10,unknown_backfilled,12.0,experiment_log2025-09-26_12-03-57.log,,
429e1136,unknown,False,2025-09-26 12:06:36,2025-09-26 12:06:41,unknown_backfilled,5.0,experiment_log2025-09-26_12-06-35.log,,
011f5f87,unknown,False,2025-09-26 12:06:52,2025-09-26 12:07:14,unknown_backfilled,22.0,experiment_log2025-09-26_12-06-52.log,,
96d51906,unknown,False,2025-09-26 12:09:02,2025-09-26 12:09:12,unknown_backfilled,10.0,experiment_log2025-09-26_12-09-01.log,,
35be3dbe,unknown,False,2025-09-26 12:09:18,2025-09-26 12:09:28,unknown_backfilled,10.0,experiment_log2025-09-26_12-09-17.log,,
fb212792,unknown,False,2025-09-26 12:10:19,2025-09-26 12:10:25,unknown_backfilled,6.0,experiment_log2025-09-26_12-10-19.log,,
f47b5e8f,unknown,False,2025-09-26 12:11:08,2025-09-26 12:11:13,unknown_backfilled,5.0,experiment_log2025-09-26_12-11-08.log,,
a72754c2,unknown,False,2025-09-26 12:11:41,2025-09-26 12:11:51,unknown_backfilled,10.0,experiment_log2025-09-26_12-11-41.log,,
55f666d2,unknown,False,2025-09-26 12:13:42,2025-09-26 12:13:43,unknown_backfilled,1.0,experiment_log2025-09-26_12-13-41.log,,
b3005cec,unknown,False,2025-09-26 12:14:25,2025-09-26 12:16:51,unknown_backfilled,146.0,experiment_log2025-09-26_12-14-25.log,,
d02d1fb7,unknown,False,2025-09-26 12:17:46,2025-09-26 12:20:06,unknown_backfilled,140.0,experiment_log2025-09-26_12-17-45.log,,
411980d1,unknown,False,2025-09-26 12:21:13,2025-09-26 12:23:37,unknown_backfilled,144.0,experiment_log2025-09-26_12-21-12.log,,
e27f59d6,sample_workflow_v2,False,2025-09-26 12:24:57,2025-09-26 12:24:58,unknown_backfilled,1.0,experiment_log2025-09-26_12-24-57.log,,
698b3e6a,sample_workflow_v2,False,2025-09-26 12:28:03,2025-09-26 12:28:04,unknown_backfilled,1.0,experiment_log2025-09-26_12-28-03.log,,
7e07ce73,sample_workflow_v2,False,2025-09-26 12:29:37,2025-09-26 12:31:01,unknown_backfilled,84.0,experiment_log2025-09-26_12-29-37.log,,
c6f572b9,sample_workflow_v2,False,2025-09-26 12:33:47,2025-09-26 12:35:09,unknown_backfilled,82.0,experiment_log2025-09-26_12-33-46.log,,
06c96164,sample_workflow_v2,False,2025-09-26 12:35:24,2025-09-26 12:35:47,unknown_backfilled,23.0,experiment_log2025-09-26_12-35-23.log,,
22515ff2,sample_workflow_v2,False,2025-09-26 12:37:42,2025-09-26 12:38:15,unknown_backfilled,33.0,experiment_log2025-09-26_12-37-42.log,,
4c17dbdc,sample_workflow_v2,False,2025-09-26 16:48:23,2025-09-26 16:48:30,unknown_backfilled,7.0,experiment_log2025-09-26_16-48-22.log,,
4a58a121,sample_workflow_v2,False,2025-09-26 16:50:10,2025-09-26 16:51:26,unknown_backfilled,76.0,experiment_log2025-09-26_16-50-09.log,,
265eebdf,sample_workflow_v2,False,2025-09-26 16:51:42,2025-09-26 16:52:41,unknown_backfilled,59.0,experiment_log2025-09-26_16-51-42.log,,
b0fb7503,sample_workflow_v2,False,2025-09-26 16:53:27,2025-09-26 16:53:53,unknown_backfilled,26.0,experiment_log2025-09-26_16-53-26.log,,
43fcedd2,sample_workflow_v2,False,2025-09-26 16:58:45,2025-09-26 16:59:44,unknown_backfilled,59.0,experiment_log2025-09-26_16-58-44.log,,
107d141c,sample_workflow_v2,False,2025-09-26 17:04:05,2025-09-26 17:04:21,unknown_backfilled,16.0,experiment_log2025-09-26_17-04-05.log,,
02bae736,sample_workflow_v2,False,2025-09-26 17:11:47,2025-09-26 17:12:37,unknown_backfilled,50.0,experiment_log2025-09-26_17-11-47.log,,
44a645d0,sample_workflow_v2,False,2025-09-26 17:13:27,2025-09-26 17:14:17,unknown_backfilled,50.0,experiment_log2025-09-26_17-13-26.log,,
abfe3645,unknown,False,2025-09-26 17:15:03,2025-09-26 17:15:20,unknown_backfilled,17.0,experiment_log2025-09-26_17-15-03.log,,
7a74e076,unknown,False,2025-09-26 17:16:57,2025-09-26 17:17:11,unknown_backfilled,14.0,experiment_log2025-09-26_17-16-57.log,,
8b9836cb,unknown,False,2025-09-26 17:17:21,2025-09-26 17:17:42,unknown_backfilled,21.0,experiment_log2025-09-26_17-17-20.log,,
3669eb1f,sample_workflow_v2,False,2025-09-26 17:18:58,2025-09-26 17:19:16,unknown_backfilled,18.0,experiment_log2025-09-26_17-18-57.log,,
ed9c0508,unknown,False,2025-09-26 17:21:49,2025-09-26 17:23:18,unknown_backfilled,89.0,experiment_log2025-09-26_17-21-49.log,,
2734eaf6,unknown,False,2025-09-26 17:23:41,2025-09-26 17:23:48,unknown_backfilled,7.0,experiment_log2025-09-26_17-23-40.log,,
c352c345,unknown,False,2025-09-26 17:24:46,2025-09-26 17:24:56,unknown_backfilled,10.0,experiment_log2025-09-26_17-24-45.log,,
e8e45d20,unknown,False,2025-09-26 17:25:28,2025-09-26 17:25:46,unknown_backfilled,18.0,experiment_log2025-09-26_17-25-28.log,,
3040a7b0,unknown,False,2025-09-26 17:25:59,2025-09-26 17:26:18,unknown_backfilled,19.0,experiment_log2025-09-26_17-25-59.log,,
d4e3fc86,unknown,False,2025-09-26 17:26:47,2025-09-26 17:26:58,unknown_backfilled,11.0,experiment_log2025-09-26_17-26-46.log,,
ab76917c,unknown,False,2025-09-26 17:29:43,2025-09-26 17:33:16,unknown_backfilled,213.0,experiment_log2025-09-26_17-29-43.log,,
b2cea086,sample_workflow_v2,False,2025-09-26 17:37:58,2025-09-26 17:38:21,unknown_backfilled,23.0,experiment_log2025-09-26_17-37-58.log,,
4f4db285,sample_workflow_v2,False,2025-09-26 17:40:28,2025-09-26 17:41:03,unknown_backfilled,35.0,experiment_log2025-09-26_17-40-28.log,,
c53e93c3,sample_workflow_v2,False,2025-09-26 17:42:21,2025-09-26 17:42:41,unknown_backfilled,20.0,experiment_log2025-09-26_17-42-20.log,,
43c15919,sample_workflow_v2,False,2025-09-26 17:44:35,2025-09-26 17:46:38,unknown_backfilled,123.0,experiment_log2025-09-26_17-44-35.log,,
f022e392,unknown,False,2025-09-29 11:28:13,2025-09-29 11:29:17,unknown_backfilled,64.0,experiment_log2025-09-29_11-28-12.log,,
c9fd95a8,unknown,False,2025-09-29 11:29:46,2025-09-29 11:29:50,unknown_backfilled,4.0,experiment_log2025-09-29_11-29-46.log,,
bace12aa,unknown,False,2025-09-29 11:30:15,2025-09-29 13:46:39,unknown_backfilled,8184.0,experiment_log2025-09-29_11-30-14.log,,
ec65be43,unknown,False,2025-09-29 14:09:12,2025-09-29 15:57:45,unknown_backfilled,6513.0,experiment_log2025-09-29_14-09-11.log,,
47fdecbc,unknown,False,2025-09-29 16:22:13,2025-09-29 18:26:26,unknown_backfilled,7453.0,experiment_log2025-09-29_16-22-13.log,,
1d149475,unknown,False,2025-09-30 10:35:54,2025-09-30 10:35:55,unknown_backfilled,1.0,experiment_log2025-09-30_10-35-54.log,,
c2b9ffe3,unknown,False,2025-09-30 10:36:10,2025-09-30 10:36:53,unknown_backfilled,43.0,experiment_log2025-09-30_10-36-09.log,,
7ccae469,unknown,False,2025-09-30 11:12:52,2025-09-30 14:07:27,unknown_backfilled,10475.0,experiment_log2025-09-30_11-12-52.log,,
0c2d5710,unknown,False,2025-09-30 16:05:44,2025-09-30 16:06:41,unknown_backfilled,57.0,experiment_log2025-09-30_16-05-43.log,,
d7d46fec,unknown,False,2025-09-30 16:08:08,2025-09-30 16:08:13,unknown_backfilled,5.0,experiment_log2025-09-30_16-08-07.log,,
6b38f60a,unknown,False,2025-09-30 16:09:24,2025-09-30 16:11:03,unknown_backfilled,99.0,experiment_log2025-09-30_16-09-24.log,,
da275f0f,unknown,False,2025-09-30 16:18:49,2025-09-30 16:20:17,unknown_backfilled,88.0,experiment_log2025-09-30_16-18-49.log,,
71b074e4,unknown,False,2025-09-30 16:21:58,2025-09-30 16:22:54,unknown_backfilled,56.0,experiment_log2025-09-30_16-21-58.log,,
71d8ad1e,unknown,False,2025-09-30 16:23:55,2025-09-30 16:23:56,unknown_backfilled,1.0,experiment_log2025-09-30_16-23-54.log,,
3ddb1fd0,unknown,False,2025-09-30 16:24:35,2025-09-30 16:24:55,unknown_backfilled,20.0,experiment_log2025-09-30_16-24-34.log,,
50ced249,unknown,False,2025-09-30 16:28:53,2025-09-30 16:29:09,unknown_backfilled,16.0,experiment_log2025-09-30_16-28-53.log,,
db81c60f,unknown,False,2025-09-30 16:33:08,2025-09-30 16:33:26,unknown_backfilled,18.0,experiment_log2025-09-30_16-33-08.log,,
f5b8e5f6,unknown,False,2025-09-30 16:35:59,2025-09-30 16:36:19,unknown_backfilled,20.0,experiment_log2025-09-30_16-35-58.log,,
d1490720,unknown,False,2025-09-30 16:42:44,2025-09-30 16:45:23,unknown_backfilled,159.0,experiment_log2025-09-30_16-42-43.log,,
ca1fd14c,unknown,False,2025-09-30 16:45:38,2025-09-30 16:46:03,unknown_backfilled,25.0,experiment_log2025-09-30_16-45-37.log,,
85fa8d81,unknown,False,2025-09-30 16:47:54,2025-09-30 16:47:57,unknown_backfilled,3.0,experiment_log2025-09-30_16-47-53.log,,
b62afaef,unknown,False,2025-09-30 16:48:20,2025-09-30 16:48:39,unknown_backfilled,19.0,experiment_log2025-09-30_16-48-19.log,,
d52f7a46,unknown,False,2025-09-30 16:50:04,2025-09-30 16:51:38,unknown_backfilled,94.0,experiment_log2025-09-30_16-50-04.log,,
0b1397ac,unknown,False,2025-09-30 16:54:18,2025-09-30 16:54:45,unknown_backfilled,27.0,experiment_log2025-09-30_16-54-17.log,,
9dafde1e,unknown,False,2025-09-30 16:54:59,2025-09-30 16:54:59,unknown_backfilled,0.0,experiment_log2025-09-30_16-54-58.log,,
d054f637,unknown,False,2025-09-30 16:55:09,2025-09-30 16:55:09,unknown_backfilled,0.0,experiment_log2025-09-30_16-55-08.log,,
5bfe69cf,unknown,False,2025-09-30 16:55:56,2025-09-30 16:57:09,unknown_backfilled,73.0,experiment_log2025-09-30_16-55-55.log,,
e88c404d,unknown,False,2025-09-30 17:26:12,2025-09-30 17:30:06,unknown_backfilled,234.0,experiment_log2025-09-30_17-26-11.log,,
f23de392,unknown,False,2025-09-30 17:31:09,2025-09-30 17:31:13,unknown_backfilled,4.0,experiment_log2025-09-30_17-31-08.log,,
7142d0cd,unknown,False,2025-09-30 17:34:05,2025-09-30 18:00:21,unknown_backfilled,1576.0,experiment_log2025-09-30_17-34-04.log,,
20d4f385,unknown,False,2025-09-30 18:05:59,2025-09-30 18:06:06,unknown_backfilled,7.0,experiment_log2025-09-30_18-05-59.log,,
45bb4bfa,unknown,False,2025-09-30 18:06:46,2025-09-30 18:06:47,unknown_backfilled,1.0,experiment_log2025-09-30_18-06-45.log,,
0a349dd4,unknown,False,2025-09-30 18:07:01,2025-09-30 18:07:03,unknown_backfilled,2.0,experiment_log2025-09-30_18-07-01.log,,
482a9ca6,unknown,False,2025-09-30 18:07:30,2025-09-30 18:12:26,unknown_backfilled,296.0,experiment_log2025-09-30_18-07-29.log,,
fd1ac406,unknown,False,2025-09-30 18:12:49,2025-09-30 18:13:00,unknown_backfilled,11.0,experiment_log2025-09-30_18-12-48.log,,
49cf64d0,unknown,False,2025-09-30 18:13:17,2025-09-30 18:13:25,unknown_backfilled,8.0,experiment_log2025-09-30_18-13-16.log,,
c5dbc020,unknown,False,2025-09-30 18:14:14,2025-09-30 21:04:50,unknown_backfilled,10236.0,experiment_log2025-09-30_18-14-13.log,,
2f0df8a1,unknown,False,2025-10-01 11:02:23,2025-10-01 11:02:27,unknown_backfilled,4.0,experiment_log2025-10-01_11-02-22.log,,
473aae31,unknown,False,2025-10-06 11:35:34,2025-10-06 13:12:46,unknown_backfilled,5832.0,experiment_log2025-10-06_11-35-33.log,,
bf9b3b28,unknown,False,2025-10-06 13:51:04,2025-10-06 15:35:19,unknown_backfilled,6255.0,experiment_log2025-10-06_13-51-03.log,,
dbc5c060,unknown,False,2025-10-06 15:50:02,2025-10-06 15:50:07,unknown_backfilled,5.0,experiment_log2025-10-06_15-50-02.log,,
42df4a6e,unknown,False,2025-10-07 10:44:36,2025-10-07 10:57:45,unknown_backfilled,789.0,experiment_log2025-10-07_10-44-35.log,,
53101865,unknown,False,2025-10-07 11:03:47,2025-10-07 11:16:52,unknown_backfilled,785.0,experiment_log2025-10-07_11-03-47.log,,
e097de01,unknown,False,2025-10-07 11:35:54,2025-10-07 12:02:50,unknown_backfilled,1616.0,experiment_log2025-10-07_11-35-53.log,,
7e6da50c,unknown,False,2025-10-07 12:13:39,2025-10-07 12:23:56,unknown_backfilled,617.0,experiment_log2025-10-07_12-13-39.log,,
ddeec932,unknown,False,2025-10-07 12:25:10,2025-10-07 13:04:50,unknown_backfilled,2380.0,experiment_log2025-10-07_12-25-10.log,,
02061165,unknown,False,2025-10-07 13:43:47,2025-10-07 14:22:45,unknown_backfilled,2338.0,experiment_log2025-10-07_13-43-46.log,,
920e5e70,unknown,False,2025-10-07 15:10:48,2025-10-07 15:46:02,unknown_backfilled,2114.0,experiment_log2025-10-07_15-10-48.log,,
27af06f8,unknown,False,2025-10-07 16:08:54,2025-10-07 17:08:34,unknown_backfilled,3580.0,experiment_log2025-10-07_16-08-54.log,,
bd296912,unknown,False,2025-10-07 17:34:58,2025-10-07 17:35:05,unknown_backfilled,7.0,experiment_log2025-10-07_17-34-58.log,,
9f2f88bd,unknown,False,2025-10-08 10:49:26,2025-10-08 11:07:10,unknown_backfilled,1064.0,experiment_log2025-10-08_10-49-25.log,,
3a4facc7,unknown,False,2025-10-08 11:44:10,2025-10-08 11:45:10,unknown_backfilled,60.0,experiment_log2025-10-08_11-43-37.log,,
dba6c82c,unknown,False,2025-10-08 11:47:20,2025-10-08 11:48:23,unknown_backfilled,63.0,experiment_log2025-10-08_11-47-20.log,,
ed329b9f,unknown,False,2025-10-08 11:49:24,2025-10-08 11:50:13,unknown_backfilled,49.0,experiment_log2025-10-08_11-49-23.log,,
65c51279,unknown,False,2025-10-08 12:02:49,2025-10-08 13:07:27,unknown_backfilled,3878.0,experiment_log2025-10-08_12-02-49.log,,
113d6e38,unknown,False,2025-10-08 13:32:23,2025-10-08 14:34:48,unknown_backfilled,3745.0,experiment_log2025-10-08_13-32-23.log,,
9416e6c0,unknown,False,2025-10-08 14:56:05,2025-10-08 15:45:59,unknown_backfilled,2994.0,experiment_log2025-10-08_14-56-05.log,,
d3bb8f4c,unknown,False,2025-10-08 16:23:01,2025-10-08 18:08:35,unknown_backfilled,6334.0,experiment_log2025-10-08_16-23-00.log,,
96332749,sample_workflow_v2,False,2025-10-09 10:27:31,2025-10-09 10:27:31,unknown_backfilled,0.0,experiment_log2025-10-09_10-27-30.log,,
4ca1853b,sample_workflow_v2,False,2025-10-09 10:28:00,2025-10-09 10:28:00,unknown_backfilled,0.0,experiment_log2025-10-09_10-27-59.log,,
f881002e,sample_workflow_v2,False,2025-10-09 10:28:19,2025-10-09 10:29:56,unknown_backfilled,97.0,experiment_log2025-10-09_10-28-18.log,,
5f9b0eba,sample_workflow_v2,False,2025-10-09 10:29:59,2025-10-09 10:31:05,unknown_backfilled,66.0,experiment_log2025-10-09_10-29-59.log,,
3408e289,Degradation_serena,False,2025-10-09 10:31:26,2025-10-09 10:34:17,unknown_backfilled,171.0,experiment_log2025-10-09_10-31-25.log,,
9adc1ed3,Degradation_serena,False,2025-10-09 10:45:07,2025-10-09 10:45:07,unknown_backfilled,0.0,experiment_log2025-10-09_10-45-06.log,,
d32cc469,Degradation_serena,False,2025-10-09 10:45:23,2025-10-09 10:47:54,unknown_backfilled,151.0,experiment_log2025-10-09_10-45-22.log,,
ad5ace59,Degradation_serena,False,2025-10-09 10:50:07,2025-10-09 10:59:22,unknown_backfilled,555.0,experiment_log2025-10-09_10-50-06.log,,
04d3c622,Degradation_serena,False,2025-10-09 13:14:35,2025-10-09 13:17:09,unknown_backfilled,154.0,experiment_log2025-10-09_13-14-34.log,,
fd16c075,Degradation_serena,False,2025-10-09 13:31:48,2025-10-09 13:37:00,unknown_backfilled,312.0,experiment_log2025-10-09_13-31-48.log,,
bf36391d,unknown,False,2025-10-09 13:46:37,2025-10-09 13:46:43,unknown_backfilled,6.0,experiment_log2025-10-09_13-46-36.log,,
ecf87b7a,Degradation_serena,False,2025-10-09 14:26:08,2025-10-09 15:10:14,unknown_backfilled,2646.0,experiment_log2025-10-09_14-26-07.log,,
30f690be,unknown,False,2025-10-09 15:10:33,2025-10-09 15:18:40,unknown_backfilled,487.0,experiment_log2025-10-09_15-10-32.log,,
10ae106f,unknown,False,2025-10-09 15:30:39,2025-10-09 15:34:31,unknown_backfilled,232.0,experiment_log2025-10-09_15-30-39.log,,
a786c786,unknown,False,2025-10-09 15:34:33,2025-10-09 15:34:34,unknown_backfilled,1.0,experiment_log2025-10-09_15-34-32.log,,
9f2abea4,unknown,False,2025-10-09 15:35:42,2025-10-09 15:35:43,unknown_backfilled,1.0,experiment_log2025-10-09_15-35-41.log,,
dbc128c3,Degradation_serena,False,2025-10-09 16:26:07,2025-10-09 17:00:07,unknown_backfilled,2040.0,experiment_log2025-10-09_16-26-07.log,,
a23fbd47,unknown,False,2025-10-09 17:00:28,2025-10-09 17:00:31,unknown_backfilled,3.0,experiment_log2025-10-09_17-00-27.log,,
d4a1f320,unknown,False,2025-10-10 12:16:08,2025-10-10 12:17:16,unknown_backfilled,68.0,experiment_log2025-10-10_12-16-08.log,,
74d4f87a,unknown,False,2025-10-10 12:19:16,2025-10-10 12:23:52,unknown_backfilled,276.0,experiment_log2025-10-10_12-19-16.log,,
2758d01e,unknown,False,2025-10-10 12:34:07,2025-10-10 12:34:15,unknown_backfilled,8.0,experiment_log2025-10-10_12-34-06.log,,
db6808b9,unknown,False,2025-10-10 12:35:56,2025-10-10 12:43:31,unknown_backfilled,455.0,experiment_log2025-10-10_12-35-56.log,,
5a4da40e,unknown,False,2025-10-10 12:45:21,2025-10-10 12:53:46,unknown_backfilled,505.0,experiment_log2025-10-10_12-45-20.log,,
120529c0,unknown,False,2025-10-10 12:58:19,2025-10-10 12:59:27,unknown_backfilled,68.0,experiment_log2025-10-10_12-58-19.log,,
d988609c,unknown,False,2025-10-10 12:59:52,2025-10-10 13:00:29,unknown_backfilled,37.0,experiment_log2025-10-10_12-59-52.log,,
a5b7daf1,unknown,False,2025-10-10 13:00:40,2025-10-10 13:00:45,unknown_backfilled,5.0,experiment_log2025-10-10_13-00-39.log,,
748f5bb3,unknown,False,2025-10-10 13:04:25,2025-10-10 13:04:52,unknown_backfilled,27.0,experiment_log2025-10-10_13-04-24.log,,
f542343b,unknown,False,2025-10-10 13:05:08,2025-10-10 13:06:38,unknown_backfilled,90.0,experiment_log2025-10-10_13-05-07.log,,
3e8f42c1,unknown,False,2025-10-10 13:07:19,2025-10-10 13:24:03,unknown_backfilled,1004.0,experiment_log2025-10-10_13-07-18.log,,
a29c71a9,unknown,False,2025-10-10 14:26:01,2025-10-10 14:26:02,unknown_backfilled,1.0,experiment_log2025-10-10_14-26-00.log,,
6c1fec91,unknown,False,2025-10-10 14:27:59,2025-10-10 15:23:32,unknown_backfilled,3333.0,experiment_log2025-10-10_14-27-59.log,,
721ddc01,unknown,False,2025-10-10 16:23:45,2025-10-10 16:23:47,unknown_backfilled,2.0,experiment_log2025-10-10_16-23-45.log,,
c2f23c8b,unknown,False,2025-10-10 16:25:12,2025-10-10 17:01:16,unknown_backfilled,2164.0,experiment_log2025-10-10_16-25-12.log,,
02d533c1,unknown,False,2025-10-10 17:02:24,2025-10-10 17:02:25,unknown_backfilled,1.0,experiment_log2025-10-10_17-02-23.log,,
a60b45ec,unknown,False,2025-10-10 17:03:05,2025-10-10 17:03:17,unknown_backfilled,12.0,experiment_log2025-10-10_17-03-04.log,,
52b4c00a,unknown,False,2025-10-14 11:05:23,2025-10-14 11:18:46,unknown_backfilled,803.0,experiment_log2025-10-14_11-05-23.log,,
b0778209,unknown,False,2025-10-14 12:25:26,2025-10-14 13:09:45,unknown_backfilled,2659.0,experiment_log2025-10-14_12-25-26.log,,
7868685b,unknown,False,2025-10-14 13:29:35,2025-10-14 13:29:36,unknown_backfilled,1.0,experiment_log2025-10-14_13-29-34.log,,
b54ad0fa,unknown,False,2025-10-14 13:34:55,2025-10-14 13:54:36,unknown_backfilled,1181.0,experiment_log2025-10-14_13-34-54.log,,
d13b7d09,unknown,False,2025-10-14 14:15:51,2025-10-14 14:15:53,unknown_backfilled,2.0,experiment_log2025-10-14_14-15-51.log,,
d15cf650,unknown,False,2025-10-14 14:18:49,2025-10-14 15:15:56,unknown_backfilled,3427.0,experiment_log2025-10-14_14-18-48.log,,
8c863c48,unknown,False,2025-10-14 16:31:10,2025-10-14 17:24:37,unknown_backfilled,3207.0,experiment_log2025-10-14_16-31-09.log,,
442d2c87,unknown,False,2025-10-15 10:40:59,2025-10-15 10:41:45,unknown_backfilled,46.0,experiment_log2025-10-15_10-40-59.log,,
d892a7df,unknown,False,2025-10-15 10:42:01,2025-10-15 11:04:17,unknown_backfilled,1336.0,experiment_log2025-10-15_10-42-00.log,,
15de9db8,unknown,False,2025-10-15 12:08:32,2025-10-15 12:08:34,unknown_backfilled,2.0,experiment_log2025-10-15_12-08-32.log,,
d0585486,unknown,False,2025-10-15 12:11:39,2025-10-15 12:25:37,unknown_backfilled,838.0,experiment_log2025-10-15_12-11-39.log,,
2b9e7dfa,unknown,False,2025-10-15 12:46:57,2025-10-15 12:46:59,unknown_backfilled,2.0,experiment_log2025-10-15_12-46-57.log,,
ca7038c3,unknown,False,2025-10-15 12:47:20,2025-10-15 13:33:30,unknown_backfilled,2770.0,experiment_log2025-10-15_12-47-20.log,,
72e1c74d,unknown,False,2025-10-15 14:06:36,2025-10-15 14:37:03,unknown_backfilled,1827.0,experiment_log2025-10-15_14-06-36.log,,
047551ec,unknown,False,2025-10-15 16:54:30,2025-10-15 18:00:40,unknown_backfilled,3970.0,experiment_log2025-10-15_16-54-30.log,,
081b173d,unknown,False,2025-10-16 12:03:12,2025-10-16 12:06:41,unknown_backfilled,209.0,experiment_log2025-10-16_12-03-11.log,,
12909ba9,unknown,False,2025-10-16 16:08:38,2025-10-16 16:09:03,unknown_backfilled,25.0,experiment_log2025-10-16_16-08-38.log,,
65e727d0,unknown,False,2025-10-16 16:09:36,2025-10-16 16:10:02,unknown_backfilled,26.0,experiment_log2025-10-16_16-09-35.log,,
2b47e280,unknown,False,2025-10-16 16:10:49,2025-10-16 16:11:17,unknown_backfilled,28.0,experiment_log2025-10-16_16-10-49.log,,
6e37d0c0,unknown,False,2025-10-16 16:12:20,2025-10-16 16:12:44,unknown_backfilled,24.0,experiment_log2025-10-16_16-12-20.log,,
34a62a48,unknown,False,2025-10-16 16:13:20,2025-10-16 16:13:53,unknown_backfilled,33.0,experiment_log2025-10-16_16-13-19.log,,
b0a8855e,unknown,False,2025-10-16 16:20:23,2025-10-16 16:20:49,unknown_backfilled,26.0,experiment_log2025-10-16_16-20-23.log,,
8091d1d1,unknown,False,2025-10-16 16:24:23,2025-10-16 16:24:46,unknown_backfilled,23.0,experiment_log2025-10-16_16-24-23.log,,
1558e325,unknown,False,2025-10-16 16:27:36,2025-10-16 16:28:18,unknown_backfilled,42.0,experiment_log2025-10-16_16-27-36.log,,
1fcc79d0,unknown,False,2025-10-16 16:37:28,2025-10-16 16:37:38,unknown_backfilled,10.0,experiment_log2025-10-16_16-37-27.log,,
174837f4,unknown,False,2025-10-16 16:38:44,2025-10-16 16:38:51,unknown_backfilled,7.0,experiment_log2025-10-16_16-38-44.log,,
2682cb93,unknown,False,2025-10-16 16:40:16,2025-10-16 16:40:22,unknown_backfilled,6.0,experiment_log2025-10-16_16-40-15.log,,
1e0527e9,unknown,False,2025-10-16 16:40:37,2025-10-16 16:40:43,unknown_backfilled,6.0,experiment_log2025-10-16_16-40-36.log,,
ab7ecf6b,unknown,False,2025-10-16 16:40:47,2025-10-16 16:40:53,unknown_backfilled,6.0,experiment_log2025-10-16_16-40-46.log,,
f44f2822,unknown,False,2025-10-16 16:46:54,2025-10-16 16:46:54,unknown_backfilled,0.0,experiment_log2025-10-16_16-46-53.log,,
4cf27432,unknown,False,2025-10-16 16:47:20,2025-10-16 16:47:54,unknown_backfilled,34.0,experiment_log2025-10-16_16-47-20.log,,
829b5022,unknown,False,2025-10-16 16:49:04,2025-10-16 16:50:31,unknown_backfilled,87.0,experiment_log2025-10-16_16-49-04.log,,
7bad5255,unknown,False,2025-10-16 16:54:32,2025-10-16 16:54:39,unknown_backfilled,7.0,experiment_log2025-10-16_16-54-32.log,,
659aba13,unknown,False,2025-10-16 16:55:18,2025-10-16 16:55:24,unknown_backfilled,6.0,experiment_log2025-10-16_16-55-17.log,,
1405d163,unknown,False,2025-10-16 16:56:24,2025-10-16 16:56:30,unknown_backfilled,6.0,experiment_log2025-10-16_16-56-23.log,,
6c0ad325,unknown,False,2025-10-16 16:56:49,2025-10-16 16:56:55,unknown_backfilled,6.0,experiment_log2025-10-16_16-56-48.log,,
faf2a906,unknown,False,2025-10-16 16:57:42,2025-10-16 16:57:49,unknown_backfilled,7.0,experiment_log2025-10-16_16-57-42.log,,
f78fb9d6,unknown,False,2025-10-16 16:58:48,2025-10-16 17:00:07,unknown_backfilled,79.0,experiment_log2025-10-16_16-58-48.log,,
140aac12,unknown,False,2025-10-16 17:00:30,2025-10-16 17:00:44,unknown_backfilled,14.0,experiment_log2025-10-16_17-00-29.log,,
d1dd7a67,unknown,False,2025-10-20 14:30:53,2025-10-20 14:32:40,unknown_backfilled,107.0,experiment_log2025-10-20_14-30-53.log,,
36653587,unknown,False,2025-10-20 14:46:02,2025-10-20 14:46:19,unknown_backfilled,17.0,experiment_log2025-10-20_14-46-02.log,,
e9eb9b67,unknown,False,2025-10-20 18:19:32,2025-10-20 18:19:38,unknown_backfilled,6.0,experiment_log2025-10-20_18-19-31.log,,
5087b3d3,unknown,False,2025-10-21 10:47:07,2025-10-21 11:02:06,unknown_backfilled,899.0,experiment_log2025-10-21_10-47-07.log,,
89cb65f9,unknown,False,2025-10-21 11:41:59,2025-10-21 12:33:45,unknown_backfilled,3106.0,experiment_log2025-10-21_11-41-59.log,,
3ec91206,sample_workflow_v2,False,2025-10-21 13:23:20,2025-10-21 13:23:56,unknown_backfilled,36.0,experiment_log2025-10-21_13-23-20.log,,
bd99ae0e,sample_workflow_v2,False,2025-10-21 13:24:08,2025-10-21 13:24:19,unknown_backfilled,11.0,experiment_log2025-10-21_13-24-08.log,,
06ba8839,sample_workflow_v2,False,2025-10-21 13:29:30,2025-10-21 13:29:43,unknown_backfilled,13.0,experiment_log2025-10-21_13-29-30.log,,
7a5bc989,sample_workflow_v2,False,2025-10-21 13:30:08,2025-10-21 13:30:26,unknown_backfilled,18.0,experiment_log2025-10-21_13-30-08.log,,
a86387ff,sample_workflow_v2,False,2025-10-21 13:30:35,2025-10-21 13:30:53,unknown_backfilled,18.0,experiment_log2025-10-21_13-30-34.log,,
122ba29c,sample_workflow_v2,False,2025-10-21 13:30:59,2025-10-21 13:31:17,unknown_backfilled,18.0,experiment_log2025-10-21_13-30-58.log,,
de78792a,sample_workflow_v2,False,2025-10-21 13:32:01,2025-10-21 13:33:40,unknown_backfilled,99.0,experiment_log2025-10-21_13-32-01.log,,
f855e3d5,sample_workflow_v2,False,2025-10-21 13:36:21,2025-10-21 13:38:00,unknown_backfilled,99.0,experiment_log2025-10-21_13-36-20.log,,
83487616,sample_workflow_v2,False,2025-10-21 13:38:49,2025-10-21 13:40:33,unknown_backfilled,104.0,experiment_log2025-10-21_13-38-49.log,,
653c35dd,sample_workflow_v2,False,2025-10-21 13:40:41,2025-10-21 13:41:21,unknown_backfilled,40.0,experiment_log2025-10-21_13-40-40.log,,
2c78b6d9,sample_workflow_v2,False,2025-10-21 13:41:34,2025-10-21 13:41:51,unknown_backfilled,17.0,experiment_log2025-10-21_13-41-34.log,,
532152c5,sample_workflow_v2,False,2025-10-21 13:42:12,2025-10-21 13:42:36,unknown_backfilled,24.0,experiment_log2025-10-21_13-42-12.log,,
ce8bbe8b,sample_workflow_v2,False,2025-10-21 13:43:46,2025-10-21 13:44:26,unknown_backfilled,40.0,experiment_log2025-10-21_13-43-45.log,,
da1463d6,sample_workflow_v2,False,2025-10-21 13:47:01,2025-10-21 13:47:42,unknown_backfilled,41.0,experiment_log2025-10-21_13-47-01.log,,
fb4fbe9c,sample_workflow_v2,False,2025-10-21 13:47:48,2025-10-21 13:48:28,unknown_backfilled,40.0,experiment_log2025-10-21_13-47-48.log,,
997a0e6b,unknown,False,2025-10-21 14:00:06,2025-10-21 14:00:14,unknown_backfilled,8.0,experiment_log2025-10-21_14-00-06.log,,
df1543f9,unknown,False,2025-10-21 14:02:07,2025-10-21 14:02:16,unknown_backfilled,9.0,experiment_log2025-10-21_14-02-06.log,,
723a401f,unknown,False,2025-10-21 14:03:02,2025-10-21 14:03:13,unknown_backfilled,11.0,experiment_log2025-10-21_14-03-02.log,,
04e0cb38,unknown,False,2025-10-21 14:04:46,2025-10-21 14:04:57,unknown_backfilled,11.0,experiment_log2025-10-21_14-04-45.log,,
cf7d9c81,unknown,False,2025-10-21 14:05:39,2025-10-21 14:05:50,unknown_backfilled,11.0,experiment_log2025-10-21_14-05-38.log,,
d3f61afa,unknown,False,2025-10-21 14:11:30,2025-10-21 14:11:52,unknown_backfilled,22.0,experiment_log2025-10-21_14-11-29.log,,
5d4392b9,unknown,False,2025-10-21 14:12:22,2025-10-21 14:12:23,unknown_backfilled,1.0,experiment_log2025-10-21_14-12-22.log,,
f913f1a1,unknown,False,2025-10-21 14:13:12,2025-10-21 14:14:19,unknown_backfilled,67.0,experiment_log2025-10-21_14-13-11.log,,
59d246ab,unknown,False,2025-10-21 14:16:55,2025-10-21 14:17:58,unknown_backfilled,63.0,experiment_log2025-10-21_14-16-54.log,,
ad6e341f,unknown,False,2025-10-21 14:18:20,2025-10-21 14:19:19,unknown_backfilled,59.0,experiment_log2025-10-21_14-18-20.log,,
f1815088,unknown,False,2025-10-21 14:23:45,2025-10-21 14:24:45,unknown_backfilled,60.0,experiment_log2025-10-21_14-23-44.log,,
6e1cd8a3,unknown,False,2025-10-21 14:25:42,2025-10-21 14:26:40,unknown_backfilled,58.0,experiment_log2025-10-21_14-25-42.log,,
63a28eef,unknown,False,2025-10-21 14:27:27,2025-10-21 14:28:25,unknown_backfilled,58.0,experiment_log2025-10-21_14-27-26.log,,
dc6c7ac0,unknown,False,2025-10-21 14:28:51,2025-10-21 14:29:11,unknown_backfilled,20.0,experiment_log2025-10-21_14-28-50.log,,
01003d9a,unknown,False,2025-10-21 14:30:59,2025-10-21 14:34:23,unknown_backfilled,204.0,experiment_log2025-10-21_14-30-59.log,,
2ac13b5b,unknown,False,2025-10-21 14:34:46,2025-10-21 14:38:02,unknown_backfilled,196.0,experiment_log2025-10-21_14-34-46.log,,
04e71dc8,unknown,False,2025-10-21 14:40:05,2025-10-21 14:40:22,unknown_backfilled,17.0,experiment_log2025-10-21_14-40-04.log,,
8cf59739,unknown,False,2025-10-21 14:41:38,2025-10-21 14:41:59,unknown_backfilled,21.0,experiment_log2025-10-21_14-41-37.log,,
246db796,unknown,False,2025-10-21 14:42:41,2025-10-21 14:43:03,unknown_backfilled,22.0,experiment_log2025-10-21_14-42-41.log,,
802f663e,unknown,False,2025-10-21 14:43:25,2025-10-21 14:43:47,unknown_backfilled,22.0,experiment_log2025-10-21_14-43-25.log,,
0c1ac5f1,unknown,False,2025-10-21 14:47:14,2025-10-21 14:47:36,unknown_backfilled,22.0,experiment_log2025-10-21_14-47-14.log,,
ca9ba06d,unknown,False,2025-10-21 14:47:55,2025-10-21 14:48:17,unknown_backfilled,22.0,experiment_log2025-10-21_14-47-54.log,,
09d00014,unknown,False,2025-10-21 14:48:36,2025-10-21 14:49:48,unknown_backfilled,72.0,experiment_log2025-10-21_14-48-36.log,,
3537976c,unknown,False,2025-10-21 14:50:43,2025-10-21 14:52:28,unknown_backfilled,105.0,experiment_log2025-10-21_14-50-42.log,,
e53b6ff5,unknown,False,2025-10-21 14:52:45,2025-10-21 14:54:14,unknown_backfilled,89.0,experiment_log2025-10-21_14-52-45.log,,
c720cd2b,unknown,False,2025-10-21 14:55:24,2025-10-21 14:56:37,unknown_backfilled,73.0,experiment_log2025-10-21_14-55-24.log,,
458d14b7,unknown,False,2025-10-21 14:56:46,2025-10-21 14:57:41,unknown_backfilled,55.0,experiment_log2025-10-21_14-56-45.log,,
59eebbce,unknown,False,2025-10-21 14:58:15,2025-10-21 14:59:26,unknown_backfilled,71.0,experiment_log2025-10-21_14-58-15.log,,
33bf7e29,unknown,False,2025-10-21 14:59:35,2025-10-21 15:02:23,unknown_backfilled,168.0,experiment_log2025-10-21_14-59-34.log,,
b93c3d1f,unknown,False,2025-10-21 15:03:56,2025-10-21 15:04:48,unknown_backfilled,52.0,experiment_log2025-10-21_15-03-55.log,,
e5f85d4e,unknown,False,2025-10-21 15:07:57,2025-10-21 15:08:19,unknown_backfilled,22.0,experiment_log2025-10-21_15-07-56.log,,
768c5132,unknown,False,2025-10-21 15:09:46,2025-10-21 15:10:07,unknown_backfilled,21.0,experiment_log2025-10-21_15-09-45.log,,
75d14914,unknown,False,2025-10-21 15:10:42,2025-10-21 15:11:02,unknown_backfilled,20.0,experiment_log2025-10-21_15-10-41.log,,
b4c1777a,unknown,False,2025-10-21 15:11:50,2025-10-21 15:11:56,unknown_backfilled,6.0,experiment_log2025-10-21_15-11-49.log,,
cdf69927,unknown,False,2025-10-21 15:16:35,2025-10-21 15:16:53,unknown_backfilled,18.0,experiment_log2025-10-21_15-16-35.log,,
8a7304a6,unknown,False,2025-10-21 15:17:08,2025-10-21 15:17:15,unknown_backfilled,7.0,experiment_log2025-10-21_15-17-07.log,,
3506be1a,unknown,False,2025-10-21 15:20:33,2025-10-21 15:20:51,unknown_backfilled,18.0,experiment_log2025-10-21_15-20-32.log,,
144dddc9,unknown,False,2025-10-21 15:21:30,2025-10-21 15:21:49,unknown_backfilled,19.0,experiment_log2025-10-21_15-21-30.log,,
25f5dad5,unknown,False,2025-10-21 15:22:28,2025-10-21 15:22:55,unknown_backfilled,27.0,experiment_log2025-10-21_15-22-28.log,,
27f7a30f,unknown,False,2025-10-21 15:23:36,2025-10-21 15:24:02,unknown_backfilled,26.0,experiment_log2025-10-21_15-23-35.log,,
6a829959,unknown,False,2025-10-21 15:24:41,2025-10-21 15:25:09,unknown_backfilled,28.0,experiment_log2025-10-21_15-24-40.log,,
5fd62252,unknown,False,2025-10-21 15:26:01,2025-10-21 15:26:23,unknown_backfilled,22.0,experiment_log2025-10-21_15-26-00.log,,
14e47aad,unknown,False,2025-10-21 15:28:35,2025-10-21 15:28:58,unknown_backfilled,23.0,experiment_log2025-10-21_15-28-34.log,,
4263f53e,unknown,False,2025-10-21 15:29:13,2025-10-21 15:29:36,unknown_backfilled,23.0,experiment_log2025-10-21_15-29-13.log,,
53a8b9a1,unknown,False,2025-10-21 15:30:07,2025-10-21 15:30:30,unknown_backfilled,23.0,experiment_log2025-10-21_15-30-06.log,,
6bf6e04b,unknown,False,2025-10-21 15:33:49,2025-10-21 15:34:13,unknown_backfilled,24.0,experiment_log2025-10-21_15-33-48.log,,
8df30cb4,unknown,False,2025-10-21 15:34:34,2025-10-21 15:35:06,unknown_backfilled,32.0,experiment_log2025-10-21_15-34-33.log,,
96e2d420,unknown,False,2025-10-21 15:35:45,2025-10-21 15:36:19,unknown_backfilled,34.0,experiment_log2025-10-21_15-35-45.log,,
2fc23fa3,unknown,False,2025-10-21 15:37:57,2025-10-21 15:38:37,unknown_backfilled,40.0,experiment_log2025-10-21_15-37-56.log,,
3ad2a4b0,unknown,False,2025-10-21 16:00:49,2025-10-21 16:01:26,unknown_backfilled,37.0,experiment_log2025-10-21_16-00-48.log,,
e553dc77,unknown,False,2025-10-21 16:01:37,2025-10-21 16:02:04,unknown_backfilled,27.0,experiment_log2025-10-21_16-01-37.log,,
c84ed823,unknown,False,2025-10-21 16:02:09,2025-10-21 16:04:15,unknown_backfilled,126.0,experiment_log2025-10-21_16-02-09.log,,
3a12be9d,unknown,False,2025-10-21 16:05:25,2025-10-21 16:07:22,unknown_backfilled,117.0,experiment_log2025-10-21_16-05-25.log,,
a83eadcd,unknown,False,2025-10-21 16:07:34,2025-10-21 16:08:07,unknown_backfilled,33.0,experiment_log2025-10-21_16-07-33.log,,
2bdda7f1,unknown,False,2025-10-21 16:08:13,2025-10-21 16:10:12,unknown_backfilled,119.0,experiment_log2025-10-21_16-08-13.log,,
9a8ddd69,unknown,False,2025-10-21 16:14:09,2025-10-21 16:16:43,unknown_backfilled,154.0,experiment_log2025-10-21_16-14-09.log,,
e4090b42,unknown,False,2025-10-21 16:18:00,2025-10-21 16:20:33,unknown_backfilled,153.0,experiment_log2025-10-21_16-18-00.log,,
3ac94d03,unknown,False,2025-10-21 16:22:07,2025-10-21 16:22:54,unknown_backfilled,47.0,experiment_log2025-10-21_16-22-07.log,,
829b59d1,unknown,False,2025-10-21 16:23:43,2025-10-21 16:24:34,unknown_backfilled,51.0,experiment_log2025-10-21_16-23-42.log,,
1345f2d6,unknown,False,2025-10-21 16:24:52,2025-10-21 16:25:42,unknown_backfilled,50.0,experiment_log2025-10-21_16-24-51.log,,
a13446ae,unknown,False,2025-10-21 16:27:26,2025-10-21 16:28:47,unknown_backfilled,81.0,experiment_log2025-10-21_16-27-26.log,,
8de5e4ab,unknown,False,2025-10-21 16:31:28,2025-10-21 16:31:52,unknown_backfilled,24.0,experiment_log2025-10-21_16-31-27.log,,
6474bd47,unknown,False,2025-10-21 16:39:33,2025-10-21 16:39:58,unknown_backfilled,25.0,experiment_log2025-10-21_16-39-33.log,,
c8594cf0,unknown,False,2025-10-21 16:44:12,2025-10-21 16:44:37,unknown_backfilled,25.0,experiment_log2025-10-21_16-44-12.log,,
ed222931,unknown,False,2025-10-21 16:48:33,2025-10-21 16:48:58,unknown_backfilled,25.0,experiment_log2025-10-21_16-48-32.log,,
fbb2558a,unknown,False,2025-10-21 16:51:12,2025-10-21 16:52:05,unknown_backfilled,53.0,experiment_log2025-10-21_16-51-11.log,,
6d84da0a,unknown,False,2025-10-21 17:54:53,2025-10-21 18:11:52,unknown_backfilled,1019.0,experiment_log2025-10-21_17-54-52.log,,
e9802247,unknown,False,2025-10-21 18:16:46,2025-10-21 18:17:23,unknown_backfilled,37.0,experiment_log2025-10-21_18-16-45.log,,
ab62e7ae,unknown,False,2025-10-21 18:20:01,2025-10-21 18:20:41,unknown_backfilled,40.0,experiment_log2025-10-21_18-20-00.log,,
b507b39e,unknown,False,2025-10-21 18:21:03,2025-10-21 18:21:06,unknown_backfilled,3.0,experiment_log2025-10-21_18-21-02.log,,
2eca9012,unknown,False,2025-10-21 18:22:49,2025-10-22 11:25:27,unknown_backfilled,61358.0,experiment_log2025-10-21_18-22-49.log,,
bc393636,unknown,False,2025-10-22 12:57:01,2025-10-22 12:57:13,unknown_backfilled,12.0,experiment_log2025-10-22_12-57-01.log,,
4017241a,unknown,False,2025-10-22 12:58:02,2025-10-22 12:58:07,unknown_backfilled,5.0,experiment_log2025-10-22_12-58-01.log,,
4819b1a7,unknown,False,2025-10-22 12:58:43,2025-10-22 14:19:02,unknown_backfilled,4819.0,experiment_log2025-10-22_12-58-42.log,,
929e9fed,unknown,False,2025-10-22 17:04:09,2025-10-22 17:04:19,unknown_backfilled,10.0,experiment_log2025-10-22_17-04-08.log,,
2f982887,unknown,False,2025-10-23 11:07:24,2025-10-23 11:19:02,unknown_backfilled,698.0,experiment_log2025-10-23_11-07-23.log,,
0992d3fb,unknown,False,2025-10-23 11:19:52,2025-10-23 11:20:29,unknown_backfilled,37.0,experiment_log2025-10-23_11-19-51.log,,
56c163bc,unknown,False,2025-10-23 13:04:48,2025-10-23 13:05:46,unknown_backfilled,58.0,experiment_log2025-10-23_13-04-48.log,,
e2a6030c,unknown,False,2025-10-23 13:06:28,2025-10-23 13:07:17,unknown_backfilled,49.0,experiment_log2025-10-23_13-06-27.log,,
73c50f54,unknown,False,2025-10-23 13:07:44,2025-10-23 13:08:37,unknown_backfilled,53.0,experiment_log2025-10-23_13-07-44.log,,
63fb30af,unknown,False,2025-10-23 13:22:01,2025-10-23 13:22:12,unknown_backfilled,11.0,experiment_log2025-10-23_13-22-00.log,,
e41fdf8d,unknown,False,2025-10-23 13:24:40,2025-10-23 13:24:42,unknown_backfilled,2.0,experiment_log2025-10-23_13-24-40.log,,
69e2032f,unknown,False,2025-10-23 13:25:16,2025-10-23 13:49:10,unknown_backfilled,1434.0,experiment_log2025-10-23_13-25-15.log,,
7b922d58,unknown,False,2025-10-23 14:07:27,2025-10-23 14:07:29,unknown_backfilled,2.0,experiment_log2025-10-23_14-07-27.log,,
d77ee000,unknown,False,2025-10-23 14:07:53,2025-10-23 14:17:48,unknown_backfilled,595.0,experiment_log2025-10-23_14-07-53.log,,
9e8cec11,unknown,False,2025-10-23 14:46:22,2025-10-23 14:46:23,unknown_backfilled,1.0,experiment_log2025-10-23_14-46-21.log,,
b3d0a6f2,unknown,False,2025-10-23 14:47:57,2025-10-23 14:48:10,unknown_backfilled,13.0,experiment_log2025-10-23_14-47-57.log,,
c6704867,unknown,False,2025-10-23 14:54:38,2025-10-23 15:26:06,unknown_backfilled,1888.0,experiment_log2025-10-23_14-54-37.log,,
62091e94,unknown,False,2025-10-23 17:06:55,2025-10-23 17:39:44,unknown_backfilled,1969.0,experiment_log2025-10-23_17-06-55.log,,
68da3e87,unknown,False,2025-10-23 18:01:43,2025-10-23 18:02:02,unknown_backfilled,19.0,experiment_log2025-10-23_18-01-42.log,,
ac047c65,unknown,False,2025-10-23 18:03:00,2025-10-23 18:03:04,unknown_backfilled,4.0,experiment_log2025-10-23_18-03-00.log,,
648a51e4,unknown,False,2025-10-23 18:03:31,2025-10-23 18:23:47,unknown_backfilled,1216.0,experiment_log2025-10-23_18-03-31.log,,
7ab68cc9,unknown,False,2025-10-23 18:53:21,2025-10-23 18:53:37,unknown_backfilled,16.0,experiment_log2025-10-23_18-53-20.log,,
b888f8f0,unknown,False,2025-10-23 18:54:28,2025-10-23 18:54:41,unknown_backfilled,13.0,experiment_log2025-10-23_18-54-28.log,,
783ad3d5,unknown,False,2025-10-23 18:54:56,2025-10-23 18:55:00,unknown_backfilled,4.0,experiment_log2025-10-23_18-54-56.log,,
b5f840b8,unknown,False,2025-10-23 18:55:37,2025-10-23 18:55:40,unknown_backfilled,3.0,experiment_log2025-10-23_18-55-37.log,,
f0c6bd7b,unknown,False,2025-10-23 18:56:17,2025-10-23 18:57:40,unknown_backfilled,83.0,experiment_log2025-10-23_18-56-17.log,,
f7273d16,unknown,False,2025-10-23 19:10:00,2025-10-23 19:10:26,unknown_backfilled,26.0,experiment_log2025-10-23_19-10-00.log,,
ab9d526d,unknown,False,2025-10-23 19:10:48,2025-10-23 19:10:59,unknown_backfilled,11.0,experiment_log2025-10-23_19-10-48.log,,
5007b740,unknown,False,2025-10-23 19:11:35,2025-10-23 19:11:58,unknown_backfilled,23.0,experiment_log2025-10-23_19-11-35.log,,
412da1d9,unknown,False,2025-10-23 19:12:43,2025-10-23 19:12:45,unknown_backfilled,2.0,experiment_log2025-10-23_19-12-43.log,,
87f72fdc,unknown,False,2025-10-23 19:13:44,2025-10-23 19:14:11,unknown_backfilled,27.0,experiment_log2025-10-23_19-13-43.log,,
2c5a1267,unknown,False,2025-10-23 19:14:33,2025-10-23 19:15:42,unknown_backfilled,69.0,experiment_log2025-10-23_19-14-33.log,,
cfd9c22a,unknown,False,2025-10-23 19:16:01,2025-10-23 19:16:01,unknown_backfilled,0.0,experiment_log2025-10-23_19-16-00.log,,
0e8d6794,unknown,False,2025-10-23 19:16:47,2025-10-23 19:16:51,unknown_backfilled,4.0,experiment_log2025-10-23_19-16-46.log,,
87c0c7eb,unknown,False,2025-10-23 19:17:20,2025-10-23 19:17:29,unknown_backfilled,9.0,experiment_log2025-10-23_19-17-19.log,,
057cd112,unknown,False,2025-10-23 19:18:05,2025-10-23 19:21:50,unknown_backfilled,225.0,experiment_log2025-10-23_19-18-05.log,,
039ff2d4,unknown,False,2025-10-23 19:21:56,2025-10-23 19:21:59,unknown_backfilled,3.0,experiment_log2025-10-23_19-21-55.log,,
644f2828,unknown,False,2025-10-23 19:23:35,2025-10-23 19:59:29,unknown_backfilled,2154.0,experiment_log2025-10-23_19-23-35.log,,
17f93dff,unknown,False,2025-10-23 19:59:59,2025-10-23 20:00:11,unknown_backfilled,12.0,experiment_log2025-10-23_19-59-58.log,,
d51d7543,unknown,False,2025-10-23 21:16:10,2025-10-23 21:16:33,unknown_backfilled,23.0,experiment_log2025-10-23_21-16-10.log,,
e5b31938,unknown,False,2025-10-23 21:16:49,2025-10-24 11:03:16,unknown_backfilled,49587.0,experiment_log2025-10-23_21-16-49.log,,
9086d173,unknown,False,2025-10-24 11:03:36,2025-10-24 11:03:43,unknown_backfilled,7.0,experiment_log2025-10-24_11-03-36.log,,
ec5b786d,unknown,False,2025-10-24 11:04:44,2025-10-24 11:04:55,unknown_backfilled,11.0,experiment_log2025-10-24_11-04-43.log,,
d7bee572,unknown,False,2025-10-24 11:13:05,2025-10-24 11:13:13,unknown_backfilled,8.0,experiment_log2025-10-24_11-13-04.log,,
9d9420e1,unknown,False,2025-10-24 11:17:49,2025-10-24 11:18:11,unknown_backfilled,22.0,experiment_log2025-10-24_11-17-49.log,,
e61af804,unknown,False,2025-10-24 11:18:45,2025-10-24 12:31:27,unknown_backfilled,4362.0,experiment_log2025-10-24_11-18-45.log,,
5cccb42c,unknown,False,2025-10-24 13:04:53,2025-10-24 14:53:50,unknown_backfilled,6537.0,experiment_log2025-10-24_13-04-53.log,,
e333be04,unknown,False,2025-10-24 15:34:33,2025-10-24 15:34:34,unknown_backfilled,1.0,experiment_log2025-10-24_15-34-32.log,,
ff10130e,unknown,False,2025-10-24 15:36:15,2025-10-24 22:03:37,unknown_backfilled,23242.0,experiment_log2025-10-24_15-36-15.log,,
5b1c754f,unknown,False,2025-10-27 12:35:16,2025-10-27 14:42:33,unknown_backfilled,7637.0,experiment_log2025-10-27_12-35-16.log,,
7b72ff72,unknown,False,2025-10-30 15:36:17,2025-10-30 15:36:17,unknown_backfilled,0.0,experiment_log2025-10-30_15-36-16.log,,
bd3ea62a,unknown,False,2025-10-30 15:37:06,2025-10-30 15:39:57,unknown_backfilled,171.0,experiment_log2025-10-30_15-37-05.log,,
88953837,unknown,False,2025-10-30 15:41:19,2025-10-30 15:41:25,unknown_backfilled,6.0,experiment_log2025-10-30_15-41-19.log,,
532f7833,unknown,False,2025-10-30 15:44:14,2025-10-30 17:33:25,unknown_backfilled,6551.0,experiment_log2025-10-30_15-44-13.log,,
20b89997,unknown,False,2025-10-30 18:21:01,2025-10-30 18:21:04,unknown_backfilled,3.0,experiment_log2025-10-30_18-21-00.log,,
3c1ef832,unknown,False,2025-10-31 10:11:11,2025-10-31 10:11:54,unknown_backfilled,43.0,experiment_log2025-10-31_10-11-10.log,,
c717ac1e,unknown,False,2025-10-31 10:49:26,2025-10-31 10:49:27,unknown_backfilled,1.0,experiment_log2025-10-31_10-49-26.log,,
b83a7708,unknown,False,2025-10-31 10:49:53,2025-10-31 10:50:48,unknown_backfilled,55.0,experiment_log2025-10-31_10-49-52.log,,
72e546e4,unknown,False,2025-10-31 10:51:11,2025-10-31 12:08:30,unknown_backfilled,4639.0,experiment_log2025-10-31_10-51-10.log,,
09e38aa6,unknown,False,2025-10-31 13:17:39,2025-10-31 13:18:38,unknown_backfilled,59.0,experiment_log2025-10-31_13-17-38.log,,
a4e60b4d,unknown,False,2025-10-31 13:22:53,2025-10-31 13:24:02,unknown_backfilled,69.0,experiment_log2025-10-31_13-22-52.log,,
ee8fc025,unknown,False,2025-10-31 13:24:14,2025-10-31 13:29:50,unknown_backfilled,336.0,experiment_log2025-10-31_13-24-14.log,,
f62aafe1,unknown,False,2025-10-31 13:33:30,2025-10-31 13:33:35,unknown_backfilled,5.0,experiment_log2025-10-31_13-33-29.log,,
6c431d10,unknown,False,2025-10-31 13:34:02,2025-10-31 13:34:27,unknown_backfilled,25.0,experiment_log2025-10-31_13-34-01.log,,
3a60e291,unknown,False,2025-10-31 13:35:54,2025-10-31 13:57:38,unknown_backfilled,1304.0,experiment_log2025-10-31_13-35-53.log,,
902ce775,unknown,False,2025-10-31 14:32:02,2025-10-31 16:18:50,unknown_backfilled,6408.0,experiment_log2025-10-31_14-32-02.log,,
60ea6de5,unknown,False,2025-10-31 16:36:47,2025-10-31 16:36:50,unknown_backfilled,3.0,experiment_log2025-10-31_16-36-46.log,,
dbf39e06,unknown,False,2025-11-03 12:30:36,2025-11-03 14:19:49,unknown_backfilled,6553.0,experiment_log2025-11-03_12-30-35.log,,
044e0126,unknown,False,2025-11-03 15:02:04,2025-11-03 15:02:07,unknown_backfilled,3.0,experiment_log2025-11-03_15-02-03.log,,
99f8bb55,unknown,False,2025-11-03 15:02:38,2025-11-03 15:27:10,unknown_backfilled,1472.0,experiment_log2025-11-03_15-02-37.log,,
36f172dd,unknown,False,2025-11-03 16:17:04,2025-11-03 16:17:09,unknown_backfilled,5.0,experiment_log2025-11-03_16-17-03.log,,
e42f7a98,unknown,False,2025-11-03 16:18:49,2025-11-03 16:21:33,unknown_backfilled,164.0,experiment_log2025-11-03_16-18-49.log,,
415354c9,unknown,False,2025-11-03 16:27:38,2025-11-03 17:51:22,unknown_backfilled,5024.0,experiment_log2025-11-03_16-27-37.log,,
c06938d7,unknown,False,2025-11-03 18:17:50,2025-11-03 18:17:51,unknown_backfilled,1.0,experiment_log2025-11-03_18-17-49.log,,
a638b80d,unknown,False,2025-11-03 18:18:59,2025-11-03 18:19:11,unknown_backfilled,12.0,experiment_log2025-11-03_18-18-59.log,,
b45fc039,unknown,False,2025-11-04 10:51:26,2025-11-04 10:52:10,unknown_backfilled,44.0,experiment_log2025-11-04_10-51-25.log,,
6e6fa81d,unknown,False,2025-11-04 10:56:16,2025-11-04 13:13:47,unknown_backfilled,8251.0,experiment_log2025-11-04_10-56-15.log,,
0bd4a153,unknown,False,2025-11-04 14:00:25,2025-11-04 15:36:28,unknown_backfilled,5763.0,experiment_log2025-11-04_14-00-24.log,,
20ac257e,unknown,False,2025-11-05 10:42:58,2025-11-05 10:43:01,unknown_backfilled,3.0,experiment_log2025-11-05_10-42-58.log,,
bbef2da0,unknown,False,2025-11-05 10:45:41,2025-11-05 10:50:54,unknown_backfilled,313.0,experiment_log2025-11-05_10-45-41.log,,
0f1caac4,unknown,False,2025-11-05 10:51:38,2025-11-05 10:51:42,unknown_backfilled,4.0,experiment_log2025-11-05_10-51-38.log,,
a13f58a4,unknown,False,2025-11-05 10:54:33,2025-11-05 12:39:51,unknown_backfilled,6318.0,experiment_log2025-11-05_10-54-32.log,,
8ddc6c33,unknown,False,2025-11-05 12:42:41,2025-11-05 12:42:44,unknown_backfilled,3.0,experiment_log2025-11-05_12-42-40.log,,
c279ec68,unknown,False,2025-11-05 13:54:56,2025-11-05 15:32:49,unknown_backfilled,5873.0,experiment_log2025-11-05_13-54-55.log,,
ee9dd087,unknown,False,2025-11-05 15:48:00,2025-11-05 16:59:25,unknown_backfilled,4285.0,experiment_log2025-11-05_15-48-00.log,,
8683a7de,unknown,False,2025-11-05 17:35:19,2025-11-05 17:35:31,unknown_backfilled,12.0,experiment_log2025-11-05_17-35-18.log,,
529477e5,unknown,False,2025-11-05 17:38:07,2025-11-05 17:59:29,unknown_backfilled,1282.0,experiment_log2025-11-05_17-38-06.log,,
9a8bfe53,unknown,False,2025-11-06 12:24:06,2025-11-06 12:24:06,unknown_backfilled,0.0,experiment_log2025-11-06_12-24-05.log,,
47c437fd,unknown,False,2025-11-06 12:26:02,2025-11-06 13:04:30,unknown_backfilled,2308.0,experiment_log2025-11-06_12-26-01.log,,
54102f29,unknown,False,2025-11-06 13:48:44,2025-11-06 14:27:31,unknown_backfilled,2327.0,experiment_log2025-11-06_13-48-43.log,,
33ce7e79,unknown,False,2025-11-06 15:15:52,2025-11-06 15:16:05,unknown_backfilled,13.0,experiment_log2025-11-06_15-15-52.log,,
6c4ee1f7,unknown,False,2025-11-07 10:59:17,2025-11-07 10:59:17,unknown_backfilled,0.0,experiment_log2025-11-07_10-59-16.log,,
53b8a6f4,unknown,False,2025-11-07 10:59:35,2025-11-07 11:34:17,unknown_backfilled,2082.0,experiment_log2025-11-07_10-59-34.log,,
6ac3b9a9,unknown,False,2025-11-07 12:08:40,2025-11-07 12:09:03,unknown_backfilled,23.0,experiment_log2025-11-07_12-08-39.log,,
a024b6ec,unknown,False,2025-11-07 12:23:33,2025-11-07 12:25:54,unknown_backfilled,141.0,experiment_log2025-11-07_12-23-32.log,,
7500e6e5,unknown,False,2025-11-07 12:26:17,2025-11-07 12:38:06,unknown_backfilled,709.0,experiment_log2025-11-07_12-26-17.log,,
396dd73e,unknown,False,2025-11-07 12:38:21,2025-11-07 12:40:47,unknown_backfilled,146.0,experiment_log2025-11-07_12-38-20.log,,
66c9766d,unknown,False,2025-11-07 12:41:04,2025-11-07 12:41:04,unknown_backfilled,0.0,experiment_log2025-11-07_12-41-03.log,,
95880d80,unknown,False,2025-11-07 12:41:17,2025-11-07 12:43:24,unknown_backfilled,127.0,experiment_log2025-11-07_12-41-16.log,,
cfcdd45f,unknown,False,2025-11-07 12:46:45,2025-11-07 12:50:22,unknown_backfilled,217.0,experiment_log2025-11-07_12-46-44.log,,
c1d646b4,unknown,False,2025-11-07 12:51:19,2025-11-07 13:12:06,unknown_backfilled,1247.0,experiment_log2025-11-07_12-51-18.log,,
99df3368,unknown,False,2025-11-07 13:54:23,2025-11-07 14:58:45,unknown_backfilled,3862.0,experiment_log2025-11-07_13-54-23.log,,
4007cb06,unknown,False,2025-11-07 17:06:19,2025-11-07 17:06:22,unknown_backfilled,3.0,experiment_log2025-11-07_17-06-19.log,,
60bccbba,unknown,False,2025-11-10 11:04:49,2025-11-10 11:50:51,unknown_backfilled,2762.0,experiment_log2025-11-10_11-04-49.log,,
d38c4c11,unknown,False,2025-11-10 11:51:31,2025-11-10 11:51:34,unknown_backfilled,3.0,experiment_log2025-11-10_11-51-30.log,,
b1f3e7fb,Degradation_serena,False,2025-11-10 12:39:25,2025-11-10 12:39:36,unknown_backfilled,11.0,experiment_log2025-11-10_12-39-25.log,,
e68bedcd,Degradation_serena,False,2025-11-10 12:39:43,2025-11-10 12:39:44,unknown_backfilled,1.0,experiment_log2025-11-10_12-39-43.log,,
763742af,Degradation_serena,False,2025-11-10 12:59:24,2025-11-10 13:00:44,unknown_backfilled,80.0,experiment_log2025-11-10_12-59-24.log,,
da7b85a1,Degradation_serena,False,2025-11-10 13:01:08,2025-11-10 13:02:49,unknown_backfilled,101.0,experiment_log2025-11-10_13-01-07.log,,
fa6b6cab,Degradation_serena,False,2025-11-10 13:03:42,2025-11-10 13:04:20,unknown_backfilled,38.0,experiment_log2025-11-10_13-03-41.log,,
31f250e6,Degradation_serena,False,2025-11-10 13:04:57,2025-11-10 13:16:24,unknown_backfilled,687.0,experiment_log2025-11-10_13-04-56.log,,
bc6cc0aa,Degradation_serena,False,2025-11-10 13:19:54,2025-11-10 13:24:05,unknown_backfilled,251.0,experiment_log2025-11-10_13-19-54.log,,
b64dce0f,unknown,False,2025-11-10 13:32:28,2025-11-10 13:32:44,unknown_backfilled,16.0,experiment_log2025-11-10_13-32-27.log,,
c2b03e89,sample_workflow_v2,False,2025-11-10 13:32:56,2025-11-10 13:34:02,unknown_backfilled,66.0,experiment_log2025-11-10_13-32-56.log,,
44f7216c,Degradation_serena,False,2025-11-10 13:36:01,2025-11-10 13:39:23,unknown_backfilled,202.0,experiment_log2025-11-10_13-36-00.log,,
85db0c9a,Degradation_serena,False,2025-11-10 13:45:02,2025-11-10 13:45:18,unknown_backfilled,16.0,experiment_log2025-11-10_13-45-02.log,,
7fbc1a6f,Degradation_serena,False,2025-11-10 13:45:42,2025-11-10 14:10:22,unknown_backfilled,1480.0,experiment_log2025-11-10_13-45-42.log,,
4dd894aa,Degradation_serena,False,2025-11-10 16:05:30,2025-11-10 16:09:19,unknown_backfilled,229.0,experiment_log2025-11-10_16-05-30.log,,
a59ad82c,Degradation_serena,False,2025-11-10 16:09:43,2025-11-10 16:10:53,unknown_backfilled,70.0,experiment_log2025-11-10_16-09-43.log,,
80a6dbe9,Degradation_serena,False,2025-11-10 16:11:34,2025-11-10 16:13:08,unknown_backfilled,94.0,experiment_log2025-11-10_16-11-33.log,,
cb66c2fc,Degradation_serena,False,2025-11-10 16:13:20,2025-11-10 16:57:55,unknown_backfilled,2675.0,experiment_log2025-11-10_16-13-19.log,,
b432021b,unknown,False,2025-11-10 17:41:47,2025-11-10 17:41:51,unknown_backfilled,4.0,experiment_log2025-11-10_17-41-46.log,,
31b87ebd,unknown,False,2025-11-10 18:11:13,2025-11-10 19:44:18,unknown_backfilled,5585.0,experiment_log2025-11-10_18-11-13.log,,
cbce1bc7,unknown,False,2025-11-11 10:50:18,2025-11-11 10:50:21,unknown_backfilled,3.0,experiment_log2025-11-11_10-50-18.log,,
82b073cc,unknown,False,2025-11-11 11:04:17,2025-11-11 13:00:41,unknown_backfilled,6984.0,experiment_log2025-11-11_11-04-17.log,,
87402a2b,unknown,False,2025-11-11 13:33:54,2025-11-11 13:33:58,unknown_backfilled,4.0,experiment_log2025-11-11_13-33-54.log,,
ab43195f,unknown,False,2025-11-11 13:34:18,2025-11-11 13:34:50,unknown_backfilled,32.0,experiment_log2025-11-11_13-34-17.log,,
993e4c5b,unknown,False,2025-11-11 13:35:11,2025-11-11 15:18:47,unknown_backfilled,6216.0,experiment_log2025-11-11_13-35-11.log,,
f7377a1c,unknown,False,2025-11-11 15:51:19,2025-11-11 15:51:33,unknown_backfilled,14.0,experiment_log2025-11-11_15-51-18.log,,
823442dd,unknown,False,2025-11-11 15:58:51,2025-11-11 16:01:03,unknown_backfilled,132.0,experiment_log2025-11-11_15-58-51.log,,
cef6d189,unknown,False,2025-11-11 16:03:07,2025-11-11 16:36:02,unknown_backfilled,1975.0,experiment_log2025-11-11_16-03-07.log,,
64ee6de1,unknown,False,2025-11-11 16:51:24,2025-11-11 16:51:49,unknown_backfilled,25.0,experiment_log2025-11-11_16-51-23.log,,
9287bcfa,unknown,False,2025-11-11 17:37:34,2025-11-11 17:37:39,unknown_backfilled,5.0,experiment_log2025-11-11_17-37-34.log,,
d911413c,unknown,False,2025-11-11 18:04:12,2025-11-11 18:04:22,unknown_backfilled,10.0,experiment_log2025-11-11_18-04-12.log,,
f12f4e4d,unknown,False,2025-11-11 18:11:43,2025-11-11 18:42:29,unknown_backfilled,1846.0,experiment_log2025-11-11_18-11-43.log,,
4eaf2671,unknown,False,2025-11-11 18:57:31,2025-11-11 18:57:51,unknown_backfilled,20.0,experiment_log2025-11-11_18-57-31.log,,
d62e2bd1,unknown,False,2025-11-11 18:58:06,2025-11-11 18:58:12,unknown_backfilled,6.0,experiment_log2025-11-11_18-58-06.log,,
a4703e5e,unknown,False,2025-11-11 18:58:47,2025-11-11 18:58:52,unknown_backfilled,5.0,experiment_log2025-11-11_18-58-46.log,,
cc0d2e05,unknown,False,2025-11-11 18:59:22,2025-11-11 20:26:30,unknown_backfilled,5228.0,experiment_log2025-11-11_18-59-22.log,,
d6525582,unknown,False,2025-11-12 10:01:25,2025-11-12 10:01:54,unknown_backfilled,29.0,experiment_log2025-11-12_10-01-24.log,,
63d87170,unknown,False,2025-11-12 10:04:07,2025-11-12 10:22:44,unknown_backfilled,1117.0,experiment_log2025-11-12_10-04-07.log,,
2a72b14b,unknown,False,2025-11-12 10:31:38,2025-11-12 10:31:58,unknown_backfilled,20.0,experiment_log2025-11-12_10-31-38.log,,
147ed3c1,unknown,False,2025-11-12 10:32:48,2025-11-12 11:17:20,unknown_backfilled,2672.0,experiment_log2025-11-12_10-32-47.log,,
f161d9dd,unknown,False,2025-11-12 11:24:10,2025-11-12 11:50:35,unknown_backfilled,1585.0,experiment_log2025-11-12_11-24-10.log,,
df8b7859,unknown,False,2025-11-12 12:00:44,2025-11-12 12:52:59,unknown_backfilled,3135.0,experiment_log2025-11-12_12-00-43.log,,
6d3aa323,unknown,False,2025-11-12 14:04:58,2025-11-12 14:06:48,unknown_backfilled,110.0,experiment_log2025-11-12_14-04-58.log,,
1b66b07e,unknown,False,2025-11-12 14:06:59,2025-11-12 14:16:28,unknown_backfilled,569.0,experiment_log2025-11-12_14-06-58.log,,
b4426664,unknown,False,2025-11-12 14:16:41,2025-11-12 14:19:01,unknown_backfilled,140.0,experiment_log2025-11-12_14-16-40.log,,
47d59bf5,unknown,False,2025-11-12 14:19:45,2025-11-12 14:36:50,unknown_backfilled,1025.0,experiment_log2025-11-12_14-19-45.log,,
b078f162,unknown,False,2025-11-12 15:25:00,2025-11-12 15:25:14,unknown_backfilled,14.0,experiment_log2025-11-12_15-25-00.log,,
1163c2a0,unknown,False,2025-11-12 15:25:39,2025-11-12 15:25:47,unknown_backfilled,8.0,experiment_log2025-11-12_15-25-39.log,,
ba6ac784,unknown,False,2025-11-12 15:34:26,2025-11-12 15:37:06,unknown_backfilled,160.0,experiment_log2025-11-12_15-34-25.log,,
cc8b8055,unknown,False,2025-11-12 15:43:03,2025-11-12 15:43:18,unknown_backfilled,15.0,experiment_log2025-11-12_15-43-02.log,,
05c5e68e,unknown,False,2025-11-12 15:43:51,2025-11-12 15:43:59,unknown_backfilled,8.0,experiment_log2025-11-12_15-43-50.log,,
8c832178,unknown,False,2025-11-12 15:44:13,2025-11-12 15:44:18,unknown_backfilled,5.0,experiment_log2025-11-12_15-44-12.log,,
a66b0c6f,unknown,False,2025-11-12 15:44:35,2025-11-12 15:46:36,unknown_backfilled,121.0,experiment_log2025-11-12_15-44-34.log,,
246846eb,unknown,False,2025-11-12 15:51:08,2025-11-12 15:55:43,unknown_backfilled,275.0,experiment_log2025-11-12_15-51-08.log,,
850b18e9,unknown,False,2025-11-12 15:56:05,2025-11-12 15:56:09,unknown_backfilled,4.0,experiment_log2025-11-12_15-56-05.log,,
b7813e9a,unknown,False,2025-11-12 15:57:14,2025-11-13 10:47:19,unknown_backfilled,67805.0,experiment_log2025-11-12_15-57-14.log,,
581b14e4,unknown,False,2025-11-13 11:13:41,2025-11-13 12:48:18,unknown_backfilled,5677.0,experiment_log2025-11-13_11-13-40.log,,
76da61fa,unknown,False,2025-11-13 13:39:45,2025-11-13 14:43:56,unknown_backfilled,3851.0,experiment_log2025-11-13_13-39-45.log,,
2c6d7ede,unknown,False,2025-11-13 14:50:44,2025-11-13 14:50:53,unknown_backfilled,9.0,experiment_log2025-11-13_14-50-43.log,,
4511166e,unknown,False,2025-11-13 14:51:55,2025-11-13 17:13:08,unknown_backfilled,8473.0,experiment_log2025-11-13_14-51-54.log,,
ae1b1e48,unknown,False,2025-11-13 17:49:22,2025-11-13 17:49:26,unknown_backfilled,4.0,experiment_log2025-11-13_17-49-22.log,,
f05f9080,unknown,False,2025-11-14 11:02:24,2025-11-14 11:03:06,unknown_backfilled,42.0,experiment_log2025-11-14_11-02-23.log,,
4abc2f13,unknown,False,2025-11-14 11:38:46,2025-11-14 13:27:55,unknown_backfilled,6549.0,experiment_log2025-11-14_11-38-45.log,,
3705461a,unknown,False,2025-11-14 13:35:04,2025-11-14 13:35:09,unknown_backfilled,5.0,experiment_log2025-11-14_13-35-04.log,,
7264a5ed,unknown,False,2025-11-14 13:43:30,2025-11-14 13:43:43,unknown_backfilled,13.0,experiment_log2025-11-14_13-43-30.log,,
495a706d,unknown,False,2025-11-14 13:44:38,2025-11-14 14:18:07,unknown_backfilled,2009.0,experiment_log2025-11-14_13-44-38.log,,
6585e163,unknown,False,2025-11-14 15:09:13,2025-11-14 15:09:16,unknown_backfilled,3.0,experiment_log2025-11-14_15-09-12.log,,
4f61799e,unknown,False,2025-11-19 10:44:10,2025-11-19 10:46:51,unknown_backfilled,161.0,experiment_log2025-11-19_10-44-10.log,,
84ad2579,unknown,False,2025-11-19 10:47:17,2025-11-19 10:47:45,unknown_backfilled,28.0,experiment_log2025-11-19_10-47-16.log,,
57f94ee7,unknown,False,2025-11-19 10:54:32,2025-11-19 10:55:41,unknown_backfilled,69.0,experiment_log2025-11-19_10-54-32.log,,
b6bb6c65,unknown,False,2025-11-19 10:56:09,2025-11-19 10:58:04,unknown_backfilled,115.0,experiment_log2025-11-19_10-56-09.log,,
77da8e25,unknown,False,2025-11-19 10:59:18,2025-11-19 10:59:22,unknown_backfilled,4.0,experiment_log2025-11-19_10-59-17.log,,
c5ae36bf,unknown,False,2025-11-19 10:59:50,2025-11-19 11:00:19,unknown_backfilled,29.0,experiment_log2025-11-19_10-59-50.log,,
7468c8b9,unknown,False,2025-11-19 11:01:24,2025-11-19 11:04:03,unknown_backfilled,159.0,experiment_log2025-11-19_11-01-23.log,,
8118ff03,unknown,False,2025-11-19 11:12:19,2025-11-19 11:17:18,unknown_backfilled,299.0,experiment_log2025-11-19_11-12-18.log,,
66457c7e,unknown,False,2025-11-19 11:28:52,2025-11-19 11:30:18,unknown_backfilled,86.0,experiment_log2025-11-19_11-28-52.log,,
71220681,unknown,False,2025-11-19 11:31:01,2025-11-19 11:32:51,unknown_backfilled,110.0,experiment_log2025-11-19_11-31-01.log,,
531e52b7,unknown,False,2025-11-19 11:33:31,2025-11-19 11:33:43,unknown_backfilled,12.0,experiment_log2025-11-19_11-33-31.log,,
0fbd8755,unknown,False,2025-11-19 11:38:20,2025-11-19 11:38:21,unknown_backfilled,1.0,experiment_log2025-11-19_11-38-19.log,,
d36fca7f,unknown,False,2025-11-19 11:38:39,2025-11-19 11:39:52,unknown_backfilled,73.0,experiment_log2025-11-19_11-38-39.log,,
83af27f7,unknown,False,2025-11-19 11:44:00,2025-11-19 11:48:05,unknown_backfilled,245.0,experiment_log2025-11-19_11-44-00.log,,
ac222035,unknown,False,2025-11-19 11:48:28,2025-11-19 11:48:28,unknown_backfilled,0.0,experiment_log2025-11-19_11-48-27.log,,
8362fb4c,unknown,False,2025-11-19 11:52:36,2025-11-19 11:53:01,unknown_backfilled,25.0,experiment_log2025-11-19_11-52-35.log,,
5776bcf7,unknown,False,2025-11-19 12:01:00,2025-11-19 12:01:23,unknown_backfilled,23.0,experiment_log2025-11-19_12-00-59.log,,
d37f0606,unknown,False,2025-11-19 12:01:49,2025-11-19 12:02:14,unknown_backfilled,25.0,experiment_log2025-11-19_12-01-48.log,,
a3f41fe5,unknown,False,2025-11-19 12:54:14,2025-11-19 12:54:58,unknown_backfilled,44.0,experiment_log2025-11-19_12-54-13.log,,
7cd49bf1,unknown,False,2025-11-19 12:55:19,2025-11-19 12:56:33,unknown_backfilled,74.0,experiment_log2025-11-19_12-55-19.log,,
d9bfdca1,unknown,False,2025-11-19 12:56:41,2025-11-19 14:06:15,unknown_backfilled,4174.0,experiment_log2025-11-19_12-56-41.log,,
4410eec6,unknown,False,2025-11-19 14:19:08,2025-11-19 14:40:25,unknown_backfilled,1277.0,experiment_log2025-11-19_14-19-08.log,,
19eb4347,unknown,False,2025-11-19 15:23:16,2025-11-19 15:23:25,unknown_backfilled,9.0,experiment_log2025-11-19_15-23-15.log,,
c90988e5,unknown,False,2025-11-19 15:24:02,2025-11-19 15:24:05,unknown_backfilled,3.0,experiment_log2025-11-19_15-24-02.log,,
39196489,unknown,False,2025-11-19 15:38:04,2025-11-19 15:38:04,unknown_backfilled,0.0,experiment_log2025-11-19_15-38-04.log,,
72c0eb07,unknown,False,2025-11-19 15:38:21,2025-11-19 15:40:02,unknown_backfilled,101.0,experiment_log2025-11-19_15-38-20.log,,
4170b3ad,unknown,False,2025-11-19 15:40:21,2025-11-19 15:41:49,unknown_backfilled,88.0,experiment_log2025-11-19_15-40-20.log,,
91f20ad1,unknown,False,2025-11-19 15:48:19,2025-11-19 15:49:36,unknown_backfilled,77.0,experiment_log2025-11-19_15-48-19.log,,
e736acfa,unknown,False,2025-11-19 15:51:04,2025-11-19 16:24:48,unknown_backfilled,2024.0,experiment_log2025-11-19_15-51-04.log,,
2b4dd00a,unknown,False,2025-11-19 16:29:09,2025-11-19 16:29:16,unknown_backfilled,7.0,experiment_log2025-11-19_16-29-09.log,,
f2049739,unknown,False,2025-11-19 16:30:05,2025-11-19 16:32:30,unknown_backfilled,145.0,experiment_log2025-11-19_16-30-04.log,,
27f0ff96,unknown,False,2025-11-19 16:32:50,2025-11-19 16:42:01,unknown_backfilled,551.0,experiment_log2025-11-19_16-32-50.log,,
37e81059,unknown,False,2025-11-19 16:43:37,2025-11-19 16:43:43,unknown_backfilled,6.0,experiment_log2025-11-19_16-43-36.log,,
d8b77c36,unknown,False,2025-11-19 16:44:01,2025-11-19 16:44:05,unknown_backfilled,4.0,experiment_log2025-11-19_16-44-01.log,,
464ffc85,unknown,False,2025-11-19 16:46:15,2025-11-19 16:46:20,unknown_backfilled,5.0,experiment_log2025-11-19_16-46-15.log,,
ff054905,unknown,False,2025-11-19 17:11:55,2025-11-19 17:11:59,unknown_backfilled,4.0,experiment_log2025-11-19_17-11-54.log,,
f62faa71,unknown,False,2025-11-19 17:14:17,2025-11-19 17:27:37,unknown_backfilled,800.0,experiment_log2025-11-19_17-14-17.log,,
1c48b919,unknown,False,2025-11-19 17:28:05,2025-11-19 17:28:25,unknown_backfilled,20.0,experiment_log2025-11-19_17-28-04.log,,
1c88f42f,unknown,False,2025-11-19 17:28:48,2025-11-19 17:28:55,unknown_backfilled,7.0,experiment_log2025-11-19_17-28-47.log,,
9e044caf,unknown,False,2025-11-19 17:33:38,2025-11-19 17:34:07,unknown_backfilled,29.0,experiment_log2025-11-19_17-33-37.log,,
4b63c8bc,unknown,False,2025-11-19 17:38:42,2025-11-19 17:39:29,unknown_backfilled,47.0,experiment_log2025-11-19_17-38-42.log,,
ee2c55e3,unknown,False,2025-11-19 17:47:52,2025-11-19 17:48:44,unknown_backfilled,52.0,experiment_log2025-11-19_17-47-51.log,,
c20dbc11,unknown,False,2025-11-19 17:49:17,2025-11-19 17:51:14,unknown_backfilled,117.0,experiment_log2025-11-19_17-49-16.log,,
315b8b31,unknown,False,2025-11-19 17:51:34,2025-11-19 19:38:02,unknown_backfilled,6388.0,experiment_log2025-11-19_17-51-34.log,,
cba770a3,unknown,False,2025-11-20 11:05:48,2025-11-20 11:05:52,unknown_backfilled,4.0,experiment_log2025-11-20_11-05-47.log,,
052385ad,unknown,False,2025-11-20 11:08:44,2025-11-20 11:08:48,unknown_backfilled,4.0,experiment_log2025-11-20_11-08-43.log,,
f6df86ef,unknown,False,2025-11-20 11:14:55,2025-11-20 11:24:46,unknown_backfilled,591.0,experiment_log2025-11-20_11-14-55.log,,
feb0da00,unknown,False,2025-11-20 11:32:10,2025-11-20 11:32:18,unknown_backfilled,8.0,experiment_log2025-11-20_11-32-09.log,,
561dd540,unknown,False,2025-11-20 11:33:36,2025-11-20 11:33:45,unknown_backfilled,9.0,experiment_log2025-11-20_11-33-36.log,,
c84567ef,unknown,False,2025-11-20 11:34:06,2025-11-20 11:34:10,unknown_backfilled,4.0,experiment_log2025-11-20_11-34-06.log,,
ad6eb168,unknown,False,2025-11-20 11:35:21,2025-11-20 11:35:30,unknown_backfilled,9.0,experiment_log2025-11-20_11-35-20.log,,
4122c494,unknown,False,2025-11-20 11:37:13,2025-11-20 11:37:27,unknown_backfilled,14.0,experiment_log2025-11-20_11-37-13.log,,
7961756f,unknown,False,2025-11-20 11:37:49,2025-11-20 11:38:51,unknown_backfilled,62.0,experiment_log2025-11-20_11-37-48.log,,
e1488187,unknown,False,2025-11-20 11:39:30,2025-11-20 12:05:57,unknown_backfilled,1587.0,experiment_log2025-11-20_11-39-29.log,,
2e07a807,unknown,False,2025-11-20 12:09:46,2025-11-20 12:10:48,unknown_backfilled,62.0,experiment_log2025-11-20_12-09-46.log,,
83531e32,unknown,False,2025-11-20 12:11:18,2025-11-20 12:13:11,unknown_backfilled,113.0,experiment_log2025-11-20_12-11-17.log,,
f3f1ea91,unknown,False,2025-11-20 12:15:32,2025-11-20 12:33:31,unknown_backfilled,1079.0,experiment_log2025-11-20_12-15-31.log,,
7e16cad4,unknown,False,2025-11-20 15:44:52,2025-11-20 16:14:07,unknown_backfilled,1755.0,experiment_log2025-11-20_15-44-51.log,,
366ffb72,unknown,False,2025-11-20 16:18:14,2025-11-20 16:49:00,unknown_backfilled,1846.0,experiment_log2025-11-20_16-18-13.log,,
9bf9af94,unknown,False,2025-11-20 17:07:08,2025-11-20 17:47:52,unknown_backfilled,2444.0,experiment_log2025-11-20_17-07-07.log,,
6151e08c,unknown,False,2025-11-20 18:07:54,2025-11-20 18:07:54,unknown_backfilled,0.0,experiment_log2025-11-20_18-07-53.log,,
3dcf07e4,unknown,False,2025-11-20 18:08:36,2025-11-20 18:09:15,unknown_backfilled,39.0,experiment_log2025-11-20_18-08-35.log,,
fbc1f694,unknown,False,2025-11-20 18:10:13,2025-11-20 18:18:00,unknown_backfilled,467.0,experiment_log2025-11-20_18-10-12.log,,
2e9fd80f,unknown,False,2025-11-20 18:18:07,2025-11-20 18:18:07,unknown_backfilled,0.0,experiment_log2025-11-20_18-18-06.log,,
b9b7de05,unknown,False,2025-11-21 10:03:29,2025-11-21 10:04:11,unknown_backfilled,42.0,experiment_log2025-11-21_10-03-28.log,,
d07273aa,unknown,False,2025-11-21 10:05:36,2025-11-21 11:06:03,unknown_backfilled,3627.0,experiment_log2025-11-21_10-05-35.log,,
efdc1a18,unknown,False,2025-11-21 11:15:43,2025-11-21 11:47:51,unknown_backfilled,1928.0,experiment_log2025-11-21_11-15-43.log,,
3e327322,unknown,False,2025-11-21 13:18:44,2025-11-21 13:19:41,unknown_backfilled,57.0,experiment_log2025-11-21_13-18-43.log,,
7ad9a424,unknown,False,2025-11-21 13:20:10,2025-11-21 13:33:26,unknown_backfilled,796.0,experiment_log2025-11-21_13-20-09.log,,
d731eb51,sample_workflow_v2,False,2025-11-21 14:35:45,2025-11-21 14:36:38,unknown_backfilled,53.0,experiment_log2025-11-21_14-35-45.log,,
10359545,sample_workflow_v2,False,2025-11-21 14:37:54,2025-11-21 14:46:13,unknown_backfilled,499.0,experiment_log2025-11-21_14-37-53.log,,
784ef91b,sample_workflow_v2,False,2025-11-21 14:47:00,2025-11-21 14:47:01,unknown_backfilled,1.0,experiment_log2025-11-21_14-46-59.log,,
5a7d1709,sample_workflow_v2,False,2025-11-21 14:49:14,2025-11-21 14:51:59,unknown_backfilled,165.0,experiment_log2025-11-21_14-49-13.log,,
a751ea0e,unknown,False,2025-11-24 10:31:00,2025-11-24 11:19:22,unknown_backfilled,2902.0,experiment_log2025-11-24_10-31-00.log,,
8abe0989,unknown,False,2025-11-24 11:29:08,2025-11-24 11:59:10,unknown_backfilled,1802.0,experiment_log2025-11-24_11-29-07.log,,
c008cdd0,unknown,False,2025-11-24 12:29:40,2025-11-24 13:02:50,unknown_backfilled,1990.0,experiment_log2025-11-24_12-29-39.log,,
4ad0de42,unknown,False,2025-11-24 14:21:58,2025-11-24 14:22:14,unknown_backfilled,16.0,experiment_log2025-11-24_14-21-58.log,,
b13009a8,unknown,False,2025-11-24 14:22:51,2025-11-24 14:23:14,unknown_backfilled,23.0,experiment_log2025-11-24_14-22-50.log,,
7320b636,unknown,False,2025-11-24 14:23:48,2025-11-24 14:24:23,unknown_backfilled,35.0,experiment_log2025-11-24_14-23-47.log,,
dbb645a6,unknown,False,2025-11-24 14:25:25,2025-11-24 14:43:42,unknown_backfilled,1097.0,experiment_log2025-11-24_14-25-24.log,,
d3fc54b4,unknown,False,2025-11-24 15:37:45,2025-11-24 15:38:04,unknown_backfilled,19.0,experiment_log2025-11-24_15-37-44.log,,
1aa2bbe6,unknown,False,2025-11-24 15:38:38,2025-11-24 15:42:22,unknown_backfilled,224.0,experiment_log2025-11-24_15-38-37.log,,
feeaf7c3,unknown,False,2025-11-24 15:50:50,2025-11-24 15:52:54,unknown_backfilled,124.0,experiment_log2025-11-24_15-50-50.log,,
918abd0f,unknown,False,2025-11-24 15:54:36,2025-11-24 15:55:57,unknown_backfilled,81.0,experiment_log2025-11-24_15-54-36.log,,
98a20fa8,unknown,False,2025-11-24 15:59:05,2025-11-24 16:20:09,unknown_backfilled,1264.0,experiment_log2025-11-24_15-59-04.log,,
51b9d8f9,sample_workflow_v2,False,2025-11-24 16:32:40,2025-11-24 16:40:31,unknown_backfilled,471.0,experiment_log2025-11-24_16-32-39.log,,
a1eb2b74,unknown,False,2025-11-24 17:06:06,2025-11-24 17:06:07,unknown_backfilled,1.0,experiment_log2025-11-24_17-06-06.log,,
b7e734ec,unknown,False,2025-11-24 17:10:56,2025-11-24 17:12:18,unknown_backfilled,82.0,experiment_log2025-11-24_17-10-55.log,,
69cda2fb,unknown,False,2025-11-24 17:18:10,2025-11-24 17:18:51,unknown_backfilled,41.0,experiment_log2025-11-24_17-18-10.log,,
aae66765,unknown,False,2025-11-24 17:19:03,2025-11-24 17:19:10,unknown_backfilled,7.0,experiment_log2025-11-24_17-19-03.log,,
b0d61561,unknown,False,2025-11-24 17:19:21,2025-11-24 17:40:56,unknown_backfilled,1295.0,experiment_log2025-11-24_17-19-21.log,,
1e54f156,unknown,False,2025-11-24 17:43:14,2025-11-24 17:43:18,unknown_backfilled,4.0,experiment_log2025-11-24_17-43-13.log,,
3fba5474,unknown,False,2025-11-24 17:48:17,2025-11-24 17:49:27,unknown_backfilled,70.0,experiment_log2025-11-24_17-48-17.log,,
8d1b4715,unknown,False,2025-11-24 17:51:46,2025-11-24 17:52:24,unknown_backfilled,38.0,experiment_log2025-11-24_17-51-45.log,,
6a1190a5,unknown,False,2025-11-24 17:54:22,2025-11-24 18:04:35,unknown_backfilled,613.0,experiment_log2025-11-24_17-54-22.log,,
4215d827,unknown,False,2025-11-24 18:18:44,2025-11-24 18:29:14,unknown_backfilled,630.0,experiment_log2025-11-24_18-18-43.log,,
cedd49bd,unknown,False,2025-11-24 18:33:36,2025-11-24 19:32:07,unknown_backfilled,3511.0,experiment_log2025-11-24_18-33-35.log,,
8109960f,surfactant_grid_adaptive_concentrations,False,2025-11-25 15:45:31,2025-11-25 16:20:13,unknown_backfilled,2082.0,experiment_log2025-11-25_15-45-31.log,,
b78f5d17,surfactant_grid_adaptive_concentrations,False,2025-11-25 16:30:42,2025-11-25 16:31:34,unknown_backfilled,52.0,experiment_log2025-11-25_16-30-41.log,,
5674da9b,surfactant_grid_adaptive_concentrations,False,2025-11-25 16:31:48,2025-11-25 16:36:05,unknown_backfilled,257.0,experiment_log2025-11-25_16-31-48.log,,
b082171b,unknown,False,2025-11-25 16:37:37,2025-11-25 16:37:37,unknown_backfilled,0.0,experiment_log2025-11-25_16-37-36.log,,
22abf4d3,surfactant_grid_adaptive_concentrations,False,2025-11-25 16:38:04,2025-11-26 10:40:18,unknown_backfilled,64934.0,experiment_log2025-11-25_16-38-04.log,,
a94bacec,surfactant_grid_adaptive_concentrations,False,2025-11-26 10:55:27,2025-11-26 10:56:57,unknown_backfilled,90.0,experiment_log2025-11-26_10-55-26.log,,
9e1ba0aa,surfactant_grid_adaptive_concentrations,False,2025-11-26 11:36:38,2025-11-26 11:41:39,unknown_backfilled,301.0,experiment_log2025-11-26_11-36-38.log,,
e9780128,surfactant_grid_adaptive_concentrations,False,2025-11-26 11:44:31,2025-11-26 11:44:32,unknown_backfilled,1.0,experiment_log2025-11-26_11-44-31.log,,
22eaf2a0,surfactant_grid_adaptive_concentrations,False,2025-11-26 11:44:53,2025-11-26 16:35:58,unknown_backfilled,17465.0,experiment_log2025-11-26_11-44-52.log,,
ff82669d,surfactant_grid_adaptive_concentrations,False,2025-11-26 17:07:46,2025-11-26 17:21:04,unknown_backfilled,798.0,experiment_log2025-11-26_17-07-45.log,,
f2f1f62f,surfactant_grid_adaptive_concentrations,False,2025-11-26 17:29:57,2025-11-26 17:35:10,unknown_backfilled,313.0,experiment_log2025-11-26_17-29-56.log,,
5fde27d5,surfactant_grid_adaptive_concentrations,False,2025-11-26 17:55:16,2025-11-26 17:55:21,unknown_backfilled,5.0,experiment_log2025-11-26_17-55-16.log,,
f5495d6b,surfactant_grid_adaptive_concentrations,False,2025-11-26 17:55:43,2025-11-27 10:27:32,unknown_backfilled,59509.0,experiment_log2025-11-26_17-55-43.log,,
71a39602,unknown,False,2025-11-27 10:31:06,2025-11-27 10:31:29,unknown_backfilled,23.0,experiment_log2025-11-27_10-31-05.log,,
ba10d9c7,unknown,False,2025-11-27 10:32:14,2025-11-27 10:33:44,unknown_backfilled,90.0,experiment_log2025-11-27_10-32-14.log,,
a0db6c81,unknown,False,2025-11-27 10:35:53,2025-11-27 10:38:17,unknown_backfilled,144.0,experiment_log2025-11-27_10-35-53.log,,
0c2f1551,unknown,False,2025-11-27 10:39:30,2025-11-27 10:40:43,unknown_backfilled,73.0,experiment_log2025-11-27_10-39-29.log,,
5953137f,unknown,False,2025-11-27 10:43:51,2025-11-27 10:45:03,unknown_backfilled,72.0,experiment_log2025-11-27_10-43-50.log,,
e7b04d1b,unknown,False,2025-11-27 10:45:52,2025-11-27 10:47:06,unknown_backfilled,74.0,experiment_log2025-11-27_10-45-52.log,,
9139ef9b,unknown,False,2025-11-27 10:47:13,2025-11-27 10:48:28,unknown_backfilled,75.0,experiment_log2025-11-27_10-47-13.log,,
82313466,unknown,False,2025-11-27 10:48:59,2025-11-27 10:50:25,unknown_backfilled,86.0,experiment_log2025-11-27_10-48-58.log,,
e8f219a1,unknown,False,2025-11-27 10:50:54,2025-11-27 10:52:20,unknown_backfilled,86.0,experiment_log2025-11-27_10-50-53.log,,
095e4eb7,unknown,False,2025-11-27 10:53:44,2025-11-27 10:55:40,unknown_backfilled,116.0,experiment_log2025-11-27_10-53-44.log,,
03687081,unknown,False,2025-11-27 10:58:13,2025-11-27 10:59:40,unknown_backfilled,87.0,experiment_log2025-11-27_10-58-12.log,,
406613d3,unknown,False,2025-11-27 10:59:57,2025-11-27 11:01:54,unknown_backfilled,117.0,experiment_log2025-11-27_10-59-57.log,,
b564706d,unknown,False,2025-11-27 11:02:05,2025-11-27 11:03:41,unknown_backfilled,96.0,experiment_log2025-11-27_11-02-04.log,,
c6389541,unknown,False,2025-11-27 11:03:50,2025-11-27 11:05:14,unknown_backfilled,84.0,experiment_log2025-11-27_11-03-50.log,,
5e73f5fa,unknown,False,2025-11-27 11:05:23,2025-11-27 11:07:01,unknown_backfilled,98.0,experiment_log2025-11-27_11-05-22.log,,
3cbe179e,unknown,False,2025-11-27 11:07:07,2025-11-27 11:09:04,unknown_backfilled,117.0,experiment_log2025-11-27_11-07-07.log,,
e88db555,unknown,False,2025-11-27 11:09:12,2025-11-27 11:11:07,unknown_backfilled,115.0,experiment_log2025-11-27_11-09-12.log,,
90bcd84a,unknown,False,2025-11-27 11:11:15,2025-11-27 11:13:13,unknown_backfilled,118.0,experiment_log2025-11-27_11-11-15.log,,
7a8acdf8,unknown,False,2025-11-27 11:16:47,2025-11-27 11:21:30,unknown_backfilled,283.0,experiment_log2025-11-27_11-16-47.log,,
59c6227e,unknown,False,2025-11-27 11:26:21,2025-11-27 11:27:40,unknown_backfilled,79.0,experiment_log2025-11-27_11-26-20.log,,
13bab75a,unknown,False,2025-11-27 11:27:49,2025-11-27 11:28:59,unknown_backfilled,70.0,experiment_log2025-11-27_11-27-49.log,,
c797a26f,unknown,False,2025-11-27 11:29:46,2025-11-27 11:29:48,unknown_backfilled,2.0,experiment_log2025-11-27_11-29-46.log,,
49e5cd87,unknown,False,2025-11-27 11:30:19,2025-11-27 11:31:33,unknown_backfilled,74.0,experiment_log2025-11-27_11-30-19.log,,
04ac69a3,unknown,False,2025-11-27 11:32:28,2025-11-27 11:37:56,unknown_backfilled,328.0,experiment_log2025-11-27_11-32-28.log,,
5fb10211,unknown,False,2025-11-27 11:38:44,2025-11-27 11:40:00,unknown_backfilled,76.0,experiment_log2025-11-27_11-38-44.log,,
cbdbdb96,unknown,False,2025-11-27 11:52:10,2025-11-27 11:52:11,unknown_backfilled,1.0,experiment_log2025-11-27_11-52-09.log,,
c5682049,unknown,False,2025-11-27 11:53:03,2025-11-27 11:54:33,unknown_backfilled,90.0,experiment_log2025-11-27_11-53-02.log,,
aef94d17,unknown,False,2025-11-27 11:54:54,2025-11-27 11:56:17,unknown_backfilled,83.0,experiment_log2025-11-27_11-54-53.log,,
cd4883c7,unknown,False,2025-11-27 11:56:33,2025-11-27 12:02:40,unknown_backfilled,367.0,experiment_log2025-11-27_11-56-32.log,,
ba1b18c2,unknown,False,2025-11-27 12:04:51,2025-11-27 12:06:18,unknown_backfilled,87.0,experiment_log2025-11-27_12-04-50.log,,
c806e50e,unknown,False,2025-11-27 12:06:39,2025-11-27 12:07:59,unknown_backfilled,80.0,experiment_log2025-11-27_12-06-39.log,,
e10047a0,unknown,False,2025-11-27 12:09:06,2025-11-27 12:10:25,unknown_backfilled,79.0,experiment_log2025-11-27_12-09-06.log,,
ec9827b9,unknown,False,2025-11-27 12:12:40,2025-11-27 12:12:42,unknown_backfilled,2.0,experiment_log2025-11-27_12-12-40.log,,
39ad9797,unknown,False,2025-11-27 12:14:27,2025-11-27 12:20:35,unknown_backfilled,368.0,experiment_log2025-11-27_12-14-27.log,,
9e37a189,unknown,False,2025-11-27 12:22:42,2025-11-27 12:28:48,unknown_backfilled,366.0,experiment_log2025-11-27_12-22-42.log,,
c064ac20,unknown,False,2025-11-27 12:30:41,2025-11-27 12:30:42,unknown_backfilled,1.0,experiment_log2025-11-27_12-30-40.log,,
32362eb4,unknown,False,2025-11-27 12:31:17,2025-11-27 12:32:36,unknown_backfilled,79.0,experiment_log2025-11-27_12-31-17.log,,
b6569ff9,unknown,False,2025-11-27 12:34:20,2025-11-27 12:40:28,unknown_backfilled,368.0,experiment_log2025-11-27_12-34-19.log,,
1f29fcd7,unknown,False,2025-11-27 12:40:44,2025-11-27 12:41:56,unknown_backfilled,72.0,experiment_log2025-11-27_12-40-44.log,,
bb6d74fe,unknown,False,2025-11-27 12:49:55,2025-11-27 12:51:07,unknown_backfilled,72.0,experiment_log2025-11-27_12-49-54.log,,
24333839,unknown,False,2025-11-27 12:51:33,2025-11-27 12:53:06,unknown_backfilled,93.0,experiment_log2025-11-27_12-51-33.log,,
a297b275,unknown,False,2025-11-27 12:57:53,2025-11-27 12:59:13,unknown_backfilled,80.0,experiment_log2025-11-27_12-57-53.log,,
0b97e3de,unknown,False,2025-11-27 13:00:09,2025-11-27 13:01:47,unknown_backfilled,98.0,experiment_log2025-11-27_13-00-08.log,,
aa7fc497,unknown,False,2025-11-27 13:04:48,2025-11-27 13:04:49,unknown_backfilled,1.0,experiment_log2025-11-27_13-04-47.log,,
a7006a1c,unknown,False,2025-11-27 13:05:07,2025-11-27 13:06:31,unknown_backfilled,84.0,experiment_log2025-11-27_13-05-07.log,,
7f25834c,unknown,False,2025-11-27 15:54:18,2025-11-27 15:54:19,unknown_backfilled,1.0,experiment_log2025-11-27_15-54-18.log,,
9db50410,unknown,False,2025-11-27 16:44:55,2025-11-27 16:45:55,unknown_backfilled,60.0,experiment_log2025-11-27_16-44-54.log,,
1482e7d2,unknown,False,2025-11-27 16:52:31,2025-11-27 16:52:35,unknown_backfilled,4.0,experiment_log2025-11-27_16-52-30.log,,
d8ca66f7,unknown,False,2025-11-27 16:53:07,2025-11-27 16:53:10,unknown_backfilled,3.0,experiment_log2025-11-27_16-53-07.log,,
c830e7ee,unknown,False,2025-11-27 16:53:27,2025-11-27 16:53:46,unknown_backfilled,19.0,experiment_log2025-11-27_16-53-26.log,,
cd7063a8,unknown,False,2025-11-27 16:55:26,2025-11-27 16:55:35,unknown_backfilled,9.0,experiment_log2025-11-27_16-55-26.log,,
8134b7c5,unknown,False,2025-11-27 16:55:47,2025-11-27 16:55:51,unknown_backfilled,4.0,experiment_log2025-11-27_16-55-47.log,,
edacc57d,unknown,False,2025-11-27 16:56:27,2025-11-27 16:56:29,unknown_backfilled,2.0,experiment_log2025-11-27_16-56-27.log,,
6042a317,unknown,False,2025-11-27 16:57:02,2025-11-27 16:58:19,unknown_backfilled,77.0,experiment_log2025-11-27_16-57-01.log,,
f3397bdf,unknown,False,2025-11-27 16:58:41,2025-11-27 17:16:37,unknown_backfilled,1076.0,experiment_log2025-11-27_16-58-41.log,,
dd1b8c0c,unknown,False,2025-11-27 17:16:54,2025-11-27 17:18:02,unknown_backfilled,68.0,experiment_log2025-11-27_17-16-54.log,,
a861ccb9,unknown,False,2025-11-27 17:20:08,2025-11-27 17:41:10,unknown_backfilled,1262.0,experiment_log2025-11-27_17-20-08.log,,
5fe0cb91,surfactant_grid_adaptive_concentrations,False,2025-11-27 17:56:16,2025-11-27 17:57:38,unknown_backfilled,82.0,experiment_log2025-11-27_17-56-15.log,,
176b94f3,surfactant_grid_adaptive_concentrations,False,2025-11-27 17:58:46,2025-11-27 17:58:46,unknown_backfilled,0.0,experiment_log2025-11-27_17-58-46.log,,
807e591b,surfactant_grid_adaptive_concentrations,False,2025-11-27 17:58:53,2025-11-27 17:58:53,unknown_backfilled,0.0,experiment_log2025-11-27_17-58-52.log,,
f47cbdfe,surfactant_grid_adaptive_concentrations,False,2025-11-27 17:59:20,2025-11-27 17:59:20,unknown_backfilled,0.0,experiment_log2025-11-27_17-59-20.log,,
307e1e0f,surfactant_grid_adaptive_concentrations,False,2025-11-27 18:06:00,2025-11-27 18:07:32,unknown_backfilled,92.0,experiment_log2025-11-27_18-05-59.log,,
24dc9bd8,surfactant_grid_adaptive_concentrations,False,2025-11-27 18:08:02,2025-11-27 19:19:58,unknown_backfilled,4316.0,experiment_log2025-11-27_18-08-02.log,,
7b5a6f28,unknown,False,2025-11-28 13:06:57,2025-11-28 13:06:57,unknown_backfilled,0.0,experiment_log2025-11-28_13-06-57.log,,
0feb86ff,unknown,False,2025-11-28 13:07:25,2025-11-28 13:07:26,unknown_backfilled,1.0,experiment_log2025-11-28_13-07-25.log,,
122482ad,unknown,False,2025-11-28 13:16:50,2025-11-28 13:17:46,unknown_backfilled,56.0,experiment_log2025-11-28_13-16-50.log,,
ce049078,unknown,False,2025-11-28 13:19:18,2025-11-28 13:19:24,unknown_backfilled,6.0,experiment_log2025-11-28_13-19-17.log,,
5699f54f,unknown,False,2025-11-28 13:20:01,2025-11-28 13:20:38,unknown_backfilled,37.0,experiment_log2025-11-28_13-20-01.log,,
6300ed52,unknown,False,2025-11-28 13:22:51,2025-11-28 14:01:31,unknown_backfilled,2320.0,experiment_log2025-11-28_13-22-51.log,,
a078a93e,unknown,False,2025-12-01 16:46:14,2025-12-01 16:46:14,unknown_backfilled,0.0,experiment_log2025-12-01_16-46-13.log,,
762fd36f,unknown,False,2025-12-01 16:46:56,2025-12-01 16:47:54,unknown_backfilled,58.0,experiment_log2025-12-01_16-46-55.log,,
13d5f946,unknown,False,2025-12-01 16:48:01,2025-12-01 16:48:04,unknown_backfilled,3.0,experiment_log2025-12-01_16-48-00.log,,
7672d6e3,unknown,False,2025-12-01 16:48:58,2025-12-01 16:49:01,unknown_backfilled,3.0,experiment_log2025-12-01_16-48-57.log,,
b48b2ba5,unknown,False,2025-12-01 16:50:46,2025-12-01 16:50:49,unknown_backfilled,3.0,experiment_log2025-12-01_16-50-46.log,,
1660d375,unknown,False,2025-12-01 16:51:28,2025-12-01 16:51:32,unknown_backfilled,4.0,experiment_log2025-12-01_16-51-28.log,,
0b8c975b,unknown,False,2025-12-01 16:52:19,2025-12-01 16:52:32,unknown_backfilled,13.0,experiment_log2025-12-01_16-52-18.log,,
ef52e5e9,unknown,False,2025-12-01 16:52:41,2025-12-01 16:52:44,unknown_backfilled,3.0,experiment_log2025-12-01_16-52-40.log,,
4f6f8489,unknown,False,2025-12-01 16:53:22,2025-12-01 16:53:26,unknown_backfilled,4.0,experiment_log2025-12-01_16-53-22.log,,
659e4f27,unknown,False,2025-12-01 16:57:04,2025-12-01 16:57:12,unknown_backfilled,8.0,experiment_log2025-12-01_16-57-04.log,,
3f2b2f96,unknown,False,2025-12-01 16:58:12,2025-12-01 16:58:15,unknown_backfilled,3.0,experiment_log2025-12-01_16-58-11.log,,
1c4e0acc,unknown,False,2025-12-01 16:58:25,2025-12-01 16:58:28,unknown_backfilled,3.0,experiment_log2025-12-01_16-58-25.log,,
34750992,unknown,False,2025-12-01 17:00:43,2025-12-01 17:00:47,unknown_backfilled,4.0,experiment_log2025-12-01_17-00-43.log,,
d17b6def,unknown,False,2025-12-01 17:08:25,2025-12-01 17:08:26,unknown_backfilled,1.0,experiment_log2025-12-01_17-08-24.log,,
0d9fe3f9,unknown,False,2025-12-01 17:09:09,2025-12-01 17:09:10,unknown_backfilled,1.0,experiment_log2025-12-01_17-09-08.log,,
87b0b313,unknown,False,2025-12-01 17:09:35,2025-12-01 17:09:37,unknown_backfilled,2.0,experiment_log2025-12-01_17-09-35.log,,
a37b0c79,unknown,False,2025-12-01 17:14:21,2025-12-01 17:14:22,unknown_backfilled,1.0,experiment_log2025-12-01_17-14-21.log,,
1a524548,unknown,False,2025-12-01 17:16:07,2025-12-01 17:43:12,unknown_backfilled,1625.0,experiment_log2025-12-01_17-16-06.log,,
9d094af4,unknown,False,2025-12-01 18:45:26,2025-12-01 19:18:05,unknown_backfilled,1959.0,experiment_log2025-12-01_18-45-25.log,,
290f0f43,unknown,False,2025-12-02 10:36:18,2025-12-02 11:08:45,unknown_backfilled,1947.0,experiment_log2025-12-02_10-36-18.log,,
8a28fb50,unknown,False,2025-12-02 11:42:16,2025-12-02 12:34:10,unknown_backfilled,3114.0,experiment_log2025-12-02_11-42-16.log,,
3284ede2,unknown,False,2025-12-02 13:15:38,2025-12-02 13:52:16,unknown_backfilled,2198.0,experiment_log2025-12-02_13-15-38.log,,
0cdae5eb,unknown,False,2025-12-02 14:35:40,2025-12-02 15:12:54,unknown_backfilled,2234.0,experiment_log2025-12-02_14-35-40.log,,
c72d22fa,unknown,False,2025-12-02 15:20:06,2025-12-02 15:57:58,unknown_backfilled,2272.0,experiment_log2025-12-02_15-20-06.log,,
b742cccf,unknown,False,2025-12-02 16:15:09,2025-12-02 16:40:28,unknown_backfilled,1519.0,experiment_log2025-12-02_16-15-09.log,,
c2460f52,unknown,False,2025-12-02 17:50:47,2025-12-02 18:21:58,unknown_backfilled,1871.0,experiment_log2025-12-02_17-50-46.log,,
70694d1c,unknown,False,2025-12-03 10:35:20,2025-12-03 11:11:06,unknown_backfilled,2146.0,experiment_log2025-12-03_10-35-20.log,,
4710d7bd,unknown,False,2025-12-03 11:29:48,2025-12-03 11:29:50,unknown_backfilled,2.0,experiment_log2025-12-03_11-29-48.log,,
1672ce11,unknown,False,2025-12-03 11:30:36,2025-12-03 11:32:07,unknown_backfilled,91.0,experiment_log2025-12-03_11-30-36.log,,
3d24ee5f,unknown,False,2025-12-03 11:32:57,2025-12-03 11:34:41,unknown_backfilled,104.0,experiment_log2025-12-03_11-32-57.log,,
4a8b73e0,unknown,False,2025-12-03 11:37:15,2025-12-03 13:13:04,unknown_backfilled,5749.0,experiment_log2025-12-03_11-37-15.log,,
8d9aaac8,unknown,False,2025-12-03 14:58:52,2025-12-03 14:58:53,unknown_backfilled,1.0,experiment_log2025-12-03_14-58-51.log,,
132b71f5,unknown,False,2025-12-03 14:59:58,2025-12-03 14:59:59,unknown_backfilled,1.0,experiment_log2025-12-03_14-59-57.log,,
cae2af2c,unknown,False,2025-12-03 15:00:22,2025-12-03 17:14:01,unknown_backfilled,8019.0,experiment_log2025-12-03_15-00-21.log,,
7e02fc2f,unknown,False,2025-12-03 17:52:55,2025-12-03 17:53:00,unknown_backfilled,5.0,experiment_log2025-12-03_17-52-54.log,,
f0e60dc3,unknown,False,2025-12-03 17:53:39,2025-12-03 17:53:45,unknown_backfilled,6.0,experiment_log2025-12-03_17-53-38.log,,
c803ec5c,unknown,False,2025-12-03 17:54:44,2025-12-03 17:54:46,unknown_backfilled,2.0,experiment_log2025-12-03_17-54-43.log,,
11ce7892,unknown,False,2025-12-03 17:59:10,2025-12-03 18:26:28,unknown_backfilled,1638.0,experiment_log2025-12-03_17-59-09.log,,
f456aafd,unknown,False,2025-12-03 18:30:33,2025-12-03 18:34:57,unknown_backfilled,264.0,experiment_log2025-12-03_18-30-32.log,,
45c63037,unknown,False,2025-12-03 18:39:16,2025-12-03 18:43:58,unknown_backfilled,282.0,experiment_log2025-12-03_18-39-16.log,,
5481771c,unknown,False,2025-12-03 18:49:50,2025-12-03 18:49:53,unknown_backfilled,3.0,experiment_log2025-12-03_18-49-49.log,,
68253cf6,unknown,False,2025-12-03 18:50:32,2025-12-03 18:50:51,unknown_backfilled,19.0,experiment_log2025-12-03_18-50-32.log,,
b277c0f7,unknown,False,2025-12-03 18:52:27,2025-12-03 21:01:19,unknown_backfilled,7732.0,experiment_log2025-12-03_18-52-26.log,,
e9de15de,unknown,False,2025-12-04 11:22:12,2025-12-04 11:22:14,unknown_backfilled,2.0,experiment_log2025-12-04_11-22-12.log,,
f7754008,unknown,False,2025-12-04 11:29:03,2025-12-04 11:45:05,unknown_backfilled,962.0,experiment_log2025-12-04_11-29-03.log,,
9aa30dd1,unknown,False,2025-12-04 11:52:51,2025-12-04 11:52:54,unknown_backfilled,3.0,experiment_log2025-12-04_11-52-50.log,,
95a95b38,unknown,False,2025-12-04 11:53:12,2025-12-04 11:54:59,unknown_backfilled,107.0,experiment_log2025-12-04_11-53-11.log,,
33c2ce3b,unknown,False,2025-12-04 11:55:46,2025-12-04 13:35:28,unknown_backfilled,5982.0,experiment_log2025-12-04_11-55-45.log,,
2decd0f4,unknown,False,2025-12-04 17:04:47,2025-12-04 17:04:49,unknown_backfilled,2.0,experiment_log2025-12-04_17-04-46.log,,
afcc18b3,unknown,False,2025-12-04 17:05:06,2025-12-04 17:06:13,unknown_backfilled,67.0,experiment_log2025-12-04_17-05-06.log,,
99f361ea,unknown,False,2025-12-04 17:11:19,2025-12-04 19:27:16,unknown_backfilled,8157.0,experiment_log2025-12-04_17-11-19.log,,
2a81b884,surfactant_grid_adaptive_concentrations,False,2025-12-08 15:57:54,2025-12-08 16:56:16,unknown_backfilled,3502.0,experiment_log2025-12-08_15-57-53.log,,
6df5a188,surfactant_grid_adaptive_concentrations,False,2025-12-08 17:48:13,2025-12-08 18:25:08,unknown_backfilled,2215.0,experiment_log2025-12-08_17-48-12.log,,
a1a6ed6c,unknown,False,2025-12-10 17:22:14,2025-12-10 17:22:53,unknown_backfilled,39.0,experiment_log2025-12-10_17-22-13.log,,
cd4d2be9,unknown,False,2025-12-10 17:24:40,2025-12-10 17:24:41,unknown_backfilled,1.0,experiment_log2025-12-10_17-24-39.log,,
5c821a91,unknown,False,2025-12-10 17:25:01,2025-12-10 17:25:02,unknown_backfilled,1.0,experiment_log2025-12-10_17-25-00.log,,
81e9190c,unknown,False,2025-12-10 17:25:40,2025-12-10 17:25:41,unknown_backfilled,1.0,experiment_log2025-12-10_17-25-39.log,,
8f45f1c2,unknown,False,2025-12-10 17:29:45,2025-12-10 17:29:47,unknown_backfilled,2.0,experiment_log2025-12-10_17-29-45.log,,
a6daff0e,unknown,False,2025-12-10 17:30:28,2025-12-10 17:30:29,unknown_backfilled,1.0,experiment_log2025-12-10_17-30-28.log,,
38dacaf4,unknown,False,2025-12-10 17:30:54,2025-12-10 17:30:56,unknown_backfilled,2.0,experiment_log2025-12-10_17-30-54.log,,
f4b2e0c0,unknown,False,2025-12-10 17:35:28,2025-12-10 17:36:07,unknown_backfilled,39.0,experiment_log2025-12-10_17-35-27.log,,
ba11b34a,unknown,False,2025-12-10 17:36:53,2025-12-10 17:36:57,unknown_backfilled,4.0,experiment_log2025-12-10_17-36-53.log,,
10a8a648,unknown,False,2025-12-10 17:37:07,2025-12-10 17:37:18,unknown_backfilled,11.0,experiment_log2025-12-10_17-37-06.log,,
1bd5b203,unknown,False,2025-12-10 17:37:40,2025-12-10 17:37:42,unknown_backfilled,2.0,experiment_log2025-12-10_17-37-40.log,,
db74ecc8,unknown,False,2025-12-10 17:38:22,2025-12-10 17:38:28,unknown_backfilled,6.0,experiment_log2025-12-10_17-38-21.log,,
dd5a0917,unknown,False,2025-12-10 17:38:44,2025-12-10 17:38:54,unknown_backfilled,10.0,experiment_log2025-12-10_17-38-43.log,,
32a35a58,unknown,False,2025-12-10 17:39:20,2025-12-10 17:39:31,unknown_backfilled,11.0,experiment_log2025-12-10_17-39-20.log,,
0f7290c0,unknown,False,2025-12-10 17:42:35,2025-12-10 17:42:40,unknown_backfilled,5.0,experiment_log2025-12-10_17-42-35.log,,
b8ab0c0b,unknown,False,2025-12-10 17:42:46,2025-12-10 17:42:51,unknown_backfilled,5.0,experiment_log2025-12-10_17-42-46.log,,
31fe0713,unknown,False,2025-12-10 17:42:58,2025-12-10 17:43:02,unknown_backfilled,4.0,experiment_log2025-12-10_17-42-58.log,,
5c53fe28,unknown,False,2025-12-10 17:43:12,2025-12-10 17:43:13,unknown_backfilled,1.0,experiment_log2025-12-10_17-43-11.log,,
1f5c972e,unknown,False,2025-12-12 17:21:05,2025-12-12 17:21:48,unknown_backfilled,43.0,experiment_log2025-12-12_17-21-05.log,,
4bd74d03,unknown,False,2025-12-12 17:21:57,2025-12-12 17:22:02,unknown_backfilled,5.0,experiment_log2025-12-12_17-21-56.log,,
c1b793ab,unknown,False,2025-12-22 13:21:38,2025-12-22 13:21:39,unknown_backfilled,1.0,experiment_log2025-12-22_13-21-38.log,,
f74b04c7,unknown,False,2025-12-22 13:22:01,2025-12-22 13:31:23,unknown_backfilled,562.0,experiment_log2025-12-22_13-22-01.log,,
5a62c762,unknown,False,2025-12-22 13:33:13,2025-12-22 13:39:45,unknown_backfilled,392.0,experiment_log2025-12-22_13-33-13.log,,
450a4141,unknown,False,2025-12-22 13:40:49,2025-12-22 13:55:33,unknown_backfilled,884.0,experiment_log2025-12-22_13-40-48.log,,
5751a30d,unknown,False,2025-12-22 13:59:12,2025-12-22 15:00:25,unknown_backfilled,3673.0,experiment_log2025-12-22_13-59-11.log,,
3d4be32e,unknown,False,2025-12-22 15:06:36,2025-12-22 15:06:55,unknown_backfilled,19.0,experiment_log2025-12-22_15-06-36.log,,
631f399e,unknown,False,2025-12-22 15:07:28,2025-12-22 15:16:44,unknown_backfilled,556.0,experiment_log2025-12-22_15-07-28.log,,
e5de73e1,unknown,False,2025-12-22 15:20:27,2025-12-22 15:29:51,unknown_backfilled,564.0,experiment_log2025-12-22_15-20-27.log,,
902faf87,color_mixing,False,2025-12-22 15:35:38,2025-12-22 15:36:49,unknown_backfilled,71.0,experiment_log2025-12-22_15-35-37.log,,
bb705244,color_mixing,False,2025-12-22 15:43:38,2025-12-22 15:47:38,unknown_backfilled,240.0,experiment_log2025-12-22_15-43-37.log,,
3018e8e2,color_mixing,False,2025-12-22 15:49:11,2025-12-22 15:50:19,unknown_backfilled,68.0,experiment_log2025-12-22_15-49-10.log,,
5dcf534a,unknown,False,2025-12-22 15:50:39,2025-12-22 15:50:45,unknown_backfilled,6.0,experiment_log2025-12-22_15-50-39.log,,
2c5433f3,color_mixing,False,2025-12-22 15:53:33,2025-12-22 15:54:06,unknown_backfilled,33.0,experiment_log2025-12-22_15-53-33.log,,
8926d09b,color_mixing,False,2025-12-22 15:54:39,2025-12-22 15:55:17,unknown_backfilled,38.0,experiment_log2025-12-22_15-54-38.log,,
87dc2794,color_mixing,False,2025-12-22 15:55:36,2025-12-22 15:56:55,unknown_backfilled,79.0,experiment_log2025-12-22_15-55-36.log,,
552abcf0,color_mixing,False,2025-12-22 15:57:21,2025-12-22 15:58:49,unknown_backfilled,88.0,experiment_log2025-12-22_15-57-21.log,,
61660ddd,color_mixing,False,2025-12-22 15:59:12,2025-12-22 16:01:06,unknown_backfilled,114.0,experiment_log2025-12-22_15-59-11.log,,
c494bdb3,unknown,False,2025-12-22 16:01:20,2025-12-22 16:01:24,unknown_backfilled,4.0,experiment_log2025-12-22_16-01-20.log,,
1131a91b,unknown,False,2025-12-22 16:04:47,2025-12-22 17:26:28,unknown_backfilled,4901.0,experiment_log2025-12-22_16-04-47.log,,
2906559b,unknown,False,2025-12-22 17:28:23,2025-12-22 17:38:03,unknown_backfilled,580.0,experiment_log2025-12-22_17-28-22.log,,
e15a55cb,unknown,False,2025-12-22 17:40:49,2025-12-22 17:49:42,unknown_backfilled,533.0,experiment_log2025-12-22_17-40-49.log,,
a6ddf2a7,color_mixing,False,2025-12-22 17:50:42,2025-12-22 17:51:17,unknown_backfilled,35.0,experiment_log2025-12-22_17-50-42.log,,
b5c04198,color_mixing,False,2025-12-22 17:52:34,2025-12-22 17:54:31,unknown_backfilled,117.0,experiment_log2025-12-22_17-52-33.log,,
690ccb48,unknown,False,2025-12-22 17:55:18,2025-12-22 17:55:26,unknown_backfilled,8.0,experiment_log2025-12-22_17-55-17.log,,
36794265,color_mixing,False,2025-12-22 17:57:14,2025-12-22 17:57:15,unknown_backfilled,1.0,experiment_log2025-12-22_17-57-14.log,,
5d76c506,color_mixing,False,2025-12-22 17:57:45,2025-12-22 17:58:43,unknown_backfilled,58.0,experiment_log2025-12-22_17-57-45.log,,
067b3561,color_mixing,False,2025-12-22 17:59:05,2025-12-22 18:00:54,unknown_backfilled,109.0,experiment_log2025-12-22_17-59-04.log,,
14443a41,color_mixing,False,2025-12-22 18:01:16,2025-12-22 18:29:15,unknown_backfilled,1679.0,experiment_log2025-12-22_18-01-16.log,,
bf6c4d5f,color_mixing,False,2025-12-23 12:46:27,2025-12-23 12:54:31,unknown_backfilled,484.0,experiment_log2025-12-23_12-46-27.log,,
b94ced5d,color_mixing,False,2025-12-23 13:00:37,2025-12-23 13:03:46,unknown_backfilled,189.0,experiment_log2025-12-23_13-00-36.log,,
c2c66585,color_mixing,False,2025-12-23 13:05:33,2025-12-23 13:05:37,unknown_backfilled,4.0,experiment_log2025-12-23_13-05-32.log,,
698cf850,color_mixing,False,2025-12-23 13:06:02,2025-12-23 13:10:13,unknown_backfilled,251.0,experiment_log2025-12-23_13-06-01.log,,
62fcfcd5,color_mixing,False,2025-12-23 13:11:19,2025-12-23 13:18:26,unknown_backfilled,427.0,experiment_log2025-12-23_13-11-18.log,,
10ae1c84,color_mixing,False,2025-12-23 13:21:50,2025-12-23 13:24:23,unknown_backfilled,153.0,experiment_log2025-12-23_13-21-50.log,,
a2cdedd9,color_mixing,False,2025-12-23 13:24:48,2025-12-23 13:31:43,unknown_backfilled,415.0,experiment_log2025-12-23_13-24-48.log,,
82cc2d03,color_mixing,False,2025-12-23 13:34:25,2025-12-23 13:34:36,unknown_backfilled,11.0,experiment_log2025-12-23_13-34-25.log,,
6711e1d7,unknown,False,2026-01-06 14:28:17,2026-01-06 14:29:06,unknown_backfilled,49.0,experiment_log2026-01-06_14-28-17.log,,
52da6851,unknown,False,2026-01-06 14:29:48,2026-01-06 14:30:26,unknown_backfilled,38.0,experiment_log2026-01-06_14-29-48.log,,
622588e0,unknown,False,2026-01-06 14:30:54,2026-01-06 14:35:44,unknown_backfilled,290.0,experiment_log2026-01-06_14-30-53.log,,
41304054,unknown,False,2026-01-06 14:38:11,2026-01-06 14:39:20,unknown_backfilled,69.0,experiment_log2026-01-06_14-38-11.log,,
272ec57e,unknown,False,2026-01-06 14:40:02,2026-01-06 14:40:35,unknown_backfilled,33.0,experiment_log2026-01-06_14-40-01.log,,
a2feb478,unknown,False,2026-01-06 14:40:46,2026-01-06 14:40:55,unknown_backfilled,9.0,experiment_log2026-01-06_14-40-46.log,,
7ca12606,unknown,False,2026-01-06 14:41:35,2026-01-06 14:42:07,unknown_backfilled,32.0,experiment_log2026-01-06_14-41-35.log,,
895a7773,unknown,False,2026-01-06 14:43:04,2026-01-06 14:44:20,unknown_backfilled,76.0,experiment_log2026-01-06_14-43-03.log,,
f05d7623,unknown,False,2026-01-06 14:44:48,2026-01-06 14:46:02,unknown_backfilled,74.0,experiment_log2026-01-06_14-44-47.log,,
cdde51d1,unknown,False,2026-01-06 15:14:00,2026-01-06 15:14:32,unknown_backfilled,32.0,experiment_log2026-01-06_15-14-00.log,,
0f0ef232,color_mixing,False,2026-01-06 15:26:36,2026-01-06 15:38:44,unknown_backfilled,728.0,experiment_log2026-01-06_15-26-36.log,,
c69bd193,color_mixing,False,2026-01-06 15:42:07,2026-01-06 15:49:51,unknown_backfilled,464.0,experiment_log2026-01-06_15-42-06.log,,
865bcf88,color_mixing,False,2026-01-06 15:59:36,2026-01-06 16:06:27,unknown_backfilled,411.0,experiment_log2026-01-06_15-59-36.log,,
132df588,color_mixing,False,2026-01-06 16:24:47,2026-01-06 16:29:15,unknown_backfilled,268.0,experiment_log2026-01-06_16-24-46.log,,
d1387751,color_mixing,False,2026-01-06 16:31:15,2026-01-06 19:33:22,unknown_backfilled,10927.0,experiment_log2026-01-06_16-31-15.log,,
890afd4f,Degradation_serena,False,2026-01-07 11:06:07,2026-01-07 11:07:58,unknown_backfilled,111.0,experiment_log2026-01-07_11-06-06.log,,
95f0f73b,Degradation_serena,False,2026-01-07 11:11:08,2026-01-07 11:19:47,unknown_backfilled,519.0,experiment_log2026-01-07_11-11-08.log,,
3f27d444,unknown,False,2026-01-07 11:27:32,2026-01-07 11:27:44,unknown_backfilled,12.0,experiment_log2026-01-07_11-27-32.log,,
43129ca3,Degradation_serena,False,2026-01-07 11:30:56,2026-01-07 11:31:58,unknown_backfilled,62.0,experiment_log2026-01-07_11-30-56.log,,
0aa47a66,Degradation_serena,False,2026-01-07 11:32:23,2026-01-07 11:33:25,unknown_backfilled,62.0,experiment_log2026-01-07_11-32-22.log,,
8600e148,Degradation_serena,False,2026-01-07 11:34:03,2026-01-07 11:34:23,unknown_backfilled,20.0,experiment_log2026-01-07_11-34-03.log,,
17fa492d,Degradation_serena,False,2026-01-07 11:35:36,2026-01-07 11:45:02,unknown_backfilled,566.0,experiment_log2026-01-07_11-35-36.log,,
6cae238a,unknown,False,2026-01-07 11:52:11,2026-01-07 11:52:17,unknown_backfilled,6.0,experiment_log2026-01-07_11-52-10.log,,
3d78c4f4,Degradation_serena,False,2026-01-07 11:58:35,2026-01-07 12:08:36,unknown_backfilled,601.0,experiment_log2026-01-07_11-58-34.log,,
c88cfd15,unknown,False,2026-01-07 12:09:51,2026-01-07 12:09:57,unknown_backfilled,6.0,experiment_log2026-01-07_12-09-50.log,,
56cde77a,Degradation_serena,False,2026-01-07 12:13:56,2026-01-07 12:14:09,unknown_backfilled,13.0,experiment_log2026-01-07_12-13-55.log,,
cb364744,Degradation_serena,False,2026-01-07 12:14:54,2026-01-07 12:18:57,unknown_backfilled,243.0,experiment_log2026-01-07_12-14-54.log,,
77359b92,Degradation_serena,False,2026-01-07 12:24:22,2026-01-07 12:29:52,unknown_backfilled,330.0,experiment_log2026-01-07_12-24-21.log,,
5e1be392,sample_workflow_v2,False,2026-01-07 12:33:28,2026-01-07 12:33:54,unknown_backfilled,26.0,experiment_log2026-01-07_12-33-27.log,,
185caaa5,sample_workflow_v2,False,2026-01-07 12:34:06,2026-01-07 12:35:43,unknown_backfilled,97.0,experiment_log2026-01-07_12-34-05.log,,
755c8358,sample_workflow_v2,False,2026-01-07 12:37:31,2026-01-07 12:38:54,unknown_backfilled,83.0,experiment_log2026-01-07_12-37-30.log,,
c2982377,sample_workflow_v2,False,2026-01-07 12:40:45,2026-01-07 12:42:36,unknown_backfilled,111.0,experiment_log2026-01-07_12-40-45.log,,
1d2977a9,sample_workflow_v2,False,2026-01-07 12:42:48,2026-01-07 12:44:37,unknown_backfilled,109.0,experiment_log2026-01-07_12-42-48.log,,
64043610,sample_workflow_v2,False,2026-01-07 12:45:25,2026-01-07 12:45:54,unknown_backfilled,29.0,experiment_log2026-01-07_12-45-25.log,,
eead7fab,sample_workflow_v2,False,2026-01-07 12:50:28,2026-01-07 12:51:38,unknown_backfilled,70.0,experiment_log2026-01-07_12-50-27.log,,
2ab0dba3,unknown,False,2026-01-07 12:51:49,2026-01-07 12:51:54,unknown_backfilled,5.0,experiment_log2026-01-07_12-51-48.log,,
7c4a5dff,Degradation_serena,False,2026-01-07 12:52:25,2026-01-07 12:52:25,unknown_backfilled,0.0,experiment_log2026-01-07_12-52-25.log,,
26769b51,sample_workflow_v2,False,2026-01-07 12:52:33,2026-01-07 12:54:24,unknown_backfilled,111.0,experiment_log2026-01-07_12-52-32.log,,
deb9cc93,Degradation_serena,False,2026-01-07 12:55:30,2026-01-07 13:01:30,unknown_backfilled,360.0,experiment_log2026-01-07_12-55-29.log,,
529d4681,Degradation_serena,False,2026-01-07 13:44:44,2026-01-07 13:51:42,unknown_backfilled,418.0,experiment_log2026-01-07_13-44-43.log,,
d6843f41,unknown,False,2026-01-07 13:57:23,2026-01-07 13:58:52,unknown_backfilled,89.0,experiment_log2026-01-07_13-57-23.log,,
4ea52edb,Degradation_serena,False,2026-01-07 14:01:06,2026-01-07 14:01:20,unknown_backfilled,14.0,experiment_log2026-01-07_14-01-06.log,,
b4291452,Degradation_serena,False,2026-01-07 14:01:39,2026-01-07 14:02:00,unknown_backfilled,21.0,experiment_log2026-01-07_14-01-39.log,,
d1b3c92a,Degradation_serena,False,2026-01-07 14:02:22,2026-01-07 14:43:47,unknown_backfilled,2485.0,experiment_log2026-01-07_14-02-22.log,,
bb79be24,Degradation_serena,False,2026-01-07 14:48:36,2026-01-07 14:49:27,unknown_backfilled,51.0,experiment_log2026-01-07_14-48-35.log,,
a71f3128,Degradation_serena,False,2026-01-07 14:52:13,2026-01-07 14:52:33,unknown_backfilled,20.0,experiment_log2026-01-07_14-52-13.log,,
e0b9f371,Degradation_serena,False,2026-01-07 14:53:14,2026-01-07 14:53:54,unknown_backfilled,40.0,experiment_log2026-01-07_14-53-13.log,,
4ebde130,unknown,False,2026-01-07 16:11:29,2026-01-07 16:11:38,unknown_backfilled,9.0,experiment_log2026-01-07_16-11-28.log,,
d85b3680,sample_workflow_v2,False,2026-01-14 13:23:23,2026-01-14 13:24:07,unknown_backfilled,44.0,experiment_log2026-01-14_13-23-21.log,,
5be3c159,sample_workflow_v2,False,2026-01-14 13:39:35,2026-01-14 13:40:19,unknown_backfilled,44.0,experiment_log2026-01-14_13-39-35.log,,
5961d41a,sample_workflow_v2,False,2026-01-14 13:45:11,2026-01-14 13:45:54,unknown_backfilled,43.0,experiment_log2026-01-14_13-45-11.log,,
644446c5,sample_workflow_v2,False,2026-01-14 13:47:49,2026-01-14 13:48:33,unknown_backfilled,44.0,experiment_log2026-01-14_13-47-49.log,,
0ed9202a,sample_workflow_v2,False,2026-01-14 13:49:45,2026-01-14 13:50:08,unknown_backfilled,23.0,experiment_log2026-01-14_13-49-45.log,,
a4fd3657,sample_workflow_v2,False,2026-01-14 13:52:26,2026-01-14 13:52:48,unknown_backfilled,22.0,experiment_log2026-01-14_13-52-25.log,,
7f2bd117,sample_workflow_v2,False,2026-01-14 13:55:30,2026-01-14 13:55:53,unknown_backfilled,23.0,experiment_log2026-01-14_13-55-30.log,,
ee22e6d9,sample_workflow_v2,False,2026-01-14 14:53:10,2026-01-14 14:54:08,unknown_backfilled,58.0,experiment_log2026-01-14_14-53-10.log,,
a2363082,sample_workflow_v2,False,2026-01-14 14:55:02,2026-01-14 14:56:47,unknown_backfilled,105.0,experiment_log2026-01-14_14-55-02.log,,
5f40cbab,sample_workflow_v2,False,2026-01-14 15:03:04,2026-01-14 15:05:14,unknown_backfilled,130.0,experiment_log2026-01-14_15-03-03.log,,
ff8581e6,sample_workflow_v2,False,2026-01-14 15:23:57,2026-01-14 15:24:05,unknown_backfilled,8.0,experiment_log2026-01-14_15-23-56.log,,
e317ed9e,sample_workflow_v2,False,2026-01-14 15:24:37,2026-01-14 15:25:36,unknown_backfilled,59.0,experiment_log2026-01-14_15-24-37.log,,
49b1118c,sample_workflow_v2,False,2026-01-14 15:27:00,2026-01-14 15:27:53,unknown_backfilled,53.0,experiment_log2026-01-14_15-27-00.log,,
074ef1fa,sample_workflow_v2,False,2026-01-14 15:35:02,2026-01-14 15:36:00,unknown_backfilled,58.0,experiment_log2026-01-14_15-35-02.log,,
3d866a0a,sample_workflow_v2,False,2026-01-14 15:37:12,2026-01-14 15:38:14,unknown_backfilled,62.0,experiment_log2026-01-14_15-37-12.log,,
9197c0c5,sample_workflow_v2,False,2026-01-14 15:44:32,2026-01-14 15:45:30,unknown_backfilled,58.0,experiment_log2026-01-14_15-44-32.log,,
d0c5080a,sample_workflow_v2,False,2026-01-14 15:47:35,2026-01-14 15:48:32,unknown_backfilled,57.0,experiment_log2026-01-14_15-47-35.log,,
76728fd6,sample_workflow_v2,False,2026-01-14 15:49:37,2026-01-14 15:50:37,unknown_backfilled,60.0,experiment_log2026-01-14_15-49-37.log,,
e2f39f80,sample_workflow_v2,False,2026-01-14 15:50:57,2026-01-14 15:51:58,unknown_backfilled,61.0,experiment_log2026-01-14_15-50-57.log,,
002ef985,sample_workflow_v2,False,2026-01-14 15:53:31,2026-01-14 15:57:09,unknown_backfilled,218.0,experiment_log2026-01-14_15-53-30.log,,
7823bf4f,sample_workflow_v2,False,2026-01-14 16:04:58,2026-01-14 16:07:02,unknown_backfilled,124.0,experiment_log2026-01-14_16-04-57.log,,
94245465,sample_workflow_v2,False,2026-01-14 16:07:43,2026-01-14 16:37:45,unknown_backfilled,1802.0,experiment_log2026-01-14_16-07-43.log,,
28799b29,sample_workflow_v2,False,2026-01-14 17:18:30,2026-01-14 17:18:50,unknown_backfilled,20.0,experiment_log2026-01-14_17-18-30.log,,
72db72a4,sample_workflow_v2,False,2026-01-14 17:19:37,2026-01-14 17:20:02,unknown_backfilled,25.0,experiment_log2026-01-14_17-19-37.log,,
28eafa24,sample_workflow_v2,False,2026-01-14 17:20:41,2026-01-14 17:21:21,unknown_backfilled,40.0,experiment_log2026-01-14_17-20-41.log,,
891b6502,sample_workflow_v2,False,2026-01-14 17:21:48,2026-01-14 17:26:07,unknown_backfilled,259.0,experiment_log2026-01-14_17-21-48.log,,
04ae9eca,sample_workflow_v2,False,2026-01-14 17:26:13,2026-01-14 17:28:51,unknown_backfilled,158.0,experiment_log2026-01-14_17-26-12.log,,
80f86997,sample_workflow_v2,False,2026-01-14 17:29:22,2026-01-14 17:29:49,unknown_backfilled,27.0,experiment_log2026-01-14_17-29-21.log,,
467a1eb5,sample_workflow_v2,False,2026-01-14 17:30:43,2026-01-14 17:58:45,unknown_backfilled,1682.0,experiment_log2026-01-14_17-30-42.log,,
36048cd4,sample_workflow_v2,False,2026-01-14 18:06:41,2026-01-14 18:36:50,unknown_backfilled,1809.0,experiment_log2026-01-14_18-06-40.log,,
328d43e5,unknown,False,2026-01-20 15:44:20,2026-01-20 16:44:58,unknown_backfilled,3638.0,experiment_log2026-01-20_15-44-19.log,,
19ec3f63,unknown,False,2026-01-20 17:06:58,2026-01-20 17:06:58,unknown_backfilled,0.0,experiment_log2026-01-20_17-06-58.log,,
076135ba,unknown,False,2026-01-20 17:07:35,2026-01-20 17:08:03,unknown_backfilled,28.0,experiment_log2026-01-20_17-07-34.log,,
e386de90,unknown,False,2026-01-20 17:09:55,2026-01-20 17:10:38,unknown_backfilled,43.0,experiment_log2026-01-20_17-09-54.log,,
661fd04e,unknown,False,2026-01-20 17:11:14,2026-01-20 17:18:36,unknown_backfilled,442.0,experiment_log2026-01-20_17-11-14.log,,
e963bcda,unknown,False,2026-01-20 17:18:51,2026-01-20 17:19:56,unknown_backfilled,65.0,experiment_log2026-01-20_17-18-51.log,,
c13a9680,unknown,False,2026-01-20 17:26:09,2026-01-20 17:33:41,unknown_backfilled,452.0,experiment_log2026-01-20_17-26-08.log,,
43dc8597,unknown,False,2026-01-20 17:37:05,2026-01-20 17:38:54,unknown_backfilled,109.0,experiment_log2026-01-20_17-37-05.log,,
a5876292,unknown,False,2026-01-20 17:39:36,2026-01-20 17:40:19,unknown_backfilled,43.0,experiment_log2026-01-20_17-39-36.log,,
6a0ab60b,unknown,False,2026-01-20 17:40:42,2026-01-20 17:49:09,unknown_backfilled,507.0,experiment_log2026-01-20_17-40-41.log,,
abfa8c51,unknown,False,2026-01-20 17:51:04,2026-01-21 10:47:36,unknown_backfilled,60992.0,experiment_log2026-01-20_17-51-04.log,,
987db479,unknown,False,2026-01-21 12:16:10,2026-01-21 12:16:20,unknown_backfilled,10.0,experiment_log2026-01-21_12-16-10.log,,
22ad4227,unknown,False,2026-01-21 12:19:28,2026-01-21 14:07:05,unknown_backfilled,6457.0,experiment_log2026-01-21_12-19-27.log,,
67cd361b,unknown,False,2026-01-21 15:00:14,2026-01-21 16:22:12,unknown_backfilled,4918.0,experiment_log2026-01-21_15-00-14.log,,
29ad68e4,unknown,False,2026-01-21 16:29:18,2026-01-21 17:05:46,unknown_backfilled,2188.0,experiment_log2026-01-21_16-29-18.log,,
6014cc61,unknown,False,2026-01-21 17:12:40,2026-01-21 17:12:40,unknown_backfilled,0.0,experiment_log2026-01-21_17-12-39.log,,
fb20a2d4,unknown,False,2026-01-21 17:13:27,2026-01-21 18:18:28,unknown_backfilled,3901.0,experiment_log2026-01-21_17-13-27.log,,
19ccefce,unknown,False,2026-01-21 18:20:54,2026-01-21 18:36:47,unknown_backfilled,953.0,experiment_log2026-01-21_18-20-54.log,,
d147f848,unknown,False,2026-01-22 10:28:16,2026-01-22 10:30:56,unknown_backfilled,160.0,experiment_log2026-01-22_10-28-16.log,,
487fe909,unknown,False,2026-01-22 10:55:16,2026-01-22 10:55:28,unknown_backfilled,12.0,experiment_log2026-01-22_10-55-15.log,,
d184168f,unknown,False,2026-01-22 10:55:50,2026-01-22 10:55:58,unknown_backfilled,8.0,experiment_log2026-01-22_10-55-50.log,,
5b95c660,unknown,False,2026-01-22 10:56:27,2026-01-22 10:56:35,unknown_backfilled,8.0,experiment_log2026-01-22_10-56-26.log,,
c1d761f3,unknown,False,2026-01-22 10:57:23,2026-01-22 12:33:04,unknown_backfilled,5741.0,experiment_log2026-01-22_10-57-23.log,,
bd09d430,unknown,False,2026-01-22 12:37:08,2026-01-22 12:50:30,unknown_backfilled,802.0,experiment_log2026-01-22_12-37-08.log,,
a69dbba3,unknown,False,2026-01-22 16:35:22,2026-01-22 16:36:19,unknown_backfilled,57.0,experiment_log2026-01-22_16-35-22.log,,
a6796a59,unknown,False,2026-01-22 16:36:39,2026-01-22 16:36:58,unknown_backfilled,19.0,experiment_log2026-01-22_16-36-39.log,,
b91444f0,unknown,False,2026-01-22 16:37:29,2026-01-22 16:37:35,unknown_backfilled,6.0,experiment_log2026-01-22_16-37-29.log,,
bb378852,unknown,False,2026-01-22 16:37:53,2026-01-22 16:38:07,unknown_backfilled,14.0,experiment_log2026-01-22_16-37-52.log,,
8aa34d2e,unknown,False,2026-01-22 16:38:24,2026-01-22 16:38:28,unknown_backfilled,4.0,experiment_log2026-01-22_16-38-23.log,,
644dc015,unknown,False,2026-01-22 16:38:56,2026-01-22 16:39:00,unknown_backfilled,4.0,experiment_log2026-01-22_16-38-56.log,,
8eac901d,unknown,False,2026-01-22 16:40:31,2026-01-22 18:05:22,unknown_backfilled,5091.0,experiment_log2026-01-22_16-40-30.log,,
d48d36ac,unknown,False,2026-01-22 18:11:57,2026-01-22 18:12:22,unknown_backfilled,25.0,experiment_log2026-01-22_18-11-57.log,,
bc06b002,unknown,False,2026-01-22 18:12:58,2026-01-22 18:24:43,unknown_backfilled,705.0,experiment_log2026-01-22_18-12-57.log,,
03568c58,unknown,False,2026-01-22 18:27:48,2026-01-22 18:28:09,unknown_backfilled,21.0,experiment_log2026-01-22_18-27-48.log,,
7e810aa0,unknown,False,2026-01-22 18:28:28,2026-01-22 18:30:06,unknown_backfilled,98.0,experiment_log2026-01-22_18-28-28.log,,
f5581f0a,unknown,False,2026-01-22 18:31:54,2026-01-22 18:32:01,unknown_backfilled,7.0,experiment_log2026-01-22_18-31-54.log,,
c7705431,unknown,False,2026-01-22 18:32:20,2026-01-22 18:33:12,unknown_backfilled,52.0,experiment_log2026-01-22_18-32-19.log,,
345696b7,unknown,False,2026-01-22 18:34:18,2026-01-22 19:35:11,unknown_backfilled,3653.0,experiment_log2026-01-22_18-34-18.log,,
0635fc54,unknown,False,2026-01-22 19:47:36,2026-01-22 20:00:45,unknown_backfilled,789.0,experiment_log2026-01-22_19-47-36.log,,
79d89b68,unknown,False,2026-01-23 11:57:07,2026-01-23 12:16:17,unknown_backfilled,1150.0,experiment_log2026-01-23_11-57-06.log,,
d8941d07,unknown,False,2026-01-23 12:53:54,2026-01-23 12:53:59,unknown_backfilled,5.0,experiment_log2026-01-23_12-53-54.log,,
cbf44946,unknown,False,2026-01-23 12:54:22,2026-01-23 13:41:46,unknown_backfilled,2844.0,experiment_log2026-01-23_12-54-22.log,,
f33e9e12,unknown,False,2026-01-23 13:47:08,2026-01-23 13:55:36,unknown_backfilled,508.0,experiment_log2026-01-23_13-47-07.log,,
6168fa52,unknown,False,2026-01-23 14:29:32,2026-01-23 15:47:21,unknown_backfilled,4669.0,experiment_log2026-01-23_14-29-31.log,,
e3807bff,unknown,False,2026-01-23 15:50:08,2026-01-23 15:50:19,unknown_backfilled,11.0,experiment_log2026-01-23_15-50-08.log,,
1c448156,unknown,False,2026-01-23 16:10:55,2026-01-23 16:11:02,unknown_backfilled,7.0,experiment_log2026-01-23_16-10-55.log,,
ec6d8f50,unknown,False,2026-01-23 16:11:22,2026-01-23 18:05:37,unknown_backfilled,6855.0,experiment_log2026-01-23_16-11-22.log,,
31c893cc,unknown,False,2026-01-23 18:40:07,2026-01-23 18:43:43,unknown_backfilled,216.0,experiment_log2026-01-23_18-40-06.log,,
51f84a92,unknown,False,2026-01-23 18:44:44,2026-01-23 18:56:30,unknown_backfilled,706.0,experiment_log2026-01-23_18-44-44.log,,
82f2fd97,unknown,False,2026-01-27 10:32:30,2026-01-27 10:33:51,unknown_backfilled,81.0,experiment_log2026-01-27_10-32-29.log,,
1489d559,unknown,False,2026-01-27 10:34:31,2026-01-27 10:34:31,unknown_backfilled,0.0,experiment_log2026-01-27_10-34-31.log,,
d3d93fb1,unknown,False,2026-01-27 10:35:19,2026-01-27 10:35:31,unknown_backfilled,12.0,experiment_log2026-01-27_10-35-18.log,,
885b1e67,unknown,False,2026-01-27 10:35:48,2026-01-27 10:35:59,unknown_backfilled,11.0,experiment_log2026-01-27_10-35-48.log,,
dfd36553,unknown,False,2026-01-27 10:46:01,2026-01-27 11:59:10,unknown_backfilled,4389.0,experiment_log2026-01-27_10-46-00.log,,
49359309,unknown,False,2026-01-27 12:26:34,2026-01-27 13:12:15,unknown_backfilled,2741.0,experiment_log2026-01-27_12-26-34.log,,
149ea2be,unknown,False,2026-01-27 14:30:05,2026-01-27 15:11:07,unknown_backfilled,2462.0,experiment_log2026-01-27_14-30-05.log,,
e36e63d1,unknown,False,2026-01-27 15:17:36,2026-01-27 16:01:11,unknown_backfilled,2615.0,experiment_log2026-01-27_15-17-36.log,,
eef905ae,unknown,False,2026-01-27 16:18:34,2026-01-27 16:20:12,unknown_backfilled,98.0,experiment_log2026-01-27_16-18-34.log,,
a7d9b29f,unknown,False,2026-01-27 16:23:32,2026-01-27 16:25:42,unknown_backfilled,130.0,experiment_log2026-01-27_16-23-32.log,,
f82c20bc,unknown,False,2026-01-27 16:32:32,2026-01-27 16:32:37,unknown_backfilled,5.0,experiment_log2026-01-27_16-32-32.log,,
4a3245aa,unknown,False,2026-01-27 16:32:53,2026-01-27 16:32:59,unknown_backfilled,6.0,experiment_log2026-01-27_16-32-52.log,,
d8143c0b,unknown,False,2026-01-27 16:33:15,2026-01-27 16:41:10,unknown_backfilled,475.0,experiment_log2026-01-27_16-33-14.log,,
61ff64e1,unknown,False,2026-01-27 16:42:50,2026-01-27 16:42:54,unknown_backfilled,4.0,experiment_log2026-01-27_16-42-50.log,,
b5fa5e28,unknown,False,2026-01-27 16:43:06,2026-01-27 16:43:25,unknown_backfilled,19.0,experiment_log2026-01-27_16-43-05.log,,
3eeb9edd,unknown,False,2026-01-27 16:44:33,2026-01-27 16:59:29,unknown_backfilled,896.0,experiment_log2026-01-27_16-44-33.log,,
da76154e,unknown,False,2026-01-27 17:04:28,2026-01-27 17:30:48,unknown_backfilled,1580.0,experiment_log2026-01-27_17-04-28.log,,
1fe011ad,unknown,False,2026-01-27 17:34:39,2026-01-27 17:34:55,unknown_backfilled,16.0,experiment_log2026-01-27_17-34-38.log,,
49b6a322,unknown,False,2026-01-27 17:35:46,2026-01-27 17:38:17,unknown_backfilled,151.0,experiment_log2026-01-27_17-35-45.log,,
f5d62eff,unknown,False,2026-01-27 17:39:15,2026-01-27 17:39:52,unknown_backfilled,37.0,experiment_log2026-01-27_17-39-14.log,,
ec363343,unknown,False,2026-01-27 17:40:46,2026-01-27 17:43:18,unknown_backfilled,152.0,experiment_log2026-01-27_17-40-45.log,,
05f13cb3,unknown,False,2026-01-28 14:52:29,2026-01-28 14:52:33,unknown_backfilled,4.0,experiment_log2026-01-28_14-52-29.log,,
be3e5ee6,unknown,False,2026-01-28 14:52:51,2026-01-28 14:52:58,unknown_backfilled,7.0,experiment_log2026-01-28_14-52-51.log,,
8e839c45,unknown,False,2026-01-28 14:53:17,2026-01-28 15:02:00,unknown_backfilled,523.0,experiment_log2026-01-28_14-53-16.log,,
caabf013,unknown,False,2026-01-28 15:02:14,2026-01-28 15:02:21,unknown_backfilled,7.0,experiment_log2026-01-28_15-02-14.log,,
96a949fd,unknown,False,2026-01-28 15:03:32,2026-01-28 15:46:43,unknown_backfilled,2591.0,experiment_log2026-01-28_15-03-32.log,,
0e4d61e3,unknown,False,2026-01-28 15:50:05,2026-01-28 15:50:35,unknown_backfilled,30.0,experiment_log2026-01-28_15-50-04.log,,
5f881aee,unknown,False,2026-01-28 15:51:24,2026-01-28 15:52:43,unknown_backfilled,79.0,experiment_log2026-01-28_15-51-23.log,,
2257e8c6,unknown,False,2026-01-28 15:53:25,2026-01-28 16:03:51,unknown_backfilled,626.0,experiment_log2026-01-28_15-53-25.log,,
286e3f37,unknown,False,2026-01-28 16:23:46,2026-01-28 17:02:05,unknown_backfilled,2299.0,experiment_log2026-01-28_16-23-45.log,,
27546633,unknown,False,2026-01-30 11:19:13,2026-01-30 11:19:49,unknown_backfilled,36.0,experiment_log2026-01-30_11-19-12.log,,
634ce2fd,unknown,False,2026-01-30 11:20:03,2026-01-30 11:25:26,unknown_backfilled,323.0,experiment_log2026-01-30_11-20-02.log,,
c55cbf42,unknown,False,2026-01-30 11:38:59,2026-01-30 11:41:16,unknown_backfilled,137.0,experiment_log2026-01-30_11-38-58.log,,
0553a47f,unknown,False,2026-01-30 11:45:27,2026-01-30 12:05:57,unknown_backfilled,1230.0,experiment_log2026-01-30_11-45-26.log,,
652bb027,unknown,False,2026-01-30 12:19:04,2026-01-30 12:21:07,unknown_backfilled,123.0,experiment_log2026-01-30_12-19-04.log,,
ff44351a,unknown,False,2026-01-30 12:21:10,2026-01-30 12:23:10,unknown_backfilled,120.0,experiment_log2026-01-30_12-21-10.log,,
ef8fe619,unknown,False,2026-01-30 12:23:13,2026-01-30 12:25:24,unknown_backfilled,131.0,experiment_log2026-01-30_12-23-13.log,,
41615574,unknown,False,2026-01-30 12:27:11,2026-01-30 12:29:25,unknown_backfilled,134.0,experiment_log2026-01-30_12-27-11.log,,
559281cf,unknown,False,2026-01-30 12:44:46,2026-01-30 12:45:21,unknown_backfilled,35.0,experiment_log2026-01-30_12-44-45.log,,
c9ef9e1f,unknown,False,2026-01-30 12:49:29,2026-01-30 12:51:43,unknown_backfilled,134.0,experiment_log2026-01-30_12-49-29.log,,
dd488776,unknown,False,2026-01-30 12:54:38,2026-01-30 12:56:52,unknown_backfilled,134.0,experiment_log2026-01-30_12-54-37.log,,
a900200e,unknown,False,2026-01-30 12:57:51,2026-01-30 13:00:05,unknown_backfilled,134.0,experiment_log2026-01-30_12-57-50.log,,
a5c3b9f5,unknown,False,2026-01-30 13:02:25,2026-01-30 13:22:55,unknown_backfilled,1230.0,experiment_log2026-01-30_13-02-25.log,,
5c9c9543,unknown,False,2026-02-02 10:42:17,2026-02-02 10:47:07,unknown_backfilled,290.0,experiment_log2026-02-02_10-42-17.log,,
5d8df480,sample_workflow_v2,False,2026-02-02 10:48:10,2026-02-02 10:50:12,unknown_backfilled,122.0,experiment_log2026-02-02_10-48-09.log,,
24ba2bd3,sample_workflow_v2,False,2026-02-02 10:50:57,2026-02-02 10:51:13,unknown_backfilled,16.0,experiment_log2026-02-02_10-50-57.log,,
5e5f944b,sample_workflow_v2,False,2026-02-02 10:51:30,2026-02-02 10:51:34,unknown_backfilled,4.0,experiment_log2026-02-02_10-51-30.log,,
da22ad9b,unknown,False,2026-02-02 17:49:12,2026-02-02 17:49:20,unknown_backfilled,8.0,experiment_log2026-02-02_17-49-11.log,,
018c5b6e,unknown,False,2026-02-02 17:49:36,2026-02-02 17:49:40,unknown_backfilled,4.0,experiment_log2026-02-02_17-49-36.log,,
054df6fa,unknown,False,2026-02-02 17:50:14,2026-02-02 17:50:18,unknown_backfilled,4.0,experiment_log2026-02-02_17-50-14.log,,
f7c76c9f,unknown,False,2026-02-02 17:52:35,2026-02-02 17:52:35,unknown_backfilled,0.0,experiment_log2026-02-02_17-52-35.log,,
2992e2fd,unknown,False,2026-02-02 17:52:58,2026-02-02 17:53:48,unknown_backfilled,50.0,experiment_log2026-02-02_17-52-57.log,,
eca245ae,unknown,False,2026-02-02 17:54:19,2026-02-02 17:54:23,unknown_backfilled,4.0,experiment_log2026-02-02_17-54-18.log,,
0bf8afb3,unknown,False,2026-02-02 17:56:06,2026-02-02 17:56:57,unknown_backfilled,51.0,experiment_log2026-02-02_17-56-06.log,,
89df946c,unknown,False,2026-02-02 17:57:17,2026-02-02 17:57:31,unknown_backfilled,14.0,experiment_log2026-02-02_17-57-16.log,,
7b0e4902,unknown,False,2026-02-02 18:01:01,2026-02-02 18:01:15,unknown_backfilled,14.0,experiment_log2026-02-02_18-01-00.log,,
0dcded2f,unknown,False,2026-02-02 18:01:31,2026-02-02 18:01:46,unknown_backfilled,15.0,experiment_log2026-02-02_18-01-31.log,,
1546d687,unknown,False,2026-02-02 18:02:48,2026-02-02 18:03:02,unknown_backfilled,14.0,experiment_log2026-02-02_18-02-47.log,,
07953273,sample_workflow_v2,False,2026-02-02 18:05:03,2026-02-02 18:05:27,unknown_backfilled,24.0,experiment_log2026-02-02_18-05-02.log,,
cc7f7cb0,unknown,False,2026-02-03 09:55:56,2026-02-03 09:56:10,unknown_backfilled,14.0,experiment_log2026-02-03_09-55-55.log,,
2243b254,unknown,False,2026-02-03 09:56:22,2026-02-03 09:56:37,unknown_backfilled,15.0,experiment_log2026-02-03_09-56-22.log,,
00fd0eb0,sample_workflow_v2,False,2026-02-03 12:59:31,2026-02-03 12:59:38,unknown_backfilled,7.0,experiment_log2026-02-03_12-59-30.log,,
68da836e,sample_workflow_v2,False,2026-02-03 13:00:28,2026-02-03 13:00:36,unknown_backfilled,8.0,experiment_log2026-02-03_13-00-28.log,,
1b3a1c3c,sample_workflow_v2,False,2026-02-03 13:00:49,2026-02-03 13:01:05,unknown_backfilled,16.0,experiment_log2026-02-03_13-00-49.log,,
712882c1,sample_workflow_v2,False,2026-02-03 13:01:57,2026-02-03 13:02:27,unknown_backfilled,30.0,experiment_log2026-02-03_13-01-56.log,,
86b6abde,sample_workflow_v2,False,2026-02-03 13:02:46,2026-02-03 13:03:21,unknown_backfilled,35.0,experiment_log2026-02-03_13-02-45.log,,
554a30ca,sample_workflow_v2,False,2026-02-03 13:03:31,2026-02-03 13:04:07,unknown_backfilled,36.0,experiment_log2026-02-03_13-03-31.log,,
ccc89b54,sample_workflow_v2,False,2026-02-03 13:06:36,2026-02-03 13:07:11,unknown_backfilled,35.0,experiment_log2026-02-03_13-06-35.log,,
621c6096,sample_workflow_v2,False,2026-02-03 13:07:42,2026-02-03 13:08:43,unknown_backfilled,61.0,experiment_log2026-02-03_13-07-42.log,,
eb59dc45,sample_workflow_v2,False,2026-02-03 13:12:44,2026-02-03 13:14:48,unknown_backfilled,124.0,experiment_log2026-02-03_13-12-44.log,,
35e90f8f,sample_workflow_v2,False,2026-02-03 13:15:45,2026-02-03 13:15:56,unknown_backfilled,11.0,experiment_log2026-02-03_13-15-45.log,,
d568d8f2,sample_workflow_v2,False,2026-02-03 13:19:25,2026-02-03 13:19:29,unknown_backfilled,4.0,experiment_log2026-02-03_13-19-24.log,,
c34bb915,sample_workflow_v2,False,2026-02-03 13:19:39,2026-02-03 13:20:04,unknown_backfilled,25.0,experiment_log2026-02-03_13-19-39.log,,
ea1d0755,sample_workflow_v2,False,2026-02-03 13:20:43,2026-02-03 13:21:00,unknown_backfilled,17.0,experiment_log2026-02-03_13-20-43.log,,
c13fd3d3,sample_workflow_v2,False,2026-02-03 13:21:22,2026-02-03 13:22:21,unknown_backfilled,59.0,experiment_log2026-02-03_13-21-22.log,,
ee856313,sample_workflow_v2,False,2026-02-03 13:22:55,2026-02-03 13:23:33,unknown_backfilled,38.0,experiment_log2026-02-03_13-22-55.log,,
af8d900d,sample_workflow_v2,False,2026-02-03 13:24:56,2026-02-03 13:25:48,unknown_backfilled,52.0,experiment_log2026-02-03_13-24-55.log,,
e8ef7f70,sample_workflow_v2,False,2026-02-03 13:27:37,2026-02-03 13:27:37,unknown_backfilled,0.0,experiment_log2026-02-03_13-27-36.log,,
b4ea909b,sample_workflow_v2,False,2026-02-03 13:28:29,2026-02-03 13:30:18,unknown_backfilled,109.0,experiment_log2026-02-03_13-28-29.log,,
5636664a,sample_workflow_v2,False,2026-02-03 13:30:34,2026-02-03 13:31:28,unknown_backfilled,54.0,experiment_log2026-02-03_13-30-33.log,,
cb25a89d,sample_workflow_v2,False,2026-02-03 13:31:53,2026-02-03 13:33:04,unknown_backfilled,71.0,experiment_log2026-02-03_13-31-53.log,,
7f655a39,sample_workflow_v2,False,2026-02-03 13:34:28,2026-02-03 13:35:49,unknown_backfilled,81.0,experiment_log2026-02-03_13-34-28.log,,
c3a50c28,sample_workflow_v2,False,2026-02-03 13:36:43,2026-02-03 13:38:52,unknown_backfilled,129.0,experiment_log2026-02-03_13-36-42.log,,
c8e0e377,sample_workflow_v2,False,2026-02-03 13:39:36,2026-02-03 13:44:12,unknown_backfilled,276.0,experiment_log2026-02-03_13-39-36.log,,
c06bbdcf,sample_workflow_v2,False,2026-02-03 13:46:54,2026-02-03 13:47:58,unknown_backfilled,64.0,experiment_log2026-02-03_13-46-54.log,,
c7130b94,sample_workflow_v2,False,2026-02-03 13:48:31,2026-02-03 13:49:19,unknown_backfilled,48.0,experiment_log2026-02-03_13-48-30.log,,
03f964b0,surfactant_grid_adaptive_concentrations,False,2026-02-03 14:02:21,2026-02-03 14:05:18,unknown_backfilled,177.0,experiment_log2026-02-03_14-02-21.log,,
2945c09a,surfactant_grid_adaptive_concentrations,False,2026-02-03 14:08:14,2026-02-03 14:21:43,unknown_backfilled,809.0,experiment_log2026-02-03_14-08-14.log,,
107b2989,unknown,False,2026-02-03 14:59:14,2026-02-03 14:59:18,unknown_backfilled,4.0,experiment_log2026-02-03_14-59-13.log,,
953c819e,surfactant_grid_adaptive_concentrations,False,2026-02-03 15:08:45,2026-02-03 15:22:21,unknown_backfilled,816.0,experiment_log2026-02-03_15-08-44.log,,
fe5ad099,surfactant_grid_adaptive_concentrations,False,2026-02-03 15:33:24,2026-02-03 16:23:37,unknown_backfilled,3013.0,experiment_log2026-02-03_15-33-24.log,,
33d87a31,unknown,False,2026-02-03 16:24:00,2026-02-03 16:24:07,unknown_backfilled,7.0,experiment_log2026-02-03_16-23-59.log,,
e195ee69,surfactant_grid_adaptive_concentrations,False,2026-02-03 16:44:23,2026-02-03 18:24:32,unknown_backfilled,6009.0,experiment_log2026-02-03_16-44-23.log,,
44697506,surfactant_grid_adaptive_concentrations,False,2026-02-03 18:33:14,2026-02-03 18:33:47,unknown_backfilled,33.0,experiment_log2026-02-03_18-33-14.log,,
0fe1995d,surfactant_grid_adaptive_concentrations,False,2026-02-03 18:34:49,2026-02-03 18:36:35,unknown_backfilled,106.0,experiment_log2026-02-03_18-34-49.log,,
ecf7161f,surfactant_grid_adaptive_concentrations,False,2026-02-03 18:36:48,2026-02-03 18:37:07,unknown_backfilled,19.0,experiment_log2026-02-03_18-36-48.log,,
6029b1e7,surfactant_grid_adaptive_concentrations,False,2026-02-03 18:39:58,2026-02-03 18:40:20,unknown_backfilled,22.0,experiment_log2026-02-03_18-39-58.log,,
2620e44c,surfactant_grid_adaptive_concentrations,False,2026-02-03 18:43:13,2026-02-03 18:46:08,unknown_backfilled,175.0,experiment_log2026-02-03_18-43-12.log,,
27fb5f7d,surfactant_grid_adaptive_concentrations,False,2026-02-03 18:57:19,2026-02-03 18:57:42,unknown_backfilled,23.0,experiment_log2026-02-03_18-57-19.log,,
bfef55a0,surfactant_grid_adaptive_concentrations,False,2026-02-03 19:00:18,2026-02-03 19:35:22,unknown_backfilled,2104.0,experiment_log2026-02-03_19-00-17.log,,
f7fbfcad,surfactant_grid_adaptive_concentrations,False,2026-02-03 20:04:18,2026-02-03 20:12:19,unknown_backfilled,481.0,experiment_log2026-02-03_20-04-18.log,,
90f6ee40,surfactant_grid_adaptive_concentrations,False,2026-02-03 20:24:07,2026-02-03 20:32:10,unknown_backfilled,483.0,experiment_log2026-02-03_20-24-06.log,,
d88dfc0d,surfactant_grid_adaptive_concentrations,False,2026-02-03 20:35:15,2026-02-03 20:43:19,unknown_backfilled,484.0,experiment_log2026-02-03_20-35-14.log,,
aacea6ee,unknown,False,2026-02-04 15:58:02,2026-02-04 15:58:08,unknown_backfilled,6.0,experiment_log2026-02-04_15-58-02.log,,
800eadef,unknown,False,2026-02-04 16:12:50,2026-02-04 16:16:39,unknown_backfilled,229.0,experiment_log2026-02-04_16-12-50.log,,
02565190,unknown,False,2026-02-04 16:17:14,2026-02-04 16:17:37,unknown_backfilled,23.0,experiment_log2026-02-04_16-17-13.log,,
0dd63b74,unknown,False,2026-02-04 16:23:03,2026-02-04 16:23:12,unknown_backfilled,9.0,experiment_log2026-02-04_16-23-03.log,,
544f508a,unknown,False,2026-02-04 16:23:28,2026-02-04 16:50:00,unknown_backfilled,1592.0,experiment_log2026-02-04_16-23-28.log,,
d7c50610,unknown,False,2026-02-04 16:53:56,2026-02-04 17:02:36,unknown_backfilled,520.0,experiment_log2026-02-04_16-53-56.log,,
7f2a177c,unknown,False,2026-02-04 17:30:04,2026-02-04 18:06:00,unknown_backfilled,2156.0,experiment_log2026-02-04_17-30-03.log,,
1e58251f,unknown,False,2026-02-04 18:09:45,2026-02-04 18:22:42,unknown_backfilled,777.0,experiment_log2026-02-04_18-09-45.log,,
e2934caf,sample_workflow_v2,False,2026-02-05 15:46:17,2026-02-05 15:46:49,unknown_backfilled,32.0,experiment_log2026-02-05_15-46-17.log,,
e1ccf4f7,sample_workflow_v2,False,2026-02-05 15:48:04,2026-02-05 15:48:38,unknown_backfilled,34.0,experiment_log2026-02-05_15-48-04.log,,
004c46a1,sample_workflow_v2,False,2026-02-05 15:48:54,2026-02-05 15:49:22,unknown_backfilled,28.0,experiment_log2026-02-05_15-48-54.log,,
e6af6bef,sample_workflow_v2,False,2026-02-05 15:49:34,2026-02-05 15:50:01,unknown_backfilled,27.0,experiment_log2026-02-05_15-49-33.log,,
197ed84b,sample_workflow_v2,False,2026-02-05 15:50:11,2026-02-05 15:50:38,unknown_backfilled,27.0,experiment_log2026-02-05_15-50-10.log,,
4f428b87,sample_workflow_v2,False,2026-02-05 15:51:12,2026-02-05 15:51:38,unknown_backfilled,26.0,experiment_log2026-02-05_15-51-11.log,,
6c597fc1,surfactant_grid_adaptive_concentrations,False,2026-02-05 17:17:54,2026-02-05 17:21:00,unknown_backfilled,186.0,experiment_log2026-02-05_17-17-54.log,,
01ffea07,surfactant_grid_adaptive_concentrations,False,2026-02-05 17:23:33,2026-02-05 17:31:05,unknown_backfilled,452.0,experiment_log2026-02-05_17-23-33.log,,
aca8b3ef,unknown,False,2026-02-05 17:37:08,2026-02-05 17:37:08,unknown_backfilled,0.0,experiment_log2026-02-05_17-37-08.log,,
d6a4d0f4,unknown,False,2026-02-05 17:37:41,2026-02-05 17:39:50,unknown_backfilled,129.0,experiment_log2026-02-05_17-37-41.log,,
84698dcf,unknown,False,2026-02-05 17:40:53,2026-02-05 17:40:59,unknown_backfilled,6.0,experiment_log2026-02-05_17-40-53.log,,
c5910877,unknown,False,2026-02-05 17:41:16,2026-02-05 17:43:04,unknown_backfilled,108.0,experiment_log2026-02-05_17-41-16.log,,
90435760,unknown,False,2026-02-05 17:44:01,2026-02-05 17:48:21,unknown_backfilled,260.0,experiment_log2026-02-05_17-44-00.log,,
17cb9150,surfactant_grid_adaptive_concentrations,False,2026-02-05 17:49:11,2026-02-05 17:50:43,unknown_backfilled,92.0,experiment_log2026-02-05_17-49-10.log,,
56958e06,surfactant_grid_adaptive_concentrations,False,2026-02-05 17:51:20,2026-02-05 18:56:24,unknown_backfilled,3904.0,experiment_log2026-02-05_17-51-20.log,,
e1ff609a,surfactant_grid_adaptive_concentrations,False,2026-02-06 11:48:41,2026-02-06 11:48:49,unknown_backfilled,8.0,experiment_log2026-02-06_11-48-40.log,,
c2245c5f,unknown,False,2026-02-06 12:00:04,2026-02-06 12:00:15,unknown_backfilled,11.0,experiment_log2026-02-06_12-00-04.log,,
9c79a4fa,unknown,False,2026-02-06 12:03:56,2026-02-06 12:11:55,unknown_backfilled,479.0,experiment_log2026-02-06_12-03-55.log,,
ad83976c,unknown,False,2026-02-06 12:12:54,2026-02-06 12:12:54,unknown_backfilled,0.0,experiment_log2026-02-06_12-12-53.log,,
224fd575,unknown,False,2026-02-06 12:14:13,2026-02-06 12:14:30,unknown_backfilled,17.0,experiment_log2026-02-06_12-14-13.log,,
3d704e02,unknown,False,2026-02-06 12:15:35,2026-02-06 12:23:40,unknown_backfilled,485.0,experiment_log2026-02-06_12-15-35.log,,
a3fa5483,unknown,False,2026-02-06 12:39:36,2026-02-06 12:39:48,unknown_backfilled,12.0,experiment_log2026-02-06_12-39-35.log,,
15c7d9fa,unknown,False,2026-02-06 12:41:10,2026-02-06 13:45:01,unknown_backfilled,3831.0,experiment_log2026-02-06_12-41-10.log,,
5649ddd7,unknown,False,2026-02-06 13:56:10,2026-02-06 14:26:59,unknown_backfilled,1849.0,experiment_log2026-02-06_13-56-09.log,,
0a3d3106,unknown,False,2026-02-06 14:50:27,2026-02-06 14:51:56,unknown_backfilled,89.0,experiment_log2026-02-06_14-50-27.log,,
a8f06c2a,unknown,False,2026-02-06 14:52:22,2026-02-06 15:00:05,unknown_backfilled,463.0,experiment_log2026-02-06_14-52-22.log,,
4887906b,unknown,False,2026-02-06 15:07:42,2026-02-06 15:16:09,unknown_backfilled,507.0,experiment_log2026-02-06_15-07-41.log,,
d21a8ec9,unknown,False,2026-02-06 15:16:25,2026-02-06 15:16:37,unknown_backfilled,12.0,experiment_log2026-02-06_15-16-25.log,,
663c1178,unknown,False,2026-02-06 15:20:08,2026-02-06 15:39:31,unknown_backfilled,1163.0,experiment_log2026-02-06_15-20-07.log,,
ab4091f9,unknown,False,2026-02-06 15:51:21,2026-02-06 15:51:31,unknown_backfilled,10.0,experiment_log2026-02-06_15-51-21.log,,
af31efa6,unknown,False,2026-02-06 15:55:21,2026-02-06 15:55:31,unknown_backfilled,10.0,experiment_log2026-02-06_15-55-21.log,,
0fc5e64a,unknown,False,2026-02-06 15:56:30,2026-02-06 16:47:50,unknown_backfilled,3080.0,experiment_log2026-02-06_15-56-30.log,,
7cc6f358,surfactant_grid_adaptive_concentrations,False,2026-02-06 17:08:54,2026-02-06 17:09:09,unknown_backfilled,15.0,experiment_log2026-02-06_17-08-53.log,,
71e35e7b,surfactant_grid_adaptive_concentrations,False,2026-02-06 17:09:52,2026-02-06 17:57:04,unknown_backfilled,2832.0,experiment_log2026-02-06_17-09-51.log,,
cbdece6d,surfactant_grid_adaptive_concentrations,False,2026-02-06 19:11:16,2026-02-06 19:11:20,unknown_backfilled,4.0,experiment_log2026-02-06_19-11-15.log,,
8c123c66,surfactant_grid_adaptive_concentrations,False,2026-02-06 19:11:38,2026-02-06 19:11:42,unknown_backfilled,4.0,experiment_log2026-02-06_19-11-38.log,,
382677dc,surfactant_grid_adaptive_concentrations,False,2026-02-06 19:12:42,2026-02-06 19:12:49,unknown_backfilled,7.0,experiment_log2026-02-06_19-12-41.log,,
6faf9581,surfactant_grid_adaptive_concentrations,False,2026-02-06 19:17:24,2026-02-06 21:24:45,unknown_backfilled,7641.0,experiment_log2026-02-06_19-17-24.log,,
71fe1f4d,surfactant_grid_adaptive_concentrations,False,2026-02-09 11:24:56,2026-02-09 11:25:44,unknown_backfilled,48.0,experiment_log2026-02-09_11-24-56.log,,
5e8d7482,surfactant_grid_adaptive_concentrations,False,2026-02-09 11:29:29,2026-02-09 11:30:40,unknown_backfilled,71.0,experiment_log2026-02-09_11-29-28.log,,
28a7edb4,surfactant_grid_adaptive_concentrations,False,2026-02-09 11:32:38,2026-02-09 11:48:19,unknown_backfilled,941.0,experiment_log2026-02-09_11-32-38.log,,
66a6c4e3,surfactant_grid_adaptive_concentrations,False,2026-02-09 11:49:03,2026-02-09 11:57:20,unknown_backfilled,497.0,experiment_log2026-02-09_11-49-03.log,,
23a3fd6c,surfactant_grid_adaptive_concentrations,False,2026-02-09 11:59:26,2026-02-09 12:07:43,unknown_backfilled,497.0,experiment_log2026-02-09_11-59-26.log,,
41363825,surfactant_grid_adaptive_concentrations,False,2026-02-09 12:11:08,2026-02-09 12:19:25,unknown_backfilled,497.0,experiment_log2026-02-09_12-11-08.log,,
98290d88,unknown,False,2026-02-09 12:22:54,2026-02-09 12:23:30,unknown_backfilled,36.0,experiment_log2026-02-09_12-22-54.log,,
9342960d,unknown,False,2026-02-09 12:23:37,2026-02-09 12:23:49,unknown_backfilled,12.0,experiment_log2026-02-09_12-23-37.log,,
1dacf705,unknown,False,2026-02-09 12:25:26,2026-02-09 12:30:19,unknown_backfilled,293.0,experiment_log2026-02-09_12-25-26.log,,
562c90c2,unknown,False,2026-02-09 12:30:26,2026-02-09 12:35:19,unknown_backfilled,293.0,experiment_log2026-02-09_12-30-25.log,,
7b0836a8,unknown,False,2026-02-09 12:35:26,2026-02-09 12:40:20,unknown_backfilled,294.0,experiment_log2026-02-09_12-35-25.log,,
b3e8d5fd,unknown,False,2026-02-09 12:40:26,2026-02-09 12:45:17,unknown_backfilled,291.0,experiment_log2026-02-09_12-40-26.log,,
874b212f,unknown,False,2026-02-09 12:45:26,2026-02-09 12:50:20,unknown_backfilled,294.0,experiment_log2026-02-09_12-45-26.log,,
5468154a,unknown,False,2026-02-09 13:39:22,2026-02-09 13:39:28,unknown_backfilled,6.0,experiment_log2026-02-09_13-39-21.log,,
ace7497e,unknown,False,2026-02-09 13:39:48,2026-02-09 13:39:56,unknown_backfilled,8.0,experiment_log2026-02-09_13-39-48.log,,
43af9a13,unknown,False,2026-02-09 13:40:14,2026-02-09 14:13:52,unknown_backfilled,2018.0,experiment_log2026-02-09_13-40-14.log,,
32d847f5,unknown,False,2026-02-09 14:14:03,2026-02-09 14:19:16,unknown_backfilled,313.0,experiment_log2026-02-09_14-14-03.log,,
f0f7f9c6,unknown,False,2026-02-09 14:19:26,2026-02-09 14:40:29,unknown_backfilled,1263.0,experiment_log2026-02-09_14-19-25.log,,
a8df75e2,unknown,False,2026-02-09 14:40:41,2026-02-09 14:46:19,unknown_backfilled,338.0,experiment_log2026-02-09_14-40-40.log,,
796e3442,unknown,False,2026-02-09 14:46:29,2026-02-09 14:48:45,unknown_backfilled,136.0,experiment_log2026-02-09_14-46-28.log,,
6b841123,unknown,False,2026-02-09 15:24:33,2026-02-09 15:25:02,unknown_backfilled,29.0,experiment_log2026-02-09_15-24-32.log,,
439000bd,unknown,False,2026-02-09 15:30:30,2026-02-09 15:31:49,unknown_backfilled,79.0,experiment_log2026-02-09_15-30-30.log,,
075065ed,unknown,False,2026-02-09 15:35:13,2026-02-09 15:35:13,unknown_backfilled,0.0,experiment_log2026-02-09_15-35-12.log,,
a307fc6c,unknown,False,2026-02-09 15:42:02,2026-02-09 15:42:06,unknown_backfilled,4.0,experiment_log2026-02-09_15-42-02.log,,
afb606a0,unknown,False,2026-02-09 15:43:18,2026-02-09 15:45:10,unknown_backfilled,112.0,experiment_log2026-02-09_15-43-17.log,,
b43ca1d5,sample_workflow_v2,False,2026-02-09 15:51:35,2026-02-09 15:51:43,unknown_backfilled,8.0,experiment_log2026-02-09_15-51-35.log,,
cc12bf71,unknown,False,2026-02-09 15:52:02,2026-02-09 15:53:08,unknown_backfilled,66.0,experiment_log2026-02-09_15-52-01.log,,
ce305ad0,unknown,False,2026-02-09 15:53:19,2026-02-09 15:54:20,unknown_backfilled,61.0,experiment_log2026-02-09_15-53-18.log,,
8b032364,unknown,False,2026-02-09 15:55:41,2026-02-09 15:56:43,unknown_backfilled,62.0,experiment_log2026-02-09_15-55-40.log,,
2c789dbd,unknown,False,2026-02-09 15:56:55,2026-02-09 15:57:57,unknown_backfilled,62.0,experiment_log2026-02-09_15-56-55.log,,
6fb5238e,unknown,False,2026-02-09 15:58:17,2026-02-09 15:58:56,unknown_backfilled,39.0,experiment_log2026-02-09_15-58-17.log,,
302ce398,unknown,False,2026-02-09 15:59:33,2026-02-09 16:00:29,unknown_backfilled,56.0,experiment_log2026-02-09_15-59-32.log,,
d75f0bc3,unknown,False,2026-02-09 16:02:50,2026-02-09 16:04:53,unknown_backfilled,123.0,experiment_log2026-02-09_16-02-50.log,,
2f19ced3,unknown,False,2026-02-09 16:05:03,2026-02-09 16:05:34,unknown_backfilled,31.0,experiment_log2026-02-09_16-05-02.log,,
11b58d91,unknown,False,2026-02-09 16:06:08,2026-02-09 16:41:21,unknown_backfilled,2113.0,experiment_log2026-02-09_16-06-08.log,,
1ad7a88a,surfactant_grid_adaptive_concentrations,False,2026-02-09 16:49:03,2026-02-09 18:58:52,unknown_backfilled,7789.0,experiment_log2026-02-09_16-49-02.log,,
6cd7f78a,unknown,False,2026-02-10 17:02:17,2026-02-10 17:02:17,unknown_backfilled,0.0,experiment_log2026-02-10_17-02-16.log,,
6ee8f391,unknown,False,2026-02-10 17:03:00,2026-02-10 17:03:40,unknown_backfilled,40.0,experiment_log2026-02-10_17-02-59.log,,
7c90d9c2,unknown,False,2026-02-10 17:05:23,2026-02-10 17:05:37,unknown_backfilled,14.0,experiment_log2026-02-10_17-05-22.log,,
f951c47a,unknown,False,2026-02-10 17:06:04,2026-02-10 17:07:28,unknown_backfilled,84.0,experiment_log2026-02-10_17-06-03.log,,
2bc11041,unknown,False,2026-02-10 17:11:44,2026-02-10 17:33:46,unknown_backfilled,1322.0,experiment_log2026-02-10_17-11-44.log,,
7ec6e687,unknown,False,2026-02-10 17:33:59,2026-02-10 17:39:37,unknown_backfilled,338.0,experiment_log2026-02-10_17-33-58.log,,
9299dab1,surfactant_grid_adaptive_concentrations,False,2026-02-10 18:53:27,2026-02-10 18:55:40,unknown_backfilled,133.0,experiment_log2026-02-10_18-53-27.log,,
3252aab2,surfactant_grid_adaptive_concentrations,False,2026-02-10 19:00:45,2026-02-10 19:06:40,unknown_backfilled,355.0,experiment_log2026-02-10_19-00-44.log,,
f9100874,surfactant_grid_adaptive_concentrations,False,2026-02-10 19:09:24,2026-02-10 19:09:36,unknown_backfilled,12.0,experiment_log2026-02-10_19-09-24.log,,
4d7b9bc0,surfactant_grid_adaptive_concentrations,False,2026-02-10 19:15:30,2026-02-10 19:20:00,unknown_backfilled,270.0,experiment_log2026-02-10_19-15-29.log,,
86fd5f70,surfactant_grid_adaptive_concentrations,False,2026-02-10 19:21:48,2026-02-10 19:23:11,unknown_backfilled,83.0,experiment_log2026-02-10_19-21-47.log,,
82c21045,surfactant_grid_adaptive_concentrations,False,2026-02-10 19:27:33,2026-02-10 22:18:59,unknown_backfilled,10286.0,experiment_log2026-02-10_19-27-33.log,,
e794abe5,surfactant_grid_adaptive_concentrations,False,2026-02-11 11:54:35,2026-02-11 11:54:38,unknown_backfilled,3.0,experiment_log2026-02-11_11-54-34.log,,
b135102b,surfactant_grid_adaptive_concentrations,False,2026-02-11 12:04:48,2026-02-11 13:45:20,unknown_backfilled,6032.0,experiment_log2026-02-11_12-04-47.log,,
bfda4124,unknown,False,2026-02-11 14:34:03,2026-02-11 14:36:10,unknown_backfilled,127.0,experiment_log2026-02-11_14-34-03.log,,
64c06ffe,unknown,False,2026-02-11 14:37:24,2026-02-11 14:37:50,unknown_backfilled,26.0,experiment_log2026-02-11_14-37-24.log,,
fbc2cff6,unknown,False,2026-02-11 14:39:26,2026-02-11 15:14:20,unknown_backfilled,2094.0,experiment_log2026-02-11_14-39-26.log,,
0399820d,unknown,False,2026-02-12 11:31:18,2026-02-12 13:57:43,unknown_backfilled,8785.0,experiment_log2026-02-12_11-31-18.log,,
13eb7744,unknown,False,2026-02-12 14:40:58,2026-02-12 17:52:41,unknown_backfilled,11503.0,experiment_log2026-02-12_14-40-58.log,,
a18b3257,surfactant_grid_adaptive_concentrations,False,2026-02-12 20:43:59,2026-02-12 20:45:17,unknown_backfilled,78.0,experiment_log2026-02-12_20-43-59.log,,
bfe41f5a,surfactant_grid_adaptive_concentrations,False,2026-02-12 20:48:47,2026-02-12 20:49:59,unknown_backfilled,72.0,experiment_log2026-02-12_20-48-46.log,,
0b89e21b,surfactant_grid_adaptive_concentrations,False,2026-02-12 20:51:51,2026-02-12 23:48:19,unknown_backfilled,10588.0,experiment_log2026-02-12_20-51-50.log,,
10ad8bb3,surfactant_grid_adaptive_concentrations,False,2026-02-13 10:51:19,2026-02-13 15:19:51,unknown_backfilled,16112.0,experiment_log2026-02-13_10-51-19.log,,
d441487a,surfactant_grid_adaptive_concentrations,False,2026-02-13 15:25:23,2026-02-13 15:25:38,unknown_backfilled,15.0,experiment_log2026-02-13_15-25-22.log,,
6490e094,surfactant_grid_adaptive_concentrations,False,2026-02-13 16:58:17,2026-02-13 16:59:08,unknown_backfilled,51.0,experiment_log2026-02-13_16-58-17.log,,
84c0c6bf,surfactant_grid_adaptive_concentrations,False,2026-02-13 16:59:32,2026-02-13 16:59:36,unknown_backfilled,4.0,experiment_log2026-02-13_16-59-32.log,,
3ccb2711,surfactant_grid_adaptive_concentrations,False,2026-02-13 16:59:55,2026-02-14 05:51:54,unknown_backfilled,46319.0,experiment_log2026-02-13_16-59-55.log,,
00ef74e1,surfactant_grid_adaptive_concentrations,False,2026-02-17 10:34:13,2026-02-17 10:35:19,unknown_backfilled,66.0,experiment_log2026-02-17_10-34-13.log,,
d3214f7c,surfactant_grid_adaptive_concentrations,False,2026-02-17 13:31:01,2026-02-17 13:32:05,unknown_backfilled,64.0,experiment_log2026-02-17_13-31-00.log,,
b165ec27,surfactant_grid_adaptive_concentrations,False,2026-02-17 13:53:17,2026-02-17 14:52:49,unknown_backfilled,3572.0,experiment_log2026-02-17_13-53-16.log,,
7ea7f43c,surfactant_grid_adaptive_concentrations,False,2026-02-17 15:06:28,2026-02-18 01:51:27,unknown_backfilled,38699.0,experiment_log2026-02-17_15-06-28.log,,
0e642b6b,Degradation_serena,False,2026-02-18 11:26:01,2026-02-18 11:54:44,unknown_backfilled,1723.0,experiment_log2026-02-18_11-26-00.log,,
5e637850,Degradation_serena,False,2026-02-18 12:16:28,2026-02-18 12:44:27,unknown_backfilled,1679.0,experiment_log2026-02-18_12-16-28.log,,
ee3e457c,unknown,False,2026-02-18 12:49:30,2026-02-18 12:49:37,unknown_backfilled,7.0,experiment_log2026-02-18_12-49-29.log,,
882c2616,Degradation_serena,False,2026-02-18 12:49:58,2026-02-18 14:03:18,unknown_backfilled,4400.0,experiment_log2026-02-18_12-49-58.log,,
3100afb8,unknown,False,2026-02-18 15:05:31,2026-02-18 16:02:55,unknown_backfilled,3444.0,experiment_log2026-02-18_15-05-31.log,,
0d8a3998,surfactant_grid_adaptive_concentrations,False,2026-02-18 16:13:16,2026-02-18 16:18:07,unknown_backfilled,291.0,experiment_log2026-02-18_16-13-16.log,,
b2dd8c97,surfactant_grid_adaptive_concentrations,False,2026-02-18 16:28:03,2026-02-18 20:08:46,unknown_backfilled,13243.0,experiment_log2026-02-18_16-28-03.log,,
d46abfbc,surfactant_grid_adaptive_concentrations,False,2026-02-19 08:42:49,2026-02-19 08:43:10,unknown_backfilled,21.0,experiment_log2026-02-19_08-42-49.log,,
e707cd75,Degradation_serena,False,2026-02-19 12:32:57,2026-02-19 14:08:14,unknown_backfilled,5717.0,experiment_log2026-02-19_12-32-56.log,,
875b46ba,unknown,False,2026-02-19 15:02:32,2026-02-19 15:02:52,unknown_backfilled,20.0,experiment_log2026-02-19_15-02-31.log,,
046f00ac,unknown,False,2026-02-19 15:03:13,2026-02-19 15:03:34,unknown_backfilled,21.0,experiment_log2026-02-19_15-03-12.log,,
68988196,unknown,False,2026-02-19 15:06:10,2026-02-19 15:06:52,unknown_backfilled,42.0,experiment_log2026-02-19_15-06-10.log,,
358e319a,unknown,False,2026-02-19 15:08:39,2026-02-19 15:09:22,unknown_backfilled,43.0,experiment_log2026-02-19_15-08-39.log,,
446d7816,Degradation_serena,False,2026-02-19 15:26:31,2026-02-19 15:51:01,unknown_backfilled,1470.0,experiment_log2026-02-19_15-26-31.log,,
31938a11,Degradation_serena,False,2026-02-19 15:51:25,2026-02-19 15:51:34,unknown_backfilled,9.0,experiment_log2026-02-19_15-51-25.log,,
fd64d91c,Degradation_serena,False,2026-02-19 15:55:42,2026-02-19 15:55:51,unknown_backfilled,9.0,experiment_log2026-02-19_15-55-41.log,,
4ffe70db,Degradation_serena,False,2026-02-19 15:56:42,2026-02-19 15:56:51,unknown_backfilled,9.0,experiment_log2026-02-19_15-56-42.log,,
05ad67b2,Degradation_serena,False,2026-02-19 15:58:02,2026-02-19 15:59:03,unknown_backfilled,61.0,experiment_log2026-02-19_15-58-02.log,,
214c07ff,Degradation_serena,False,2026-02-19 15:59:29,2026-02-19 16:13:31,unknown_backfilled,842.0,experiment_log2026-02-19_15-59-28.log,,
c999a487,sample_workflow_v2,False,2026-02-19 16:25:42,2026-02-19 16:25:51,unknown_backfilled,9.0,experiment_log2026-02-19_16-25-41.log,,
d18c46a7,sample_workflow_v2,False,2026-02-19 16:26:16,2026-02-19 16:27:12,unknown_backfilled,56.0,experiment_log2026-02-19_16-26-16.log,,
be756411,sample_workflow_v2,False,2026-02-19 16:27:43,2026-02-19 16:28:36,unknown_backfilled,53.0,experiment_log2026-02-19_16-27-43.log,,
7bb44523,sample_workflow_v2,False,2026-02-19 16:29:08,2026-02-19 16:30:01,unknown_backfilled,53.0,experiment_log2026-02-19_16-29-08.log,,
aa29a097,unknown,False,2026-02-19 16:30:58,2026-02-19 16:32:36,unknown_backfilled,98.0,experiment_log2026-02-19_16-30-57.log,,
41ddd054,unknown,False,2026-02-19 16:32:48,2026-02-19 16:32:58,unknown_backfilled,10.0,experiment_log2026-02-19_16-32-47.log,,
48f33926,sample_workflow_v2,False,2026-02-19 16:37:24,2026-02-19 16:37:29,unknown_backfilled,5.0,experiment_log2026-02-19_16-37-23.log,,
22526027,sample_workflow_v2,False,2026-02-19 16:37:44,2026-02-19 16:37:48,unknown_backfilled,4.0,experiment_log2026-02-19_16-37-43.log,,
880d82b6,sample_workflow_v2,False,2026-02-19 16:42:04,2026-02-19 16:43:00,unknown_backfilled,56.0,experiment_log2026-02-19_16-42-04.log,,
ad62d94d,unknown,False,2026-02-19 16:43:55,2026-02-19 16:47:25,unknown_backfilled,210.0,experiment_log2026-02-19_16-43-54.log,,
73761edb,unknown,False,2026-02-19 16:47:36,2026-02-19 16:50:57,unknown_backfilled,201.0,experiment_log2026-02-19_16-47-36.log,,
09cb18f9,unknown,False,2026-02-19 16:51:54,2026-02-19 16:51:59,unknown_backfilled,5.0,experiment_log2026-02-19_16-51-53.log,,
22de4515,unknown,False,2026-02-19 16:57:10,2026-02-19 17:02:25,unknown_backfilled,315.0,experiment_log2026-02-19_16-57-10.log,,
d9e76757,Degradation_serena,False,2026-02-19 17:02:57,2026-02-19 17:03:06,unknown_backfilled,9.0,experiment_log2026-02-19_17-02-57.log,,
1665f63d,unknown,False,2026-02-19 17:08:20,2026-02-19 17:08:24,unknown_backfilled,4.0,experiment_log2026-02-19_17-08-19.log,,
b72d0f26,unknown,False,2026-02-19 17:12:11,2026-02-19 17:12:19,unknown_backfilled,8.0,experiment_log2026-02-19_17-12-10.log,,
83e685ae,unknown,False,2026-02-19 17:12:42,2026-02-19 17:16:10,unknown_backfilled,208.0,experiment_log2026-02-19_17-12-42.log,,
6baffead,Degradation_serena,False,2026-02-19 17:18:37,2026-02-19 17:18:41,unknown_backfilled,4.0,experiment_log2026-02-19_17-18-36.log,,
207e3c2e,Degradation_serena,False,2026-02-19 17:18:51,2026-02-19 17:18:59,unknown_backfilled,8.0,experiment_log2026-02-19_17-18-51.log,,
00828c4b,Degradation_serena,False,2026-02-19 17:19:03,2026-02-19 17:19:07,unknown_backfilled,4.0,experiment_log2026-02-19_17-19-02.log,,
9e9db9fa,Degradation_serena,False,2026-02-19 17:24:44,2026-02-19 18:50:14,unknown_backfilled,5130.0,experiment_log2026-02-19_17-24-44.log,,
3594a5e5,Degradation_serena,False,2026-02-20 08:45:52,2026-02-20 08:45:52,unknown_backfilled,0.0,experiment_log2026-02-20_08-45-52.log,,
334a5224,surfactant_grid_adaptive_concentrations,False,2026-02-20 08:50:05,2026-02-20 08:50:05,unknown_backfilled,0.0,experiment_log2026-02-20_08-50-04.log,,
55a5852e,surfactant_grid_adaptive_concentrations,False,2026-02-20 10:54:07,2026-02-20 10:55:18,unknown_backfilled,71.0,experiment_log2026-02-20_10-54-07.log,,
a8abf9c7,surfactant_grid_adaptive_concentrations,False,2026-02-20 10:55:46,2026-02-20 10:55:55,unknown_backfilled,9.0,experiment_log2026-02-20_10-55-46.log,,
388e012d,surfactant_grid_adaptive_concentrations,False,2026-02-20 10:56:02,2026-02-20 10:57:15,unknown_backfilled,73.0,experiment_log2026-02-20_10-56-02.log,,
6ff0df27,surfactant_grid_adaptive_concentrations,False,2026-02-20 10:58:00,2026-02-20 10:58:42,unknown_backfilled,42.0,experiment_log2026-02-20_10-58-00.log,,
f8986618,surfactant_grid_adaptive_concentrations,False,2026-02-20 12:00:18,2026-02-20 12:00:41,unknown_backfilled,23.0,experiment_log2026-02-20_12-00-18.log,,
4082fecc,surfactant_grid_adaptive_concentrations,False,2026-02-20 13:25:38,2026-02-20 13:25:55,unknown_backfilled,17.0,experiment_log2026-02-20_13-25-38.log,,
80d5ec1a,surfactant_grid_adaptive_concentrations,False,2026-02-20 13:27:47,2026-02-20 13:29:08,unknown_backfilled,81.0,experiment_log2026-02-20_13-27-47.log,,
dd71c712,surfactant_grid_adaptive_concentrations,False,2026-02-20 13:36:39,2026-02-20 13:37:37,unknown_backfilled,58.0,experiment_log2026-02-20_13-36-39.log,,
93d749e1,surfactant_grid_adaptive_concentrations,False,2026-02-20 13:41:06,2026-02-20 13:42:18,unknown_backfilled,72.0,experiment_log2026-02-20_13-41-06.log,,
66de83af,test_biotek_measure_wellplate,False,2026-02-20 13:43:17,2026-02-20 13:44:22,unknown_backfilled,65.0,experiment_log2026-02-20_13-43-17.log,,
714935f1,surfactant_grid_adaptive_concentrations,False,2026-02-20 13:44:43,2026-02-20 16:09:07,unknown_backfilled,8664.0,experiment_log2026-02-20_13-44-43.log,,
60935fcb,surfactant_grid_adaptive_concentrations,False,2026-02-20 16:16:20,2026-02-20 16:17:50,unknown_backfilled,90.0,experiment_log2026-02-20_16-16-20.log,,
b7ad4f88,surfactant_grid_adaptive_concentrations,False,2026-02-20 18:39:34,2026-02-20 18:40:05,unknown_backfilled,31.0,experiment_log2026-02-20_18-39-34.log,,
b1883855,surfactant_grid_adaptive_concentrations,False,2026-02-20 18:51:56,2026-02-20 19:03:47,unknown_backfilled,711.0,experiment_log2026-02-20_18-51-56.log,,
eb2a1a21,surfactant_grid_adaptive_concentrations,False,2026-02-20 19:05:43,2026-02-21 04:27:02,unknown_backfilled,33679.0,experiment_log2026-02-20_19-05-43.log,,
13ddf60b,surfactant_grid_adaptive_concentrations,False,2026-02-21 19:49:49,2026-02-21 19:51:31,unknown_backfilled,102.0,experiment_log2026-02-21_19-49-49.log,,
37ca042e,run_calibration,False,2026-02-21 21:01:42,2026-02-21 21:23:59,unknown_backfilled,1337.0,experiment_log2026-02-21_21-01-42.log,,
ea3bd1b3,run_validation,False,2026-02-21 21:31:02,2026-02-21 21:40:33,unknown_backfilled,571.0,experiment_log2026-02-21_21-31-02.log,,
b8490a8b,test_water_validation,False,2026-02-21 21:44:31,2026-02-21 21:45:14,unknown_backfilled,43.0,experiment_log2026-02-21_21-44-31.log,,
24883a7e,return_vial_home,False,2026-02-21 21:48:16,2026-02-21 21:48:47,unknown_backfilled,31.0,experiment_log2026-02-21_21-48-16.log,,
8c1b2480,test_water_validation,False,2026-02-21 21:51:35,2026-02-21 21:55:09,unknown_backfilled,214.0,experiment_log2026-02-21_21-51-35.log,,
cad40ac0,test_water_validation,False,2026-02-21 22:00:19,2026-02-21 22:05:52,unknown_backfilled,333.0,experiment_log2026-02-21_22-00-19.log,,
c8790c88,run_validation,False,2026-02-21 22:13:44,2026-02-21 22:21:25,unknown_backfilled,461.0,experiment_log2026-02-21_22-13-44.log,,
756a8c5f,run_calibration,False,2026-02-23 10:57:53,2026-02-23 11:21:07,unknown_backfilled,1394.0,experiment_log2026-02-23_10-57-53.log,,
e2f702e1,run_validation,False,2026-02-23 11:23:02,2026-02-23 11:53:47,unknown_backfilled,1845.0,experiment_log2026-02-23_11-23-02.log,,
713d95e3,test_water_validation,False,2026-02-23 11:55:36,2026-02-23 12:01:01,unknown_backfilled,325.0,experiment_log2026-02-23_11-55-36.log,,
dcd5fb95,test_water_validation,False,2026-02-23 12:44:39,2026-02-23 12:50:07,unknown_backfilled,328.0,experiment_log2026-02-23_12-44-39.log,,
73343c11,test_water_validation,False,2026-02-23 13:27:46,2026-02-23 13:28:41,unknown_backfilled,55.0,experiment_log2026-02-23_13-27-46.log,,
a5f67643,test_move_track,False,2026-02-23 16:19:49,2026-02-23 16:19:58,unknown_backfilled,9.0,experiment_log2026-02-23_16-19-49.log,,
e4ba07c7,surfactant_grid_adaptive_concentrations,False,2026-02-23 16:45:30,2026-02-23 16:45:48,unknown_backfilled,18.0,experiment_log2026-02-23_16-45-30.log,,
50731a7a,surfactant_grid_adaptive_concentrations,False,2026-02-23 16:46:25,2026-02-23 16:46:34,unknown_backfilled,9.0,experiment_log2026-02-23_16-46-25.log,,
a63122fa,surfactant_grid_adaptive_concentrations,False,2026-02-23 16:48:58,2026-02-23 19:09:17,unknown_backfilled,8419.0,experiment_log2026-02-23_16-48-58.log,,
7c207015,surfactant_grid_adaptive_concentrations,False,2026-02-23 19:23:05,2026-02-23 19:23:46,unknown_backfilled,41.0,experiment_log2026-02-23_19-23-05.log,,
c6d2a34a,surfactant_grid_adaptive_concentrations,False,2026-02-24 09:12:09,2026-02-24 09:12:14,unknown_backfilled,5.0,experiment_log2026-02-24_09-12-09.log,,
4f3137e1,reset,False,2026-02-24 10:14:37,2026-02-24 10:18:34,unknown_backfilled,237.0,experiment_log2026-02-24_10-14-37.log,,
d7c308d3,Degradation_serena,False,2026-02-24 10:34:07,2026-02-24 10:34:27,unknown_backfilled,20.0,experiment_log2026-02-24_10-34-07.log,,
f7d5a3a0,Degradation_serena,False,2026-02-24 10:34:56,2026-02-24 10:35:04,unknown_backfilled,8.0,experiment_log2026-02-24_10-34-56.log,,
16d541df,Degradation_serena,False,2026-02-24 10:37:48,2026-02-24 10:37:57,unknown_backfilled,9.0,experiment_log2026-02-24_10-37-48.log,,
d7c4bc9f,Degradation_serena,False,2026-02-24 10:38:10,2026-02-24 10:38:14,unknown_backfilled,4.0,experiment_log2026-02-24_10-38-10.log,,
a519d303,Degradation_serena,False,2026-02-24 10:39:36,2026-02-24 10:39:51,unknown_backfilled,15.0,experiment_log2026-02-24_10-39-36.log,,
ec8ac5ff,Degradation_serena,False,2026-02-24 10:40:43,2026-02-24 10:40:46,unknown_backfilled,3.0,experiment_log2026-02-24_10-40-43.log,,
ae1423b0,Degradation_serena,False,2026-02-24 10:41:51,2026-02-24 10:43:21,unknown_backfilled,90.0,experiment_log2026-02-24_10-41-51.log,,
ad5f55fe,Degradation_serena,False,2026-02-24 10:46:14,2026-02-24 10:46:29,unknown_backfilled,15.0,experiment_log2026-02-24_10-46-14.log,,
840b0109,Degradation_serena,False,2026-02-24 10:47:19,2026-02-24 10:47:28,unknown_backfilled,9.0,experiment_log2026-02-24_10-47-19.log,,
a54e0d8c,Degradation_serena,False,2026-02-24 10:50:16,2026-02-24 10:50:33,unknown_backfilled,17.0,experiment_log2026-02-24_10-50-16.log,,
9a7de121,Degradation_serena,False,2026-02-24 10:50:41,2026-02-24 10:50:59,unknown_backfilled,18.0,experiment_log2026-02-24_10-50-41.log,,
1f885f0d,reset,False,2026-02-24 11:32:24,2026-02-24 11:32:39,unknown_backfilled,15.0,experiment_log2026-02-24_11-32-24.log,,
bce4b4ce,reset,False,2026-02-24 11:33:04,2026-02-24 11:33:04,unknown_backfilled,0.0,experiment_log2026-02-24_11-33-04.log,,
1298b366,reset,False,2026-02-24 11:33:33,2026-02-24 11:33:34,unknown_backfilled,1.0,experiment_log2026-02-24_11-33-33.log,,
16cba2fa,reset,False,2026-02-24 11:33:51,2026-02-24 11:35:15,unknown_backfilled,84.0,experiment_log2026-02-24_11-33-51.log,,
3e770957,Degradation_serena,False,2026-02-24 11:39:14,2026-02-24 11:39:29,unknown_backfilled,15.0,experiment_log2026-02-24_11-39-14.log,,
cee277fb,Degradation_serena,False,2026-02-24 11:39:53,2026-02-24 11:46:00,unknown_backfilled,367.0,experiment_log2026-02-24_11-39-53.log,,
f907350f,reset,False,2026-02-24 11:46:08,2026-02-24 11:46:16,unknown_backfilled,8.0,experiment_log2026-02-24_11-46-08.log,,
d6cacae0,Degradation_serena,False,2026-02-24 11:50:38,2026-02-24 11:50:49,unknown_backfilled,11.0,experiment_log2026-02-24_11-50-38.log,,
3ba2c359,Degradation_serena,False,2026-02-24 11:52:02,2026-02-24 11:52:38,unknown_backfilled,36.0,experiment_log2026-02-24_11-52-02.log,,
bd5e109b,capdecap,False,2026-02-24 11:53:15,2026-02-24 11:55:09,unknown_backfilled,114.0,experiment_log2026-02-24_11-53-15.log,,
8fa10c84,capdecap,False,2026-02-24 11:55:16,2026-02-24 11:56:37,unknown_backfilled,81.0,experiment_log2026-02-24_11-55-16.log,,
68ff3457,capdecap,False,2026-02-24 11:56:46,2026-02-24 11:58:05,unknown_backfilled,79.0,experiment_log2026-02-24_11-56-46.log,,
da7cfe51,capdecap,False,2026-02-24 11:58:10,2026-02-24 11:59:45,unknown_backfilled,95.0,experiment_log2026-02-24_11-58-10.log,,
6fb903f6,capdecap,False,2026-02-24 11:59:52,2026-02-24 12:01:14,unknown_backfilled,82.0,experiment_log2026-02-24_11-59-52.log,,
86252ebb,capdecap,False,2026-02-24 12:01:21,2026-02-24 12:02:46,unknown_backfilled,85.0,experiment_log2026-02-24_12-01-21.log,,
5cac6daf,Degradation_serena,False,2026-02-24 12:04:22,2026-02-24 15:12:15,unknown_backfilled,11273.0,experiment_log2026-02-24_12-04-22.log,,
1bc1c772,run_calibration,False,2026-02-24 16:46:10,2026-02-24 17:13:23,unknown_backfilled,1633.0,experiment_log2026-02-24_16-46-10.log,,
9af373ac,surfactant_grid_adaptive_concentrations,False,2026-02-24 17:06:25,2026-02-24 17:06:33,unknown_backfilled,8.0,experiment_log2026-02-24_17-06-25.log,,
0ef222e2,surfactant_grid_adaptive_concentrations,False,2026-02-24 17:06:38,2026-02-24 17:06:59,unknown_backfilled,21.0,experiment_log2026-02-24_17-06-38.log,,
5ba0afdb,surfactant_grid_adaptive_concentrations,False,2026-02-25 08:57:17,2026-02-25 08:57:29,unknown_backfilled,12.0,experiment_log2026-02-25_08-57-17.log,,
083f6c54,surfactant_grid_adaptive_concentrations,False,2026-02-25 08:58:30,2026-02-25 08:58:44,unknown_backfilled,14.0,experiment_log2026-02-25_08-58-30.log,,
e5d72af5,surfactant_grid_adaptive_concentrations,False,2026-02-25 08:58:57,2026-02-25 08:59:26,unknown_backfilled,29.0,experiment_log2026-02-25_08-58-57.log,,
8a6e8689,surfactant_grid_adaptive_concentrations,False,2026-02-25 08:59:33,2026-02-25 08:59:43,unknown_backfilled,10.0,experiment_log2026-02-25_08-59-33.log,,
08e3f2b3,test_biotek_measure_wellplate,False,2026-02-25 10:10:00,2026-02-25 10:10:55,unknown_backfilled,55.0,experiment_log2026-02-25_10-10-00.log,,
396d9d7a,test_biotek_measure_wellplate,False,2026-02-25 10:50:22,2026-02-25 10:51:16,unknown_backfilled,54.0,experiment_log2026-02-25_10-50-22.log,,
38460be4,test_biotek_measure_wellplate,False,2026-02-25 11:03:01,2026-02-25 11:03:54,unknown_backfilled,53.0,experiment_log2026-02-25_11-03-01.log,,
920107ce,test_biotek_measure_wellplate,False,2026-02-25 11:03:54,2026-02-25 11:04:46,unknown_backfilled,52.0,experiment_log2026-02-25_11-03-54.log,,
d87be76f,test_biotek_measure_wellplate,False,2026-02-25 11:04:46,2026-02-25 11:05:39,unknown_backfilled,53.0,experiment_log2026-02-25_11-04-46.log,,
4ef8c2f6,test_biotek_measure_wellplate,False,2026-02-25 11:05:39,2026-02-25 11:06:32,unknown_backfilled,53.0,experiment_log2026-02-25_11-05-39.log,,
c2c2ca1b,test_biotek_measure_wellplate,False,2026-02-25 11:06:32,2026-02-25 11:07:24,unknown_backfilled,52.0,experiment_log2026-02-25_11-06-32.log,,
71aa273e,test_biotek_measure_wellplate,False,2026-02-25 11:07:25,2026-02-25 11:08:17,unknown_backfilled,52.0,experiment_log2026-02-25_11-07-25.log,,
726695f9,test_biotek_measure_wellplate,False,2026-02-25 11:08:17,2026-02-25 11:09:10,unknown_backfilled,53.0,experiment_log2026-02-25_11-08-17.log,,
01701008,test_biotek_measure_wellplate,False,2026-02-25 11:09:10,2026-02-25 11:10:02,unknown_backfilled,52.0,experiment_log2026-02-25_11-09-10.log,,
032b6fe6,test_biotek_measure_wellplate,False,2026-02-25 11:10:03,2026-02-25 11:10:55,unknown_backfilled,52.0,experiment_log2026-02-25_11-10-03.log,,
56c7bd86,test_biotek_measure_wellplate,False,2026-02-25 11:10:55,2026-02-25 11:11:48,unknown_backfilled,53.0,experiment_log2026-02-25_11-10-55.log,,
af1d2d5c,cap_decap,False,2026-02-25 11:12:12,2026-02-25 11:13:39,unknown_backfilled,87.0,experiment_log2026-02-25_11-12-12.log,,
30bb9640,cap_decap,False,2026-02-25 11:15:10,2026-02-25 11:15:40,unknown_backfilled,30.0,experiment_log2026-02-25_11-15-10.log,,
b337e549,cap_decap,False,2026-02-25 11:15:54,2026-02-25 11:17:27,unknown_backfilled,93.0,experiment_log2026-02-25_11-15-54.log,,
07bb6191,cap_decap,False,2026-02-25 11:17:49,2026-02-25 11:19:27,unknown_backfilled,98.0,experiment_log2026-02-25_11-17-49.log,,
f3602bf5,cap_decap,False,2026-02-25 11:22:52,2026-02-25 11:22:52,unknown_backfilled,0.0,experiment_log2026-02-25_11-22-52.log,,
a6433425,cap_decap,False,2026-02-25 11:23:44,2026-02-25 11:24:26,unknown_backfilled,42.0,experiment_log2026-02-25_11-23-44.log,,
b0e80016,cap_decap,False,2026-02-25 11:25:10,2026-02-25 11:25:15,unknown_backfilled,5.0,experiment_log2026-02-25_11-25-10.log,,
0c3558b3,cap_decap,False,2026-02-25 11:25:34,2026-02-25 11:25:40,unknown_backfilled,6.0,experiment_log2026-02-25_11-25-34.log,,
f3e7d0f8,reset,False,2026-02-25 11:25:55,2026-02-25 11:26:07,unknown_backfilled,12.0,experiment_log2026-02-25_11-25-55.log,,
a4502513,cap_decap,False,2026-02-25 11:26:36,2026-02-25 11:28:12,unknown_backfilled,96.0,experiment_log2026-02-25_11-26-36.log,,
40da0388,cap_decap,False,2026-02-25 11:32:32,2026-02-25 11:33:48,unknown_backfilled,76.0,experiment_log2026-02-25_11-32-32.log,,
e38a1a0f,cap_decap,False,2026-02-25 11:36:24,2026-02-25 11:39:51,unknown_backfilled,207.0,experiment_log2026-02-25_11-36-24.log,,
0c1c73c2,test_photoreactor,False,2026-02-25 12:32:01,2026-02-25 12:32:13,unknown_backfilled,12.0,experiment_log2026-02-25_12-32-01.log,,
aad7d2a5,test_biotek_measure_wellplate,False,2026-02-25 15:06:24,2026-02-25 15:06:26,unknown_backfilled,2.0,experiment_log2026-02-25_15-06-24.log,,
17f3c24a,peroxide_serena_v3,False,2026-02-25 15:13:44,2026-02-25 15:14:46,unknown_backfilled,62.0,experiment_log2026-02-25_15-13-44.log,,
8c94b334,peroxide_serena_v3,False,2026-02-25 15:14:50,2026-02-25 16:50:12,unknown_backfilled,5722.0,experiment_log2026-02-25_15-14-50.log,,
72ce94f4,test_biotek_measure_wellplate,False,2026-02-25 16:56:37,2026-02-25 16:56:48,unknown_backfilled,11.0,experiment_log2026-02-25_16-56-37.log,,
b3038b19,test_biotek_measure_wellplate,False,2026-02-25 16:57:53,2026-02-25 17:04:13,unknown_backfilled,380.0,experiment_log2026-02-25_16-57-53.log,,
b9de6376,test_biotek_measure_wellplate,False,2026-02-25 17:04:13,2026-02-25 17:14:40,unknown_backfilled,627.0,experiment_log2026-02-25_17-04-13.log,,
bbc95106,surfactant_grid_adaptive_concentrations,False,2026-02-25 17:14:54,2026-02-25 17:16:45,unknown_backfilled,111.0,experiment_log2026-02-25_17-14-54.log,,
af43d4f3,reset,False,2026-02-26 09:10:23,2026-02-26 09:10:39,unknown_backfilled,16.0,experiment_log2026-02-26_09-10-23.log,,
67ca39e7,test_biotek_measure_wellplate,False,2026-02-26 09:19:31,2026-02-26 09:20:18,unknown_backfilled,47.0,experiment_log2026-02-26_09-19-31.log,,
0938d902,reset,False,2026-02-26 09:23:41,2026-02-26 09:23:57,unknown_backfilled,16.0,experiment_log2026-02-26_09-23-41.log,,
40822303,test_biotek_measure_wellplate,False,2026-02-26 09:31:07,2026-02-26 09:32:51,unknown_backfilled,104.0,experiment_log2026-02-26_09-31-07.log,,
183bb96a,Degradation_serena,False,2026-02-26 12:11:47,2026-02-26 12:12:53,unknown_backfilled,66.0,experiment_log2026-02-26_12-11-47.log,,
692e2a8f,Degradation_serena,False,2026-02-26 12:26:32,2026-02-26 12:28:22,unknown_backfilled,110.0,experiment_log2026-02-26_12-26-32.log,,
e13316ce,surfactant_grid_adaptive_concentrations,False,2026-02-26 16:06:28,2026-02-26 16:06:35,unknown_backfilled,7.0,experiment_log2026-02-26_16-06-28.log,,
a45e2aa9,surfactant_grid_adaptive_concentrations,False,2026-02-26 16:07:48,2026-02-26 16:08:53,unknown_backfilled,65.0,experiment_log2026-02-26_16-07-48.log,,
8f1e98ff,reset,False,2026-02-26 17:04:37,2026-02-26 17:06:35,unknown_backfilled,118.0,experiment_log2026-02-26_17-04-37.log,,
d9a383f6,cap_decap,False,2026-02-26 17:42:01,2026-02-26 17:42:15,unknown_backfilled,14.0,experiment_log2026-02-26_17-42-01.log,,
89381454,cap_decap,False,2026-02-26 17:42:45,2026-02-26 17:43:09,unknown_backfilled,24.0,experiment_log2026-02-26_17-42-45.log,,
9e0e42a6,cap_decap,False,2026-02-26 17:43:25,2026-02-26 17:52:03,unknown_backfilled,518.0,experiment_log2026-02-26_17-43-25.log,,
bb652a1e,surfactant_grid_adaptive_concentrations,False,2026-02-26 18:00:00,2026-02-27 11:33:51,unknown_backfilled,63231.0,experiment_log2026-02-26_18-00-00.log,,
f50764d2,peroxide_serena_v3,False,2026-02-27 12:57:00,2026-02-27 13:02:10,unknown_backfilled,310.0,experiment_log2026-02-27_12-57-00.log,,
cdbbe701,peroxide_serena_v3,False,2026-02-27 13:04:07,2026-02-27 13:05:16,unknown_backfilled,69.0,experiment_log2026-02-27_13-04-07.log,,
1888dc8a,Degradation_serena,False,2026-02-28 09:58:48,2026-02-28 10:20:55,unknown_backfilled,1327.0,experiment_log2026-02-28_09-58-48.log,,
8ae99f55,Degradation_serena,False,2026-02-28 10:21:04,2026-02-28 10:22:36,unknown_backfilled,92.0,experiment_log2026-02-28_10-21-04.log,,
9b376735,Degradation_serena,False,2026-03-02 10:12:40,2026-03-02 10:14:48,unknown_backfilled,128.0,experiment_log2026-03-02_10-12-40.log,,
f33417eb,Degradation_serena,False,2026-03-02 10:23:04,2026-03-02 10:24:41,unknown_backfilled,97.0,experiment_log2026-03-02_10-23-04.log,,
8d11935a,unknown,False,2026-03-02 11:26:51,2026-03-02 11:26:51,unknown_backfilled,0.0,experiment_log2026-03-02_11-26-51.log,,
bf631d6b,Degradation_serena,False,2026-03-02 11:53:32,2026-03-02 11:54:17,unknown_backfilled,45.0,experiment_log2026-03-02_11-53-32.log,,
85d05fea,Degradation_serena,False,2026-03-02 12:22:54,2026-03-02 12:22:59,unknown_backfilled,5.0,experiment_log2026-03-02_12-22-54.log,,
d8b3f2f1,test_dispense,False,2026-03-02 13:54:45,2026-03-02 13:55:19,unknown_backfilled,34.0,experiment_log2026-03-02_13-54-45.log,,
a997efdb,capdecap,False,2026-03-02 13:55:51,2026-03-02 13:57:45,unknown_backfilled,114.0,experiment_log2026-03-02_13-55-51.log,,
4e6ae9de,capdecap,False,2026-03-02 13:58:10,2026-03-02 14:00:51,unknown_backfilled,161.0,experiment_log2026-03-02_13-58-10.log,,
c6df70b6,capdecap,False,2026-03-02 14:01:11,2026-03-02 14:02:45,unknown_backfilled,94.0,experiment_log2026-03-02_14-01-11.log,,
8f0b22c9,capdecap,False,2026-03-02 14:04:12,2026-03-02 14:06:17,unknown_backfilled,125.0,experiment_log2026-03-02_14-04-12.log,,
70a754e3,capdecap,False,2026-03-02 14:10:16,2026-03-02 14:11:24,unknown_backfilled,68.0,experiment_log2026-03-02_14-10-16.log,,
7a7c2b4f,capdecap,False,2026-03-02 14:11:35,2026-03-02 14:15:10,unknown_backfilled,215.0,experiment_log2026-03-02_14-11-35.log,,
a294fb5f,capdecap,False,2026-03-02 14:15:16,2026-03-02 14:17:03,unknown_backfilled,107.0,experiment_log2026-03-02_14-15-16.log,,
a274872f,capdecap,False,2026-03-02 14:17:58,2026-03-02 14:19:32,unknown_backfilled,94.0,experiment_log2026-03-02_14-17-58.log,,
d6a715ea,Degradation_serena,False,2026-03-02 14:21:09,2026-03-02 14:22:03,unknown_backfilled,54.0,experiment_log2026-03-02_14-21-09.log,,
bd06bc83,surfactant_grid_adaptive_concentrations,False,2026-03-02 16:12:58,2026-03-02 16:14:35,unknown_backfilled,97.0,experiment_log2026-03-02_16-12-58.log,,
3831e4f7,surfactant_grid_adaptive_concentrations,False,2026-03-03 08:55:30,2026-03-03 08:55:39,unknown_backfilled,9.0,experiment_log2026-03-03_08-55-30.log,,
4379a3ad,Degradation_serena,False,2026-03-03 11:21:48,2026-03-03 11:23:33,unknown_backfilled,105.0,experiment_log2026-03-03_11-21-48.log,,
c55da80b,Degradation_serena,False,2026-03-03 12:52:11,2026-03-03 12:52:58,unknown_backfilled,47.0,experiment_log2026-03-03_12-52-11.log,,
b70922fd,Degradation_serena,False,2026-03-03 12:55:05,2026-03-03 12:59:29,unknown_backfilled,264.0,experiment_log2026-03-03_12-55-05.log,,
51e634b1,Degradation_serena,False,2026-03-03 13:00:06,2026-03-03 13:32:46,unknown_backfilled,1960.0,experiment_log2026-03-03_13-00-06.log,,
82d926c2,reset,False,2026-03-03 13:00:41,2026-03-03 13:03:07,unknown_backfilled,146.0,experiment_log2026-03-03_13-00-41.log,,
20af6936,surfactant_grid_adaptive_concentrations,False,2026-03-03 14:22:23,2026-03-03 14:23:06,unknown_backfilled,43.0,experiment_log2026-03-03_14-22-23.log,,
d0989db4,surfactant_grid_adaptive_concentrations,False,2026-03-03 14:25:04,2026-03-03 14:26:37,unknown_backfilled,93.0,experiment_log2026-03-03_14-25-04.log,,
8f6a2d23,surfactant_grid_adaptive_concentrations,False,2026-03-03 14:27:16,2026-03-03 14:28:33,unknown_backfilled,77.0,experiment_log2026-03-03_14-27-16.log,,
1e942001,surfactant_grid_adaptive_concentrations,False,2026-03-03 14:30:21,2026-03-03 14:35:13,unknown_backfilled,292.0,experiment_log2026-03-03_14-30-21.log,,
c8df81fb,surfactant_grid_adaptive_concentrations,False,2026-03-03 16:33:12,2026-03-03 16:41:26,unknown_backfilled,494.0,experiment_log2026-03-03_16-33-12.log,,
0749c417,run_calibration,False,2026-03-04 16:34:38,2026-03-05 04:08:44,unknown_backfilled,41646.0,experiment_log2026-03-04_16-34-38.log,,
e36ca331,surfactant_grid_adaptive_concentrations,False,2026-03-04 17:11:41,2026-03-04 17:14:15,unknown_backfilled,154.0,experiment_log2026-03-04_17-11-41.log,,
63e1d31d,run_validation,False,2026-03-05 13:04:21,2026-03-05 13:32:32,unknown_backfilled,1691.0,experiment_log2026-03-05_13-04-21.log,,
7adf1b83,simple_dispense_test,False,2026-03-05 14:01:43,2026-03-05 14:03:21,unknown_backfilled,98.0,experiment_log2026-03-05_14-01-43.log,,
5df43b30,simple_dispense_test,False,2026-03-05 14:04:27,2026-03-05 14:22:19,unknown_backfilled,1072.0,experiment_log2026-03-05_14-04-27.log,,
187df5ac,simple_dispense_test,False,2026-03-05 14:24:44,2026-03-05 14:25:05,unknown_backfilled,21.0,experiment_log2026-03-05_14-24-44.log,,
4eb231a2,simple_dispense_test,False,2026-03-05 14:25:24,2026-03-05 14:27:42,unknown_backfilled,138.0,experiment_log2026-03-05_14-25-24.log,,
dd3c8210,run_calibration,False,2026-03-05 15:27:06,2026-03-05 15:28:17,unknown_backfilled,71.0,experiment_log2026-03-05_15-27-06.log,,
bf7843a1,Degradation_serena,False,2026-03-05 16:25:40,2026-03-05 16:27:14,unknown_backfilled,94.0,experiment_log2026-03-05_16-25-40.log,,
0bea8879,run_calibration,False,2026-03-06 10:18:47,2026-03-06 10:18:56,unknown_backfilled,9.0,experiment_log2026-03-06_10-18-47.log,,
33d5332f,run_calibration,False,2026-03-06 10:19:40,2026-03-06 10:20:25,unknown_backfilled,45.0,experiment_log2026-03-06_10-19-40.log,,
a943e890,run_calibration,False,2026-03-06 10:20:36,2026-03-06 10:20:54,unknown_backfilled,18.0,experiment_log2026-03-06_10-20-36.log,,
1986fccf,run_calibration,False,2026-03-06 10:22:51,2026-03-06 10:23:02,unknown_backfilled,11.0,experiment_log2026-03-06_10-22-51.log,,
12680c96,run_calibration,False,2026-03-06 10:34:12,2026-03-06 10:36:24,unknown_backfilled,132.0,experiment_log2026-03-06_10-34-12.log,,
c163b906,run_calibration,False,2026-03-06 10:37:15,2026-03-06 10:37:24,unknown_backfilled,9.0,experiment_log2026-03-06_10-37-15.log,,
2d248b11,run_calibration,False,2026-03-06 10:40:01,2026-03-06 11:44:51,unknown_backfilled,3890.0,experiment_log2026-03-06_10-40-01.log,,
62cdc1a4,run_validation,False,2026-03-06 11:45:05,2026-03-06 11:57:41,unknown_backfilled,756.0,experiment_log2026-03-06_11-45-05.log,,
c74d1251,run_calibration,False,2026-03-06 11:57:48,2026-03-06 13:54:50,unknown_backfilled,7022.0,experiment_log2026-03-06_11-57-48.log,,
78785804,unknown,False,2026-03-06 13:55:05,2026-03-06 15:10:19,unknown_backfilled,4514.0,experiment_log2026-03-06_13-55-05.log,,
b6467ca4,surfactant_grid_adaptive_concentrations,False,2026-03-06 14:13:36,2026-03-06 14:16:54,unknown_backfilled,198.0,experiment_log2026-03-06_14-13-36.log,,
641f44ac,unknown,False,2026-03-06 15:10:31,2026-03-06 15:19:15,unknown_backfilled,524.0,experiment_log2026-03-06_15-10-31.log,,
beeccedb,unknown,False,2026-03-06 15:19:57,2026-03-06 15:20:42,unknown_backfilled,45.0,experiment_log2026-03-06_15-19-57.log,,
5034429b,unknown,False,2026-03-06 15:24:06,2026-03-06 15:25:36,unknown_backfilled,90.0,experiment_log2026-03-06_15-24-06.log,,
62f1953a,unknown,False,2026-03-06 15:25:47,2026-03-06 15:25:59,unknown_backfilled,12.0,experiment_log2026-03-06_15-25-47.log,,
f9216fc2,unknown,False,2026-03-06 15:26:47,2026-03-06 15:50:34,unknown_backfilled,1427.0,experiment_log2026-03-06_15-26-47.log,,
7ad47997,unknown,False,2026-03-06 15:50:48,2026-03-06 15:53:01,unknown_backfilled,133.0,experiment_log2026-03-06_15-50-48.log,,
81e3ce57,unknown,False,2026-03-06 15:56:34,2026-03-06 15:58:55,unknown_backfilled,141.0,experiment_log2026-03-06_15-56-34.log,,
9e7eeb82,unknown,False,2026-03-06 16:00:56,2026-03-06 16:05:59,unknown_backfilled,303.0,experiment_log2026-03-06_16-00-56.log,,
fdd25d4a,unknown,False,2026-03-06 16:07:18,2026-03-06 16:12:21,unknown_backfilled,303.0,experiment_log2026-03-06_16-07-18.log,,
a076fe7d,unknown,False,2026-03-06 16:13:08,2026-03-06 16:18:10,unknown_backfilled,302.0,experiment_log2026-03-06_16-13-08.log,,
13a2856a,unknown,False,2026-03-06 16:19:03,2026-03-06 16:45:19,unknown_backfilled,1576.0,experiment_log2026-03-06_16-19-03.log,,
1ceab8df,unknown,False,2026-03-06 16:45:34,2026-03-06 16:52:21,unknown_backfilled,407.0,experiment_log2026-03-06_16-45-34.log,,
8badd309,unknown,False,2026-03-06 16:52:33,2026-03-06 17:47:55,unknown_backfilled,3322.0,experiment_log2026-03-06_16-52-33.log,,
e9b4cf94,unknown,False,2026-03-06 17:48:09,2026-03-06 17:57:55,unknown_backfilled,586.0,experiment_log2026-03-06_17-48-09.log,,
29659519,unknown,False,2026-03-06 17:58:05,2026-03-06 18:11:13,unknown_backfilled,788.0,experiment_log2026-03-06_17-58-05.log,,
5cc2b287,unknown,False,2026-03-06 18:11:25,2026-03-06 18:24:18,unknown_backfilled,773.0,experiment_log2026-03-06_18-11-25.log,,
b25485ad,unknown,False,2026-03-06 18:24:28,2026-03-06 19:55:01,unknown_backfilled,5433.0,experiment_log2026-03-06_18-24-28.log,,
7eea7d70,unknown,False,2026-03-06 19:55:15,2026-03-06 20:32:30,unknown_backfilled,2235.0,experiment_log2026-03-06_19-55-15.log,,
05c11caf,unknown,False,2026-03-06 20:32:40,2026-03-06 21:02:46,unknown_backfilled,1806.0,experiment_log2026-03-06_20-32-40.log,,
d77c18c6,unknown,False,2026-03-06 21:02:58,2026-03-06 21:11:30,unknown_backfilled,512.0,experiment_log2026-03-06_21-02-58.log,,
6ca891f2,unknown,False,2026-03-06 21:11:40,2026-03-06 21:47:34,unknown_backfilled,2154.0,experiment_log2026-03-06_21-11-40.log,,
04aa7ec7,unknown,False,2026-03-06 21:47:46,2026-03-06 21:59:56,unknown_backfilled,730.0,experiment_log2026-03-06_21-47-46.log,,
693d7709,unknown,False,2026-03-07 16:44:51,2026-03-07 17:04:54,unknown_backfilled,1203.0,experiment_log2026-03-07_16-44-51.log,,
97b42ec9,unknown,False,2026-03-07 17:05:06,2026-03-07 17:11:21,unknown_backfilled,375.0,experiment_log2026-03-07_17-05-06.log,,
73a203de,unknown,False,2026-03-07 17:11:32,2026-03-07 18:48:37,unknown_backfilled,5825.0,experiment_log2026-03-07_17-11-32.log,,
b927d88e,unknown,False,2026-03-07 18:48:52,2026-03-07 18:59:23,unknown_backfilled,631.0,experiment_log2026-03-07_18-48-52.log,,
4f23457c,surfactant_grid_adaptive_concentrations,False,2026-03-09 10:12:54,2026-03-09 10:18:01,unknown_backfilled,307.0,experiment_log2026-03-09_10-12-54.log,,
709230fe,Degradation_serena,False,2026-03-09 10:20:33,2026-03-09 10:20:42,unknown_backfilled,9.0,experiment_log2026-03-09_10-20-33.log,,
7e01bbc1,test_water_validation,False,2026-03-09 11:37:11,2026-03-09 11:44:44,unknown_backfilled,453.0,experiment_log2026-03-09_11-37-11.log,,
ac60439d,test_water_validation,False,2026-03-09 11:46:40,2026-03-09 11:54:47,unknown_backfilled,487.0,experiment_log2026-03-09_11-46-40.log,,
b40c86cd,test_water_validation,False,2026-03-09 12:00:40,2026-03-09 12:09:43,unknown_backfilled,543.0,experiment_log2026-03-09_12-00-40.log,,
86aee21b,unknown,False,2026-03-09 12:09:59,2026-03-09 12:09:59,unknown_backfilled,0.0,experiment_log2026-03-09_12-09-59.log,,
fc1db0ba,batch_calibration_automation,False,2026-03-09 12:11:54,2026-03-09 12:12:31,unknown_backfilled,37.0,experiment_log2026-03-09_12-11-54.log,,
202f5342,unknown,False,2026-03-09 12:12:39,2026-03-09 12:28:55,unknown_backfilled,976.0,experiment_log2026-03-09_12-12-39.log,,
c849533d,unknown,False,2026-03-09 12:29:06,2026-03-09 12:34:32,unknown_backfilled,326.0,experiment_log2026-03-09_12-29-06.log,,
70c93981,unknown,False,2026-03-09 12:34:42,2026-03-09 13:04:10,unknown_backfilled,1768.0,experiment_log2026-03-09_12-34-42.log,,
b06a1170,unknown,False,2026-03-09 13:04:24,2026-03-09 13:09:12,unknown_backfilled,288.0,experiment_log2026-03-09_13-04-24.log,,
5845dcaa,unknown,False,2026-03-09 13:09:22,2026-03-09 14:32:18,unknown_backfilled,4976.0,experiment_log2026-03-09_13-09-22.log,,
c8540436,unknown,False,2026-03-09 14:32:30,2026-03-09 14:40:07,unknown_backfilled,457.0,experiment_log2026-03-09_14-32-30.log,,
068d1fb5,surfactant_grid_adaptive_concentrations,False,2026-03-10 08:54:18,2026-03-10 08:54:40,unknown_backfilled,22.0,experiment_log2026-03-10_08-54-18.log,,
bf31db15,test_get_pipet,False,2026-03-10 10:42:42,2026-03-10 10:45:54,unknown_backfilled,192.0,experiment_log2026-03-10_10-42-42.log,,
ab11537d,test_get_pipet,False,2026-03-10 10:48:34,2026-03-10 10:50:29,unknown_backfilled,115.0,experiment_log2026-03-10_10-48-34.log,,
f1f9a8d7,test_get_pipet,False,2026-03-10 10:50:42,2026-03-10 10:50:50,unknown_backfilled,8.0,experiment_log2026-03-10_10-50-42.log,,
e8e264f4,test_get_pipet,False,2026-03-10 10:52:14,2026-03-10 10:58:19,unknown_backfilled,365.0,experiment_log2026-03-10_10-52-14.log,,
5d4f4e11,test_get_pipet,False,2026-03-10 10:58:27,2026-03-10 10:58:36,unknown_backfilled,9.0,experiment_log2026-03-10_10-58-27.log,,
56ac2835,run_calibration,False,2026-03-10 13:07:39,2026-03-10 13:17:57,unknown_backfilled,618.0,experiment_log2026-03-10_13-07-39.log,,
51a47f53,run_calibration,False,2026-03-10 13:32:14,2026-03-10 13:33:28,unknown_backfilled,74.0,experiment_log2026-03-10_13-32-14.log,,
6fb0c76f,run_calibration,False,2026-03-10 13:33:55,2026-03-10 13:38:39,unknown_backfilled,284.0,experiment_log2026-03-10_13-33-55.log,,
c5472270,run_calibration,False,2026-03-10 13:39:18,2026-03-10 13:39:28,unknown_backfilled,10.0,experiment_log2026-03-10_13-39-18.log,,
06a8a45d,run_calibration,False,2026-03-10 13:40:44,2026-03-10 13:41:56,unknown_backfilled,72.0,experiment_log2026-03-10_13-40-44.log,,
50419a5b,run_calibration,False,2026-03-10 13:42:12,2026-03-10 13:42:24,unknown_backfilled,12.0,experiment_log2026-03-10_13-42-12.log,,
3a85e2f3,run_calibration,False,2026-03-10 13:43:46,2026-03-10 13:48:50,unknown_backfilled,304.0,experiment_log2026-03-10_13-43-46.log,,
4b7c49e0,run_calibration,False,2026-03-10 13:57:35,2026-03-10 14:42:26,unknown_backfilled,2691.0,experiment_log2026-03-10_13-57-35.log,,
64cd0f10,run_calibration,False,2026-03-10 14:49:40,2026-03-10 15:39:04,unknown_backfilled,2964.0,experiment_log2026-03-10_14-49-40.log,,
42b891ae,surfactant_grid_adaptive_concentrations,False,2026-03-10 15:46:12,2026-03-10 16:26:58,unknown_backfilled,2446.0,experiment_log2026-03-10_15-46-12.log,,
a99482b0,surfactant_grid_adaptive_concentrations,False,2026-03-10 16:28:32,2026-03-10 16:32:03,unknown_backfilled,211.0,experiment_log2026-03-10_16-28-32.log,,
14ca53ab,surfactant_grid_adaptive_concentrations,False,2026-03-10 17:30:23,2026-03-10 17:32:21,unknown_backfilled,118.0,experiment_log2026-03-10_17-30-23.log,,
8a49474f,Degradation_serena,False,2026-03-10 17:32:39,2026-03-10 17:34:07,unknown_backfilled,88.0,experiment_log2026-03-10_17-32-39.log,,
e1b6594d,peroxide_serena_v3,False,2026-03-10 17:34:33,2026-03-10 17:34:43,unknown_backfilled,10.0,experiment_log2026-03-10_17-34-33.log,,
0df78c7c,test_water_validation,False,2026-03-12 11:15:30,2026-03-12 11:16:47,unknown_backfilled,77.0,experiment_log2026-03-12_11-15-30.log,,
de13a78d,test_water_validation,False,2026-03-12 11:16:54,2026-03-12 11:19:01,unknown_backfilled,127.0,experiment_log2026-03-12_11-16-54.log,,
e7d86412,test_water_validation,False,2026-03-12 11:23:11,2026-03-12 11:23:24,unknown_backfilled,13.0,experiment_log2026-03-12_11-23-11.log,,
82130972,test_water_validation,False,2026-03-12 11:23:36,2026-03-12 11:27:06,unknown_backfilled,210.0,experiment_log2026-03-12_11-23-36.log,,
b0c5c728,test_water_validation,False,2026-03-12 11:32:55,2026-03-12 11:36:12,unknown_backfilled,197.0,experiment_log2026-03-12_11-32-55.log,,
836670f0,test_water_validation,False,2026-03-12 11:39:03,2026-03-12 11:43:20,unknown_backfilled,257.0,experiment_log2026-03-12_11-39-03.log,,
60cbd49a,test_water_validation,False,2026-03-12 11:51:20,2026-03-12 11:53:45,unknown_backfilled,145.0,experiment_log2026-03-12_11-51-20.log,,
556d1ddd,test_water_validation,False,2026-03-12 11:54:02,2026-03-12 11:54:07,unknown_backfilled,5.0,experiment_log2026-03-12_11-54-02.log,,
a8f3f898,test_water_validation,False,2026-03-12 11:54:18,2026-03-12 11:54:36,unknown_backfilled,18.0,experiment_log2026-03-12_11-54-18.log,,
22f39f60,test_water_validation,False,2026-03-12 11:54:53,2026-03-12 12:02:52,unknown_backfilled,479.0,experiment_log2026-03-12_11-54-53.log,,
e8b81de9,test_water_validation,False,2026-03-12 12:03:53,2026-03-12 12:12:26,unknown_backfilled,513.0,experiment_log2026-03-12_12-03-53.log,,
7f69b0aa,test_water_validation,False,2026-03-12 12:24:05,2026-03-12 12:33:04,unknown_backfilled,539.0,experiment_log2026-03-12_12-24-05.log,,
4ea22472,run_calibration,False,2026-03-12 12:58:22,2026-03-12 13:00:17,unknown_backfilled,115.0,experiment_log2026-03-12_12-58-22.log,,
f1921275,run_calibration,False,2026-03-12 13:06:02,2026-03-12 14:17:06,unknown_backfilled,4264.0,experiment_log2026-03-12_13-06-02.log,,
658409ea,run_validation,False,2026-03-12 15:22:01,2026-03-12 15:23:24,unknown_backfilled,83.0,experiment_log2026-03-12_15-22-01.log,,
ed27e7de,surfactant_grid_adaptive_concentrations,False,2026-03-12 15:29:48,2026-03-12 16:11:03,unknown_backfilled,2475.0,experiment_log2026-03-12_15-29-48.log,,
ffcba568,surfactant_grid_adaptive_concentrations,False,2026-03-12 16:20:35,2026-03-12 16:20:59,unknown_backfilled,24.0,experiment_log2026-03-12_16-20-35.log,,
11f73685,surfactant_grid_adaptive_concentrations,False,2026-03-12 16:21:48,2026-03-12 16:28:25,unknown_backfilled,397.0,experiment_log2026-03-12_16-21-48.log,,
cfd4982e,surfactant_grid_adaptive_concentrations,False,2026-03-13 10:43:35,2026-03-13 10:46:26,unknown_backfilled,171.0,experiment_log2026-03-13_10-43-35.log,,
b61232e6,unknown,False,2026-03-13 13:21:30,2026-03-13 13:21:31,unknown_backfilled,1.0,experiment_log2026-03-13_13-21-30.log,,
2ffc4292,unknown,False,2026-03-13 13:21:40,2026-03-13 13:21:40,unknown_backfilled,0.0,experiment_log2026-03-13_13-21-40.log,,
75cb5caf,unknown,False,2026-03-13 13:22:27,2026-03-13 13:22:27,unknown_backfilled,0.0,experiment_log2026-03-13_13-22-27.log,,
5efd6e30,unknown,False,2026-03-13 13:23:39,2026-03-13 13:23:39,unknown_backfilled,0.0,experiment_log2026-03-13_13-23-39.log,,
03e2285a,unknown,False,2026-03-13 13:43:23,2026-03-13 13:43:23,unknown_backfilled,0.0,experiment_log2026-03-13_13-43-23.log,,
f19b1338,unknown,False,2026-03-13 13:48:11,2026-03-13 13:48:11,unknown_backfilled,0.0,experiment_log2026-03-13_13-48-11.log,,
ef27351d,unknown,False,2026-03-13 13:49:16,2026-03-13 13:49:16,unknown_backfilled,0.0,experiment_log2026-03-13_13-49-16.log,,
1d77f91a,unknown,False,2026-03-13 13:50:18,2026-03-13 13:50:18,unknown_backfilled,0.0,experiment_log2026-03-13_13-50-18.log,,
943537e8,unknown,False,2026-03-13 14:00:08,2026-03-13 14:00:08,unknown_backfilled,0.0,experiment_log2026-03-13_14-00-08.log,,
14bbc83d,unknown,False,2026-03-13 14:20:09,2026-03-13 14:20:09,unknown_backfilled,0.0,experiment_log2026-03-13_14-20-09.log,,
98b6213d,unknown,False,2026-03-13 14:45:41,2026-03-13 14:45:41,unknown_backfilled,0.0,experiment_log2026-03-13_14-45-41.log,,
3c67450a,unknown,False,2026-03-13 14:46:48,2026-03-13 14:46:48,unknown_backfilled,0.0,experiment_log2026-03-13_14-46-48.log,,
d0d83e43,unknown,False,2026-03-13 14:47:50,2026-03-13 14:47:50,unknown_backfilled,0.0,experiment_log2026-03-13_14-47-50.log,,
e0502084,surfactant_grid_adaptive_concentrations,False,2026-03-13 15:32:54,2026-03-13 15:37:58,unknown_backfilled,304.0,experiment_log2026-03-13_15-32-54.log,,
1ce3af1c,surfactant_grid_adaptive_concentrations,False,2026-03-16 09:14:53,2026-03-16 09:22:38,unknown_backfilled,465.0,experiment_log2026-03-16_09-14-53.log,,
982bf834,test_move_vial,False,2026-03-17 12:13:56,2026-03-17 12:14:19,unknown_backfilled,23.0,experiment_log2026-03-17_12-13-56.log,,
f9203b55,test_96_lid,False,2026-03-17 12:35:35,2026-03-17 12:35:59,unknown_backfilled,24.0,experiment_log2026-03-17_12-35-35.log,,
e36954d8,test_96_lid,False,2026-03-17 12:36:12,2026-03-17 12:38:21,unknown_backfilled,129.0,experiment_log2026-03-17_12-36-12.log,,
07bbad76,test_96_lid,False,2026-03-17 12:38:36,2026-03-17 12:39:12,unknown_backfilled,36.0,experiment_log2026-03-17_12-38-36.log,,
904fbcc8,test_96_lid,False,2026-03-17 12:39:36,2026-03-17 12:40:21,unknown_backfilled,45.0,experiment_log2026-03-17_12-39-36.log,,
c7f65139,test_96_lid,False,2026-03-17 12:40:51,2026-03-17 12:41:49,unknown_backfilled,58.0,experiment_log2026-03-17_12-40-51.log,,
b10c41fd,test_96_lid,False,2026-03-17 12:42:17,2026-03-17 12:43:50,unknown_backfilled,93.0,experiment_log2026-03-17_12-42-17.log,,
c4bbd991,unknown,False,2026-03-17 12:46:08,2026-03-17 12:46:23,unknown_backfilled,15.0,experiment_log2026-03-17_12-46-08.log,,
06175a75,unknown,False,2026-03-17 12:46:39,2026-03-17 12:46:55,unknown_backfilled,16.0,experiment_log2026-03-17_12-46-39.log,,
a9964147,unknown,False,2026-03-17 12:47:02,2026-03-17 12:47:12,unknown_backfilled,10.0,experiment_log2026-03-17_12-47-02.log,,
0b4af9bd,unknown,False,2026-03-17 12:47:35,2026-03-17 12:48:09,unknown_backfilled,34.0,experiment_log2026-03-17_12-47-35.log,,
24e978e0,unknown,False,2026-03-17 12:49:39,2026-03-17 12:50:01,unknown_backfilled,22.0,experiment_log2026-03-17_12-49-39.log,,
e3cee2b0,unknown,False,2026-03-17 12:58:37,2026-03-17 12:58:38,unknown_backfilled,1.0,experiment_log2026-03-17_12-58-37.log,,
04e62fe4,unknown,False,2026-03-17 12:58:54,2026-03-17 12:59:16,unknown_backfilled,22.0,experiment_log2026-03-17_12-58-54.log,,
e5dc8ae1,unknown,False,2026-03-17 12:59:37,2026-03-17 13:00:13,unknown_backfilled,36.0,experiment_log2026-03-17_12-59-37.log,,
cd1c779a,unknown,False,2026-03-17 13:10:43,2026-03-17 13:11:17,unknown_backfilled,34.0,experiment_log2026-03-17_13-10-43.log,,
0eb89c25,unknown,False,2026-03-17 13:11:28,2026-03-17 13:14:39,unknown_backfilled,191.0,experiment_log2026-03-17_13-11-28.log,,
2701d43e,unknown,False,2026-03-17 13:15:23,2026-03-17 13:15:34,unknown_backfilled,11.0,experiment_log2026-03-17_13-15-23.log,,
e5dfa91f,unknown,False,2026-03-17 13:15:44,2026-03-17 13:17:08,unknown_backfilled,84.0,experiment_log2026-03-17_13-15-44.log,,
bf6e2477,unknown,False,2026-03-17 13:17:37,2026-03-17 13:17:58,unknown_backfilled,21.0,experiment_log2026-03-17_13-17-37.log,,
dad233cb,unknown,False,2026-03-17 13:18:17,2026-03-17 13:19:40,unknown_backfilled,83.0,experiment_log2026-03-17_13-18-17.log,,
50e77b9a,run_calibration,False,2026-03-17 13:28:08,2026-03-17 14:06:28,unknown_backfilled,2300.0,experiment_log2026-03-17_13-28-08.log,,
968666e1,surfactant_grid_adaptive_concentrations,False,2026-03-17 15:54:04,2026-03-17 15:58:27,unknown_backfilled,263.0,experiment_log2026-03-17_15-54-04.log,,
cb146a9e,run_calibration,False,2026-03-18 10:56:56,2026-03-18 12:42:27,unknown_backfilled,6331.0,experiment_log2026-03-18_10-56-56.log,,
65f745b9,run_calibration,False,2026-03-18 12:57:27,2026-03-18 12:57:45,unknown_backfilled,18.0,experiment_log2026-03-18_12-57-27.log,,
1915d2fe,run_calibration,False,2026-03-18 12:59:53,2026-03-18 13:34:12,unknown_backfilled,2059.0,experiment_log2026-03-18_12-59-53.log,,
768b5ea4,run_calibration,False,2026-03-18 14:41:02,2026-03-18 16:01:26,unknown_backfilled,4824.0,experiment_log2026-03-18_14-41-02.log,,
a8b67fb9,surfactant_grid_adaptive_concentrations,False,2026-03-18 16:02:02,2026-03-18 16:02:59,unknown_backfilled,57.0,experiment_log2026-03-18_16-02-02.log,,
7be603af,surfactant_grid_adaptive_concentrations,False,2026-03-19 10:52:14,2026-03-19 10:57:08,unknown_backfilled,294.0,experiment_log2026-03-19_10-52-14.log,,
cb5bca53,run_calibration,False,2026-03-19 12:30:52,2026-03-19 12:41:07,unknown_backfilled,615.0,experiment_log2026-03-19_12-30-52.log,,
f54b7855,run_calibration,False,2026-03-19 12:41:25,2026-03-19 12:41:36,unknown_backfilled,11.0,experiment_log2026-03-19_12-41-25.log,,
4f672b92,run_calibration,False,2026-03-19 12:42:14,2026-03-19 14:41:04,unknown_backfilled,7130.0,experiment_log2026-03-19_12-42-14.log,,
c9ca3a01,surfactant_grid_adaptive_concentrations,False,2026-03-20 10:30:25,2026-03-20 10:34:46,unknown_backfilled,261.0,experiment_log2026-03-20_10-30-25.log,,
ee47eaf0,Degradation_serena,False,2026-03-20 13:25:52,2026-03-20 13:31:27,unknown_backfilled,335.0,experiment_log2026-03-20_13-25-52.log,,
a03d84fd,Degradation_serena,False,2026-03-20 13:35:18,2026-03-20 13:36:59,unknown_backfilled,101.0,experiment_log2026-03-20_13-35-18.log,,
6ce63c0e,Degradation_serena,False,2026-03-20 13:37:05,2026-03-20 13:37:50,unknown_backfilled,45.0,experiment_log2026-03-20_13-37-05.log,,
e3872393,Degradation_serena,False,2026-03-20 13:46:56,2026-03-20 13:47:00,unknown_backfilled,4.0,experiment_log2026-03-20_13-46-56.log,,
f57eabe8,Degradation_serena,False,2026-03-20 13:47:05,2026-03-20 13:47:29,unknown_backfilled,24.0,experiment_log2026-03-20_13-47-05.log,,
47304541,test_heater_stirring,False,2026-03-20 13:59:23,2026-03-20 13:59:38,unknown_backfilled,15.0,experiment_log2026-03-20_13-59-23.log,,
c8a61b87,Degradation_serena,False,2026-03-20 14:01:06,2026-03-20 14:01:31,unknown_backfilled,25.0,experiment_log2026-03-20_14-01-06.log,,
9b13e02a,test_heater_stirring,False,2026-03-20 14:03:05,2026-03-20 14:04:44,unknown_backfilled,99.0,experiment_log2026-03-20_14-03-05.log,,
8815ef1b,test_biotek_measure_wellplate,False,2026-03-20 14:05:59,2026-03-20 14:07:47,unknown_backfilled,108.0,experiment_log2026-03-20_14-05-59.log,,
f122382c,test_biotek_measure_wellplate,False,2026-03-20 14:07:53,2026-03-20 14:09:34,unknown_backfilled,101.0,experiment_log2026-03-20_14-07-53.log,,
08e93114,test_biotek_measure_wellplate,False,2026-03-20 14:45:44,2026-03-20 14:47:32,unknown_backfilled,108.0,experiment_log2026-03-20_14-45-44.log,,
2b83abde,test_biotek_measure_wellplate,False,2026-03-20 14:47:55,2026-03-20 14:49:36,unknown_backfilled,101.0,experiment_log2026-03-20_14-47-55.log,,
007e9152,test_biotek_measure_wellplate,False,2026-03-20 14:49:45,2026-03-20 14:51:25,unknown_backfilled,100.0,experiment_log2026-03-20_14-49-45.log,,
c225fcfa,test_biotek_measure_wellplate,False,2026-03-20 14:53:33,2026-03-20 14:55:15,unknown_backfilled,102.0,experiment_log2026-03-20_14-53-33.log,,
2959adcc,test_wp_stack,False,2026-03-20 14:57:38,2026-03-20 14:58:49,unknown_backfilled,71.0,experiment_log2026-03-20_14-57-38.log,,
bd5e7442,test_wp_stack,False,2026-03-20 15:00:25,2026-03-20 15:02:53,unknown_backfilled,148.0,experiment_log2026-03-20_15-00-25.log,,
31d7b3a8,test_wp_stack,False,2026-03-20 15:10:21,2026-03-20 15:10:47,unknown_backfilled,26.0,experiment_log2026-03-20_15-10-21.log,,
ebc2e89b,test_wp_stack,False,2026-03-20 15:11:32,2026-03-20 15:12:03,unknown_backfilled,31.0,experiment_log2026-03-20_15-11-32.log,,
75944eb2,test_wp_stack,False,2026-03-20 15:16:10,2026-03-20 15:16:43,unknown_backfilled,33.0,experiment_log2026-03-20_15-16-10.log,,
c024bd2f,test_wp_stack,False,2026-03-20 15:17:01,2026-03-20 15:17:24,unknown_backfilled,23.0,experiment_log2026-03-20_15-17-01.log,,
212cf744,test_wp_stack,False,2026-03-20 15:17:29,2026-03-20 15:17:56,unknown_backfilled,27.0,experiment_log2026-03-20_15-17-29.log,,
02c84e89,test_wp_stack,False,2026-03-20 15:18:08,2026-03-20 15:18:25,unknown_backfilled,17.0,experiment_log2026-03-20_15-18-08.log,,
c84e5f95,test_wp_stack,False,2026-03-20 15:18:28,2026-03-20 15:18:48,unknown_backfilled,20.0,experiment_log2026-03-20_15-18-28.log,,
6532f02d,test_wp_stack,False,2026-03-20 15:19:30,2026-03-20 15:20:11,unknown_backfilled,41.0,experiment_log2026-03-20_15-19-30.log,,
d6237d82,test_wp_stack,False,2026-03-20 15:20:56,2026-03-20 15:21:33,unknown_backfilled,37.0,experiment_log2026-03-20_15-20-56.log,,
9be7dedd,test_wp_stack,False,2026-03-20 15:21:54,2026-03-20 15:22:32,unknown_backfilled,38.0,experiment_log2026-03-20_15-21-54.log,,
25225dcf,test_wp_stack,False,2026-03-20 15:23:43,2026-03-20 15:24:28,unknown_backfilled,45.0,experiment_log2026-03-20_15-23-43.log,,
c9dd0f33,test_wp_stack,False,2026-03-20 15:24:37,2026-03-20 15:25:13,unknown_backfilled,36.0,experiment_log2026-03-20_15-24-37.log,,
1c5cc51a,test_wp_stack,False,2026-03-20 15:25:27,2026-03-20 15:26:02,unknown_backfilled,35.0,experiment_log2026-03-20_15-25-27.log,,
2d46dba1,test_wp_stack,False,2026-03-20 15:26:36,2026-03-20 15:27:12,unknown_backfilled,36.0,experiment_log2026-03-20_15-26-36.log,,
7c8bfe3c,test_wp_stack,False,2026-03-20 15:28:17,2026-03-20 15:28:52,unknown_backfilled,35.0,experiment_log2026-03-20_15-28-17.log,,
b9361203,test_heater_stirring,False,2026-03-20 15:29:45,2026-03-20 15:30:12,unknown_backfilled,27.0,experiment_log2026-03-20_15-29-45.log,,
97daf621,test_heater_stirring,False,2026-03-20 15:30:36,2026-03-20 15:30:44,unknown_backfilled,8.0,experiment_log2026-03-20_15-30-36.log,,
07137e6a,test_heater_stirring,False,2026-03-20 15:31:06,2026-03-20 15:32:07,unknown_backfilled,61.0,experiment_log2026-03-20_15-31-06.log,,
8afe0fdd,test_wp_stack,False,2026-03-20 15:35:16,2026-03-20 15:37:05,unknown_backfilled,109.0,experiment_log2026-03-20_15-35-16.log,,
f92bc825,test_wp_stack,False,2026-03-20 15:37:27,2026-03-20 15:37:43,unknown_backfilled,16.0,experiment_log2026-03-20_15-37-27.log,,
5f6f92f4,test_wp_stack,False,2026-03-20 15:38:09,2026-03-20 15:38:34,unknown_backfilled,25.0,experiment_log2026-03-20_15-38-09.log,,
96e86d4b,test_wp_stack,False,2026-03-20 15:39:03,2026-03-20 15:39:19,unknown_backfilled,16.0,experiment_log2026-03-20_15-39-03.log,,
00ae20cc,test_wp_stack,False,2026-03-20 15:40:19,2026-03-20 15:40:57,unknown_backfilled,38.0,experiment_log2026-03-20_15-40-19.log,,
0a44e060,test_wp_stack,False,2026-03-20 15:41:12,2026-03-20 15:41:50,unknown_backfilled,38.0,experiment_log2026-03-20_15-41-12.log,,
7736f09f,test_wp_stack,False,2026-03-20 15:41:54,2026-03-20 15:42:31,unknown_backfilled,37.0,experiment_log2026-03-20_15-41-54.log,,
49fa7123,test_wp_stack,False,2026-03-20 15:42:47,2026-03-20 15:43:23,unknown_backfilled,36.0,experiment_log2026-03-20_15-42-47.log,,
6607138a,test_wp_stack,False,2026-03-20 15:43:38,2026-03-20 15:44:14,unknown_backfilled,36.0,experiment_log2026-03-20_15-43-38.log,,
4804ad54,test_wp_stack,False,2026-03-20 15:44:26,2026-03-20 15:45:02,unknown_backfilled,36.0,experiment_log2026-03-20_15-44-26.log,,
f3bbaf2d,test_wp_stack,False,2026-03-20 15:45:18,2026-03-20 15:45:54,unknown_backfilled,36.0,experiment_log2026-03-20_15-45-18.log,,
e196813a,test_wp_stack,False,2026-03-20 15:48:38,2026-03-20 15:50:00,unknown_backfilled,82.0,experiment_log2026-03-20_15-48-38.log,,
32d5753f,test_wp_stack,False,2026-03-20 15:50:33,2026-03-20 15:51:37,unknown_backfilled,64.0,experiment_log2026-03-20_15-50-33.log,,
63b6312d,test_wp_stack,False,2026-03-20 15:52:43,2026-03-20 15:55:00,unknown_backfilled,137.0,experiment_log2026-03-20_15-52-43.log,,
416f326b,track_control_gui,False,2026-03-23 09:13:43,2026-03-23 09:14:53,unknown_backfilled,70.0,experiment_log2026-03-23_09-13-43.log,,
7eed63e9,track_control_gui,False,2026-03-23 09:15:17,2026-03-23 09:16:29,unknown_backfilled,72.0,experiment_log2026-03-23_09-15-17.log,,
47dd4d2b,surfactant_grid_adaptive_concentrations,False,2026-03-23 09:20:06,2026-03-23 09:21:59,unknown_backfilled,113.0,experiment_log2026-03-23_09-20-06.log,,
c3c7a8e2,track_control_gui,False,2026-03-23 09:22:07,2026-03-23 09:23:43,unknown_backfilled,96.0,experiment_log2026-03-23_09-22-07.log,,
c5a5c1ea,track_control_gui,False,2026-03-23 09:27:54,2026-03-23 09:29:56,unknown_backfilled,122.0,experiment_log2026-03-23_09-27-54.log,,
b028050d,track_control_gui,False,2026-03-23 09:34:29,2026-03-23 09:37:50,unknown_backfilled,201.0,experiment_log2026-03-23_09-34-29.log,,
dcb9bb72,peroxide_serena_v3,False,2026-03-23 13:43:49,2026-03-23 13:52:46,unknown_backfilled,537.0,experiment_log2026-03-23_13-43-49.log,,
a129c822,track_control_gui,False,2026-03-23 16:41:32,2026-03-23 16:46:02,unknown_backfilled,270.0,experiment_log2026-03-23_16-41-32.log,,
1c3c3403,surfactant_grid_adaptive_concentrations,False,2026-03-23 16:46:22,2026-03-23 16:56:40,unknown_backfilled,618.0,experiment_log2026-03-23_16-46-22.log,,
41c7f26e,surfactant_grid_adaptive_concentrations,False,2026-03-24 11:20:48,2026-03-24 11:24:51,unknown_backfilled,243.0,experiment_log2026-03-24_11-20-48.log,,
7f673c94,ilya_workflow_v2,False,2026-03-24 12:47:35,2026-03-24 13:05:07,unknown_backfilled,1052.0,experiment_log2026-03-24_12-47-35.log,,
021b4604,ilya_workflow_v2,False,2026-03-24 13:12:33,2026-03-24 13:25:36,unknown_backfilled,783.0,experiment_log2026-03-24_13-12-33.log,,
bc6d7183,ilya_workflow_v2,False,2026-03-24 13:26:07,2026-03-24 13:26:12,unknown_backfilled,5.0,experiment_log2026-03-24_13-26-07.log,,
54f5e0e1,ilya_workflow_v2,False,2026-03-24 13:26:30,2026-03-24 13:27:07,unknown_backfilled,37.0,experiment_log2026-03-24_13-26-30.log,,
aa5e3459,ilya_workflow_v2,False,2026-03-24 13:27:35,2026-03-24 13:32:22,unknown_backfilled,287.0,experiment_log2026-03-24_13-27-35.log,,
00411d00,run_calibration,False,2026-03-24 13:37:46,2026-03-24 13:38:01,unknown_backfilled,15.0,experiment_log2026-03-24_13-37-46.log,,
50c18ccb,run_calibration,False,2026-03-24 13:38:20,2026-03-24 13:38:24,unknown_backfilled,4.0,experiment_log2026-03-24_13-38-20.log,,
3c3b47b5,run_calibration,False,2026-03-24 13:38:51,2026-03-24 13:40:51,unknown_backfilled,120.0,experiment_log2026-03-24_13-38-51.log,,
60921ddc,run_calibration,False,2026-03-24 13:41:16,2026-03-24 16:08:54,unknown_backfilled,8858.0,experiment_log2026-03-24_13-41-16.log,,
f4ec618c,ilya_workflow_v2,False,2026-03-24 16:18:39,2026-03-24 16:22:34,unknown_backfilled,235.0,experiment_log2026-03-24_16-18-39.log,,
ed64a91e,ilya_workflow_v2,False,2026-03-24 16:23:05,2026-03-24 16:26:59,unknown_backfilled,234.0,experiment_log2026-03-24_16-23-05.log,,
b200e957,ilya_workflow_v2,False,2026-03-24 16:27:18,2026-03-24 16:27:31,unknown_backfilled,13.0,experiment_log2026-03-24_16-27-18.log,,
b95e3ae5,ilya_workflow_v2,False,2026-03-24 16:30:39,2026-03-24 16:30:54,unknown_backfilled,15.0,experiment_log2026-03-24_16-30-39.log,,
d7584063,ilya_workflow_v2,False,2026-03-24 16:32:45,2026-03-24 16:32:52,unknown_backfilled,7.0,experiment_log2026-03-24_16-32-45.log,,
f73bf514,ilya_workflow_v2,False,2026-03-24 16:33:37,2026-03-24 16:33:58,unknown_backfilled,21.0,experiment_log2026-03-24_16-33-37.log,,
b979d03f,ilya_workflow_v2,False,2026-03-24 16:34:32,2026-03-24 16:34:39,unknown_backfilled,7.0,experiment_log2026-03-24_16-34-32.log,,
58e0305d,ilya_workflow_v2,False,2026-03-24 16:35:03,2026-03-24 17:01:12,unknown_backfilled,1569.0,experiment_log2026-03-24_16-35-03.log,,
2e9383e6,ilya_workflow_v2,False,2026-03-24 17:15:54,2026-03-24 17:16:08,unknown_backfilled,14.0,experiment_log2026-03-24_17-15-54.log,,
bde52309,surfactant_grid_adaptive_concentrations,False,2026-03-25 10:47:05,2026-03-25 10:53:08,unknown_backfilled,363.0,experiment_log2026-03-25_10-47-05.log,,
4a09c866,surfactant_grid_adaptive_concentrations,False,2026-03-25 13:54:55,2026-03-25 13:59:52,unknown_backfilled,297.0,experiment_log2026-03-25_13-54-55.log,,
ca5b6e9b,surfactant_grid_adaptive_concentrations,False,2026-03-25 14:11:29,2026-03-26 07:22:03,unknown_backfilled,61834.0,experiment_log2026-03-25_14-11-29.log,,
749b06b2,surfactant_grid_adaptive_concentrations,False,2026-03-26 09:19:58,2026-03-26 09:21:16,unknown_backfilled,78.0,experiment_log2026-03-26_09-19-58.log,,
13e12225,surfactant_grid_adaptive_concentrations,False,2026-03-26 09:21:19,2026-03-26 09:21:52,unknown_backfilled,33.0,experiment_log2026-03-26_09-21-19.log,,
f29ca0e1,surfactant_grid_adaptive_concentrations,False,2026-03-26 09:21:56,2026-03-26 09:29:34,unknown_backfilled,458.0,experiment_log2026-03-26_09-21-56.log,,
1ab4bf22,Degradation_serena,False,2026-03-27 11:36:09,2026-03-27 11:39:26,unknown_backfilled,197.0,experiment_log2026-03-27_11-36-09.log,,
90670852,Degradation_serena,False,2026-03-27 13:55:40,2026-03-27 13:56:23,unknown_backfilled,43.0,experiment_log2026-03-27_13-55-40.log,,
53cf4b05,Degradation_serena,False,2026-03-27 14:10:48,2026-03-27 15:25:08,unknown_backfilled,4460.0,experiment_log2026-03-27_14-10-48.log,,
31dad436,reset,False,2026-03-27 15:46:49,2026-03-27 15:48:29,unknown_backfilled,100.0,experiment_log2026-03-27_15-46-49.log,,
39995335,reset,False,2026-03-27 15:49:51,2026-03-27 15:52:26,unknown_backfilled,155.0,experiment_log2026-03-27_15-49-51.log,,
07ebe8ab,track_control_gui,False,2026-03-30 08:46:42,2026-03-30 08:47:05,unknown_backfilled,23.0,experiment_log2026-03-30_08-46-42.log,,
b637937d,surfactant_workflow_tester,False,2026-03-30 09:58:42,2026-03-30 09:59:05,unknown_backfilled,23.0,experiment_log2026-03-30_09-58-42.log,,
419bdc91,surfactant_workflow_tester,False,2026-03-30 10:01:23,2026-03-30 10:01:39,unknown_backfilled,16.0,experiment_log2026-03-30_10-01-23.log,,
77b0a502,test_move_track,False,2026-03-30 10:03:11,2026-03-30 10:03:27,unknown_backfilled,16.0,experiment_log2026-03-30_10-03-11.log,,
9606e4ff,surfactant_workflow_tester,False,2026-03-30 10:09:04,2026-03-30 10:10:45,unknown_backfilled,101.0,experiment_log2026-03-30_10-09-04.log,,
e01bf270,surfactant_workflow_tester,False,2026-03-30 10:18:33,2026-03-30 10:28:48,unknown_backfilled,615.0,experiment_log2026-03-30_10-18-33.log,,
a5d89682,surfactant_workflow_tester,False,2026-03-30 10:29:18,2026-03-30 10:29:34,unknown_backfilled,16.0,experiment_log2026-03-30_10-29-18.log,,
60e8f7b1,surfactant_workflow_tester,False,2026-03-30 10:32:20,2026-03-30 10:32:30,unknown_backfilled,10.0,experiment_log2026-03-30_10-32-20.log,,
9bbac248,test_move_vial,False,2026-03-30 10:38:19,2026-03-30 10:38:49,unknown_backfilled,30.0,experiment_log2026-03-30_10-38-19.log,,
0d3c2d3c,test_move_vial,False,2026-03-30 10:39:42,2026-03-30 10:40:23,unknown_backfilled,41.0,experiment_log2026-03-30_10-39-42.log,,
2cdbbbff,test_move_vial,False,2026-03-30 10:40:33,2026-03-30 10:41:22,unknown_backfilled,49.0,experiment_log2026-03-30_10-40-33.log,,
b5779aef,test_move_vial,False,2026-03-30 10:41:31,2026-03-30 10:42:38,unknown_backfilled,67.0,experiment_log2026-03-30_10-41-31.log,,
67ae8724,test_move_vial,False,2026-03-30 10:42:55,2026-03-30 10:43:25,unknown_backfilled,30.0,experiment_log2026-03-30_10-42-55.log,,
77a49bcc,test_move_vial,False,2026-03-30 10:45:17,2026-03-30 10:45:30,unknown_backfilled,13.0,experiment_log2026-03-30_10-45-17.log,,
bffaa33d,test_get_pipet,False,2026-03-30 10:48:54,2026-03-30 10:49:13,unknown_backfilled,19.0,experiment_log2026-03-30_10-48-54.log,,
d15fa372,test_move_vial,False,2026-03-30 10:57:25,2026-03-30 10:57:51,unknown_backfilled,26.0,experiment_log2026-03-30_10-57-25.log,,
c4e9cf39,test_move_vial,False,2026-03-30 10:59:38,2026-03-30 11:00:15,unknown_backfilled,37.0,experiment_log2026-03-30_10-59-38.log,,
d71b4cae,test_move_vial,False,2026-03-30 11:00:33,2026-03-30 11:00:40,unknown_backfilled,7.0,experiment_log2026-03-30_11-00-33.log,,
4f1dda63,test_move_vial,False,2026-03-30 11:00:53,2026-03-30 11:01:30,unknown_backfilled,37.0,experiment_log2026-03-30_11-00-53.log,,
ccce94ae,test_move_location,False,2026-03-30 11:07:49,2026-03-30 11:07:59,unknown_backfilled,10.0,experiment_log2026-03-30_11-07-49.log,,
31738f9d,test_move_location,False,2026-03-30 11:10:46,2026-03-30 11:10:54,unknown_backfilled,8.0,experiment_log2026-03-30_11-10-46.log,,
fe0b10b8,test_move_location,False,2026-03-30 11:11:36,2026-03-30 11:11:46,unknown_backfilled,10.0,experiment_log2026-03-30_11-11-36.log,,
d57c2bf1,test_move_location,False,2026-03-30 11:19:58,2026-03-30 11:20:29,unknown_backfilled,31.0,experiment_log2026-03-30_11-19-58.log,,
46e9d61b,test_move_location,False,2026-03-30 11:21:03,2026-03-30 11:21:14,unknown_backfilled,11.0,experiment_log2026-03-30_11-21-03.log,,
f52e1387,test_move_location,False,2026-03-30 11:27:37,2026-03-30 11:27:47,unknown_backfilled,10.0,experiment_log2026-03-30_11-27-37.log,,
3e64f851,test_move_location,False,2026-03-30 11:40:30,2026-03-30 11:40:40,unknown_backfilled,10.0,experiment_log2026-03-30_11-40-30.log,,
79e67691,unknown,False,2026-03-30 11:44:14,2026-03-30 11:44:21,unknown_backfilled,7.0,experiment_log2026-03-30_11-44-14.log,,
1638cbf2,unknown,False,2026-03-30 11:46:07,2026-03-30 11:46:15,unknown_backfilled,8.0,experiment_log2026-03-30_11-46-07.log,,
c7055b53,unknown,False,2026-03-30 11:47:50,2026-03-30 11:47:56,unknown_backfilled,6.0,experiment_log2026-03-30_11-47-50.log,,
dd039a25,unknown,False,2026-03-30 11:48:47,2026-03-30 11:48:54,unknown_backfilled,7.0,experiment_log2026-03-30_11-48-47.log,,
70d8e99a,unknown,False,2026-03-30 11:49:03,2026-03-30 11:49:09,unknown_backfilled,6.0,experiment_log2026-03-30_11-49-03.log,,
0c056b42,unknown,False,2026-03-30 11:50:03,2026-03-30 11:50:10,unknown_backfilled,7.0,experiment_log2026-03-30_11-50-03.log,,
9ea1c112,unknown,False,2026-03-30 11:51:47,2026-03-30 11:51:54,unknown_backfilled,7.0,experiment_log2026-03-30_11-51-47.log,,
fcb13830,unknown,False,2026-03-30 11:53:07,2026-03-30 11:53:14,unknown_backfilled,7.0,experiment_log2026-03-30_11-53-07.log,,
3c7b5b2b,unknown,False,2026-03-30 11:54:41,2026-03-30 11:54:48,unknown_backfilled,7.0,experiment_log2026-03-30_11-54-41.log,,
34410b54,enhanced_SP_arm_position_program_v1.1_xy_coordinate_system,False,2026-03-30 13:47:45,2026-03-30 13:48:18,unknown_backfilled,33.0,experiment_log2026-03-30_13-47-45.log,,
d3f3b772,enhanced_SP_arm_position_program_v1.1_xy_coordinate_system,False,2026-03-30 13:50:00,2026-03-30 13:51:06,unknown_backfilled,66.0,experiment_log2026-03-30_13-50-00.log,,
9e6bf828,batch_calibration_automation,False,2026-03-30 14:16:01,2026-03-30 14:16:17,unknown_backfilled,16.0,experiment_log2026-03-30_14-16-01.log,,
1b2bbbb0,batch_calibration_automation,False,2026-03-30 14:16:43,2026-03-30 14:17:00,unknown_backfilled,17.0,experiment_log2026-03-30_14-16-43.log,,
b7147123,batch_calibration_automation,False,2026-03-30 14:18:58,2026-03-30 14:19:08,unknown_backfilled,10.0,experiment_log2026-03-30_14-18-58.log,,
1bf32ac1,unknown,False,2026-03-30 14:19:16,2026-03-30 14:52:26,unknown_backfilled,1990.0,experiment_log2026-03-30_14-19-16.log,,
6a36eb34,test_get_pipet,False,2026-03-30 14:53:08,2026-03-30 14:53:32,unknown_backfilled,24.0,experiment_log2026-03-30_14-53-08.log,,
712ff2c9,batch_calibration_automation,False,2026-03-30 14:54:16,2026-03-30 14:55:05,unknown_backfilled,49.0,experiment_log2026-03-30_14-54-16.log,,
9b1e146e,unknown,False,2026-03-30 14:55:13,2026-03-30 14:55:17,unknown_backfilled,4.0,experiment_log2026-03-30_14-55-13.log,,
2c51d01b,batch_calibration_automation,False,2026-03-30 14:55:40,2026-03-30 14:55:51,unknown_backfilled,11.0,experiment_log2026-03-30_14-55-40.log,,
ab47de13,unknown,False,2026-03-30 14:55:59,2026-03-30 14:56:11,unknown_backfilled,12.0,experiment_log2026-03-30_14-55-59.log,,
a325bd1d,batch_calibration_automation,False,2026-03-30 14:56:31,2026-03-30 14:56:41,unknown_backfilled,10.0,experiment_log2026-03-30_14-56-31.log,,
82a1acb3,unknown,False,2026-03-30 14:56:48,2026-03-30 15:42:53,unknown_backfilled,2765.0,experiment_log2026-03-30_14-56-48.log,,
e2d4a21a,unknown,False,2026-03-30 15:43:06,2026-03-30 15:51:51,unknown_backfilled,525.0,experiment_log2026-03-30_15-43-06.log,,
1f695d97,unknown,False,2026-03-30 15:52:02,2026-03-30 16:34:20,unknown_backfilled,2538.0,experiment_log2026-03-30_15-52-02.log,,
9b83234e,unknown,False,2026-03-30 16:34:33,2026-03-30 16:45:14,unknown_backfilled,641.0,experiment_log2026-03-30_16-34-33.log,,
edc25e38,unknown,False,2026-03-30 16:45:24,2026-03-30 17:14:52,unknown_backfilled,1768.0,experiment_log2026-03-30_16-45-24.log,,
bf28e1b3,unknown,False,2026-03-30 17:15:04,2026-03-30 17:22:20,unknown_backfilled,436.0,experiment_log2026-03-30_17-15-04.log,,
9930251c,unknown,False,2026-03-30 17:22:31,2026-03-30 17:54:56,unknown_backfilled,1945.0,experiment_log2026-03-30_17-22-31.log,,
188f60e3,unknown,False,2026-03-30 17:55:08,2026-03-30 18:02:19,unknown_backfilled,431.0,experiment_log2026-03-30_17-55-08.log,,
8a81abdd,unknown,False,2026-03-30 18:02:29,2026-03-30 18:32:02,unknown_backfilled,1773.0,experiment_log2026-03-30_18-02-29.log,,
9258227c,unknown,False,2026-03-30 18:32:14,2026-03-30 18:39:29,unknown_backfilled,435.0,experiment_log2026-03-30_18-32-14.log,,
875a30f1,Degradation_serena,False,2026-03-31 10:36:32,2026-03-31 10:38:16,unknown_backfilled,104.0,experiment_log2026-03-31_10-36-32.log,,
d5371fae,Degradation_serena,False,2026-03-31 10:38:18,2026-03-31 10:39:50,unknown_backfilled,92.0,experiment_log2026-03-31_10-38-18.log,,
bf3e1a70,Degradation_serena,False,2026-03-31 10:39:53,2026-03-31 10:40:40,unknown_backfilled,47.0,experiment_log2026-03-31_10-39-53.log,,
d6650cec,Degradation_serena,False,2026-03-31 10:40:42,2026-03-31 10:54:53,unknown_backfilled,851.0,experiment_log2026-03-31_10-40-42.log,,
978681fe,test_get_pipet,False,2026-03-31 13:20:47,2026-03-31 13:20:56,unknown_backfilled,9.0,experiment_log2026-03-31_13-20-47.log,,
b9bd0cc3,test_get_pipet,False,2026-03-31 13:23:06,2026-03-31 13:24:54,unknown_backfilled,108.0,experiment_log2026-03-31_13-23-06.log,,
ed1e1d1f,test_get_pipet,False,2026-03-31 13:25:41,2026-03-31 13:26:16,unknown_backfilled,35.0,experiment_log2026-03-31_13-25-41.log,,
aa065819,test_get_pipet,False,2026-03-31 13:26:32,2026-03-31 13:27:03,unknown_backfilled,31.0,experiment_log2026-03-31_13-26-32.log,,
04270c78,test_get_pipet,False,2026-03-31 13:27:11,2026-03-31 13:27:44,unknown_backfilled,33.0,experiment_log2026-03-31_13-27-11.log,,
26b500a5,test_get_pipet,False,2026-03-31 13:29:18,2026-03-31 13:29:50,unknown_backfilled,32.0,experiment_log2026-03-31_13-29-18.log,,
ea6febe4,test_get_pipet,False,2026-03-31 13:30:56,2026-03-31 13:31:37,unknown_backfilled,41.0,experiment_log2026-03-31_13-30-56.log,,
1c5d2437,test_get_pipet,False,2026-03-31 13:32:14,2026-03-31 13:32:45,unknown_backfilled,31.0,experiment_log2026-03-31_13-32-14.log,,
6951fc54,test_get_pipet,False,2026-03-31 13:34:25,2026-03-31 13:34:36,unknown_backfilled,11.0,experiment_log2026-03-31_13-34-25.log,,
de92cc3e,test_get_pipet,False,2026-03-31 13:34:39,2026-03-31 13:35:02,unknown_backfilled,23.0,experiment_log2026-03-31_13-34-39.log,,
459d7aae,enhanced_SP_arm_position_program_v1.1_xy_coordinate_system,False,2026-03-31 14:37:27,2026-03-31 14:37:44,unknown_backfilled,17.0,experiment_log2026-03-31_14-37-27.log,,
1b9de82d,enhanced_SP_arm_position_program_v1.1_xy_coordinate_system,False,2026-03-31 14:38:56,2026-03-31 14:39:11,unknown_backfilled,15.0,experiment_log2026-03-31_14-38-56.log,,
e802d9ac,enhanced_SP_arm_position_program_v1.1_xy_coordinate_system,False,2026-03-31 14:43:56,2026-03-31 14:45:06,unknown_backfilled,70.0,experiment_log2026-03-31_14-43-56.log,,
d2868137,enhanced_SP_arm_position_program_v1.1_xy_coordinate_system,False,2026-03-31 14:49:46,2026-03-31 14:50:58,unknown_backfilled,72.0,experiment_log2026-03-31_14-49-46.log,,
6eaea0d3,enhanced_SP_arm_position_program_v1.1_xy_coordinate_system,False,2026-03-31 14:52:48,2026-03-31 14:53:04,unknown_backfilled,16.0,experiment_log2026-03-31_14-52-48.log,,
fd91387b,enhanced_SP_arm_position_program_v1.1_xy_coordinate_system,False,2026-03-31 14:54:48,2026-03-31 14:56:10,unknown_backfilled,82.0,experiment_log2026-03-31_14-54-48.log,,
645329a0,test_move_vial,False,2026-03-31 15:00:24,2026-03-31 15:00:31,unknown_backfilled,7.0,experiment_log2026-03-31_15-00-24.log,,
41285e0f,test_move_vial,False,2026-03-31 15:00:52,2026-03-31 15:01:10,unknown_backfilled,18.0,experiment_log2026-03-31_15-00-52.log,,
a6055db4,test_move_vial,False,2026-03-31 15:01:36,2026-03-31 15:01:47,unknown_backfilled,11.0,experiment_log2026-03-31_15-01-36.log,,
6980dc93,enhanced_SP_arm_position_program_v1.1_xy_coordinate_system,False,2026-03-31 15:01:59,2026-03-31 15:02:17,unknown_backfilled,18.0,experiment_log2026-03-31_15-01-59.log,,
29d60bf6,enhanced_SP_arm_position_program_v1.1_xy_coordinate_system,False,2026-03-31 15:09:05,2026-03-31 15:10:24,unknown_backfilled,79.0,experiment_log2026-03-31_15-09-05.log,,
73060c5c,enhanced_SP_arm_position_program_v1.1_xy_coordinate_system,False,2026-03-31 15:13:54,2026-03-31 15:18:35,unknown_backfilled,281.0,experiment_log2026-03-31_15-13-54.log,,
a376c4ed,enhanced_SP_arm_position_program_v1.1_xy_coordinate_system,False,2026-03-31 15:21:47,2026-03-31 15:24:21,unknown_backfilled,154.0,experiment_log2026-03-31_15-21-47.log,,
d963b611,test_biotek_measure_wellplate,False,2026-03-31 15:41:32,2026-03-31 15:43:36,unknown_backfilled,124.0,experiment_log2026-03-31_15-41-32.log,,
a2aa0386,test_biotek_measure_wellplate,False,2026-03-31 15:43:36,2026-03-31 15:45:22,unknown_backfilled,106.0,experiment_log2026-03-31_15-43-36.log,,
2f946f76,test_biotek_measure_wellplate,False,2026-03-31 15:45:22,2026-03-31 15:47:07,unknown_backfilled,105.0,experiment_log2026-03-31_15-45-22.log,,
9bf7b982,test_biotek_measure_wellplate,False,2026-03-31 15:47:07,2026-03-31 15:48:59,unknown_backfilled,112.0,experiment_log2026-03-31_15-47-07.log,,
1d79c2e9,test_biotek_measure_wellplate,False,2026-03-31 15:51:18,2026-03-31 15:57:33,unknown_backfilled,375.0,experiment_log2026-03-31_15-51-18.log,,
d8919f3e,test_biotek_measure_wellplate,False,2026-03-31 16:01:46,2026-03-31 16:08:19,unknown_backfilled,393.0,experiment_log2026-03-31_16-01-46.log,,
ffd114f0,enhanced_SP_arm_position_program_v1.1_xy_coordinate_system,False,2026-03-31 16:08:55,2026-03-31 16:09:10,unknown_backfilled,15.0,experiment_log2026-03-31_16-08-55.log,,
06f09fbb,enhanced_SP_arm_position_program_v1.1_xy_coordinate_system,False,2026-03-31 16:10:55,2026-03-31 16:11:28,unknown_backfilled,33.0,experiment_log2026-03-31_16-10-55.log,,
884393a5,enhanced_SP_arm_position_program_v1.1_xy_coordinate_system,False,2026-03-31 16:13:00,2026-03-31 16:13:24,unknown_backfilled,24.0,experiment_log2026-03-31_16-13-00.log,,
50f8ca78,enhanced_SP_arm_position_program_v1.1_xy_coordinate_system,False,2026-03-31 16:16:13,2026-03-31 16:16:50,unknown_backfilled,37.0,experiment_log2026-03-31_16-16-13.log,,
7197507d,debug_grid_spacing,False,2026-03-31 16:35:04,2026-03-31 16:35:25,unknown_backfilled,21.0,experiment_log2026-03-31_16-35-04.log,,
56d11561,surfactant_grid_adaptive_concentrations,False,2026-03-31 16:37:42,2026-03-31 16:42:20,unknown_backfilled,278.0,experiment_log2026-03-31_16-37-42.log,,
0ea4d824,enhanced_SP_arm_position_program_v1.1_xy_coordinate_system,False,2026-04-01 12:20:51,2026-04-01 12:21:05,unknown_backfilled,14.0,experiment_log2026-04-01_12-20-51.log,,
ab6e3b01,enhanced_SP_arm_position_program_v1.1_xy_coordinate_system,False,2026-04-01 12:21:08,2026-04-01 12:21:33,unknown_backfilled,25.0,experiment_log2026-04-01_12-21-08.log,,
917daa0c,reset,False,2026-04-01 13:01:40,2026-04-01 13:02:12,unknown_backfilled,32.0,experiment_log2026-04-01_13-01-40.log,,
15e4dd00,reset,False,2026-04-01 13:03:31,2026-04-01 13:03:41,unknown_backfilled,10.0,experiment_log2026-04-01_13-03-31.log,,
cfea7715,reset,False,2026-04-01 13:03:58,2026-04-01 13:04:02,unknown_backfilled,4.0,experiment_log2026-04-01_13-03-58.log,,
9960534e,reset,False,2026-04-01 13:04:38,2026-04-01 13:06:11,unknown_backfilled,93.0,experiment_log2026-04-01_13-04-38.log,,
f93ba9e3,Degradation_serena,False,2026-04-01 13:09:00,2026-04-01 13:09:14,unknown_backfilled,14.0,experiment_log2026-04-01_13-09-00.log,,
ae174907,Degradation_serena,False,2026-04-01 13:09:17,2026-04-01 13:09:47,unknown_backfilled,30.0,experiment_log2026-04-01_13-09-17.log,,
96673706,Degradation_serena,False,2026-04-01 13:11:14,2026-04-01 13:12:06,unknown_backfilled,52.0,experiment_log2026-04-01_13-11-14.log,,
280abc37,reset,False,2026-04-01 13:12:32,2026-04-01 13:12:45,unknown_backfilled,13.0,experiment_log2026-04-01_13-12-32.log,,
a325405e,Degradation_serena,False,2026-04-01 13:13:48,2026-04-01 13:14:01,unknown_backfilled,13.0,experiment_log2026-04-01_13-13-48.log,,
e751e1fc,Degradation_serena,False,2026-04-01 13:14:04,2026-04-01 14:30:37,unknown_backfilled,4593.0,experiment_log2026-04-01_13-14-04.log,,
81b50f42,Degradation_serena,False,2026-04-01 15:00:31,2026-04-01 16:17:45,unknown_backfilled,4634.0,experiment_log2026-04-01_15-00-31.log,,
53ae1494,surfactant_grid_adaptive_concentrations,False,2026-04-01 16:40:09,2026-04-01 16:53:08,unknown_backfilled,779.0,experiment_log2026-04-01_16-40-09.log,,
9d297190,enhanced_SP_arm_position_program_v1.1_xy_coordinate_system,False,2026-04-02 08:51:34,2026-04-02 08:53:02,unknown_backfilled,88.0,experiment_log2026-04-02_08-51-34.log,,
1c5bc540,color_mixing,False,2026-04-02 10:57:13,2026-04-02 10:57:20,unknown_backfilled,7.0,experiment_log2026-04-02_10-57-13.log,,
e233de27,enhanced_SP_arm_position_program_v1.1_xy_coordinate_system,False,2026-04-02 11:04:45,2026-04-02 11:11:00,unknown_backfilled,375.0,experiment_log2026-04-02_11-04-45.log,,
6c984ce6,enhanced_SP_arm_position_program_v1.1_xy_coordinate_system,False,2026-04-02 11:27:08,2026-04-02 11:27:48,unknown_backfilled,40.0,experiment_log2026-04-02_11-27-08.log,,
6c7c99ad,enhanced_SP_arm_position_program_v1.1_xy_coordinate_system,False,2026-04-02 11:42:56,2026-04-02 11:48:37,unknown_backfilled,341.0,experiment_log2026-04-02_11-42-56.log,,
286e2b11,color_mixing,False,2026-04-02 12:07:30,2026-04-02 15:27:35,unknown_backfilled,12005.0,experiment_log2026-04-02_12-07-30.log,,
b48e9617,color_mixing,False,2026-04-02 15:29:20,2026-04-02 15:29:39,unknown_backfilled,19.0,experiment_log2026-04-02_15-29-20.log,,
21496d14,test_dispense,False,2026-04-02 16:10:28,2026-04-02 16:10:33,unknown_backfilled,5.0,experiment_log2026-04-02_16-10-28.log,,
eb78022d,test_dispense,False,2026-04-02 16:11:50,2026-04-02 16:11:53,unknown_backfilled,3.0,experiment_log2026-04-02_16-11-50.log,,
2a6c3dc6,test_dispense,False,2026-04-02 16:13:13,2026-04-02 16:14:38,unknown_backfilled,85.0,experiment_log2026-04-02_16-13-13.log,,
503fffbd,test_dispense,False,2026-04-02 16:15:29,2026-04-02 16:16:18,unknown_backfilled,49.0,experiment_log2026-04-02_16-15-29.log,,
8fcf51ba,test_dispense,False,2026-04-02 16:16:33,2026-04-02 16:16:49,unknown_backfilled,16.0,experiment_log2026-04-02_16-16-33.log,,
67ea2fd1,test_dispense,False,2026-04-02 16:18:08,2026-04-02 16:19:16,unknown_backfilled,68.0,experiment_log2026-04-02_16-18-08.log,,
e44b09b1,test_dispense,False,2026-04-02 16:20:27,2026-04-02 16:20:46,unknown_backfilled,19.0,experiment_log2026-04-02_16-20-27.log,,
8fe00441,enhanced_SP_arm_position_program_v1.1_xy_coordinate_system,False,2026-04-02 16:21:25,2026-04-02 16:22:34,unknown_backfilled,69.0,experiment_log2026-04-02_16-21-25.log,,
65aa5973,enhanced_SP_arm_position_program_v1.1_xy_coordinate_system,False,2026-04-02 16:25:16,2026-04-02 16:25:46,unknown_backfilled,30.0,experiment_log2026-04-02_16-25-16.log,,
a68e0e4f,enhanced_SP_arm_position_program_v1.1_xy_coordinate_system,False,2026-04-02 16:27:48,2026-04-02 16:28:12,unknown_backfilled,24.0,experiment_log2026-04-02_16-27-48.log,,
5319ad27,enhanced_SP_arm_position_program_v1.1_xy_coordinate_system,False,2026-04-02 16:32:28,2026-04-02 16:32:53,unknown_backfilled,25.0,experiment_log2026-04-02_16-32-28.log,,
da21d0d1,enhanced_SP_arm_position_program_v1.1_xy_coordinate_system,False,2026-04-02 16:33:58,2026-04-02 16:35:17,unknown_backfilled,79.0,experiment_log2026-04-02_16-33-58.log,,
b64c157a,test_dispense,False,2026-04-02 16:43:44,2026-04-02 16:43:48,unknown_backfilled,4.0,experiment_log2026-04-02_16-43-44.log,,
eca5b412,test_dispense,False,2026-04-02 16:44:18,2026-04-02 16:45:35,unknown_backfilled,77.0,experiment_log2026-04-02_16-44-18.log,,
395dbeb4,surfactant_grid_adaptive_concentrations,False,2026-04-02 16:48:05,2026-04-02 16:48:17,unknown_backfilled,12.0,experiment_log2026-04-02_16-48-05.log,,
052db983,surfactant_grid_adaptive_concentrations,False,2026-04-02 16:48:52,2026-04-02 16:55:16,unknown_backfilled,384.0,experiment_log2026-04-02_16-48-52.log,,
35f86b4e,enhanced_SP_arm_position_program_v1.1_xy_coordinate_system,False,2026-04-06 09:33:20,2026-04-06 09:33:27,unknown_backfilled,7.0,experiment_log2026-04-06_09-33-20.log,,
2749a861,enhanced_SP_arm_position_program_v1.1_xy_coordinate_system,False,2026-04-06 09:34:19,2026-04-06 09:35:26,unknown_backfilled,67.0,experiment_log2026-04-06_09-34-19.log,,
1716b67b,Degradation_serena,False,2026-04-06 09:55:22,2026-04-06 10:07:25,unknown_backfilled,723.0,experiment_log2026-04-06_09-55-22.log,,
6efd537b,Degradation_serena,False,2026-04-06 10:11:02,2026-04-06 10:12:15,unknown_backfilled,73.0,experiment_log2026-04-06_10-11-02.log,,
be4a7902,Degradation_serena,False,2026-04-06 11:42:00,2026-04-06 11:42:53,unknown_backfilled,53.0,experiment_log2026-04-06_11-42-00.log,,
d0bb4026,Degradation_serena,False,2026-04-06 12:32:22,2026-04-06 12:39:38,unknown_backfilled,436.0,experiment_log2026-04-06_12-32-22.log,,
7048cdc6,test_get_pipet,False,2026-04-06 12:48:03,2026-04-06 12:48:35,unknown_backfilled,32.0,experiment_log2026-04-06_12-48-03.log,,
3ef23c5e,Degradation_serena,False,2026-04-06 12:50:03,2026-04-06 12:50:58,unknown_backfilled,55.0,experiment_log2026-04-06_12-50-03.log,,
754d3cef,Degradation_serena,False,2026-04-06 12:52:52,2026-04-06 12:53:04,unknown_backfilled,12.0,experiment_log2026-04-06_12-52-52.log,,
ae31f32c,Degradation_serena,False,2026-04-06 14:13:05,2026-04-06 14:13:54,unknown_backfilled,49.0,experiment_log2026-04-06_14-13-05.log,,
e497168c,test_get_pipet,False,2026-04-06 15:49:56,2026-04-06 15:50:42,unknown_backfilled,46.0,experiment_log2026-04-06_15-49-56.log,,
5ade8b11,test_get_pipet,False,2026-04-06 15:50:53,2026-04-06 15:51:05,unknown_backfilled,12.0,experiment_log2026-04-06_15-50-53.log,,
9831d02f,test_dispense,False,2026-04-06 15:52:32,2026-04-06 15:52:49,unknown_backfilled,17.0,experiment_log2026-04-06_15-52-32.log,,
b7a7e261,test_dispense,False,2026-04-06 15:53:03,2026-04-06 15:55:26,unknown_backfilled,143.0,experiment_log2026-04-06_15-53-03.log,,
10f5bd25,test_dispense,False,2026-04-06 15:55:35,2026-04-06 15:56:41,unknown_backfilled,66.0,experiment_log2026-04-06_15-55-35.log,,
318fa4ba,test_dispense,False,2026-04-06 15:56:47,2026-04-06 15:58:04,unknown_backfilled,77.0,experiment_log2026-04-06_15-56-47.log,,
358b896d,test_dispense,False,2026-04-06 15:59:17,2026-04-06 16:00:24,unknown_backfilled,67.0,experiment_log2026-04-06_15-59-17.log,,
20516f3b,test_dispense,False,2026-04-06 16:01:29,2026-04-06 16:02:39,unknown_backfilled,70.0,experiment_log2026-04-06_16-01-29.log,,
98a40901,test_dispense,False,2026-04-06 16:02:52,2026-04-06 16:03:28,unknown_backfilled,36.0,experiment_log2026-04-06_16-02-52.log,,
19a2ba5d,test_dispense,False,2026-04-06 16:03:43,2026-04-06 16:04:21,unknown_backfilled,38.0,experiment_log2026-04-06_16-03-43.log,,
ed5167d0,test_dispense,False,2026-04-06 16:05:02,2026-04-06 16:06:18,unknown_backfilled,76.0,experiment_log2026-04-06_16-05-02.log,,
b69d75a3,test_dispense,False,2026-04-06 16:06:24,2026-04-06 16:07:59,unknown_backfilled,95.0,experiment_log2026-04-06_16-06-24.log,,
0308b110,test_dispense,False,2026-04-06 16:08:08,2026-04-06 16:09:40,unknown_backfilled,92.0,experiment_log2026-04-06_16-08-08.log,,
1e419319,test_dispense,False,2026-04-06 16:10:19,2026-04-06 16:11:42,unknown_backfilled,83.0,experiment_log2026-04-06_16-10-19.log,,
42041eb3,test_dispense,False,2026-04-06 16:11:54,2026-04-06 16:13:23,unknown_backfilled,89.0,experiment_log2026-04-06_16-11-54.log,,
89fcf837,enhanced_SP_arm_position_program_v1.1_xy_coordinate_system,False,2026-04-06 16:13:50,2026-04-06 16:21:00,unknown_backfilled,430.0,experiment_log2026-04-06_16-13-50.log,,
bf0e7ab2,test_dispense,False,2026-04-06 16:21:12,2026-04-06 16:22:33,unknown_backfilled,81.0,experiment_log2026-04-06_16-21-12.log,,
0b170bb1,test_dispense,False,2026-04-06 16:22:43,2026-04-06 16:24:26,unknown_backfilled,103.0,experiment_log2026-04-06_16-22-43.log,,
ce413c7c,enhanced_SP_arm_position_program_v1.1_xy_coordinate_system,False,2026-04-06 16:24:44,2026-04-06 16:28:15,unknown_backfilled,211.0,experiment_log2026-04-06_16-24-44.log,,
464d3bb1,test_dispense,False,2026-04-06 16:28:26,2026-04-06 16:29:47,unknown_backfilled,81.0,experiment_log2026-04-06_16-28-26.log,,
02660a68,test_dispense,False,2026-04-06 16:29:56,2026-04-06 16:31:13,unknown_backfilled,77.0,experiment_log2026-04-06_16-29-56.log,,
4e8b24ab,test_dispense,False,2026-04-06 16:37:02,2026-04-06 16:37:13,unknown_backfilled,11.0,experiment_log2026-04-06_16-37-02.log,,
af7ada98,test_dispense,False,2026-04-06 16:37:58,2026-04-06 16:38:06,unknown_backfilled,8.0,experiment_log2026-04-06_16-37-58.log,,
82b72857,test_dispense,False,2026-04-06 16:38:34,2026-04-06 16:39:52,unknown_backfilled,78.0,experiment_log2026-04-06_16-38-34.log,,
6e951343,test_dispense,False,2026-04-06 16:42:12,2026-04-06 16:42:36,unknown_backfilled,24.0,experiment_log2026-04-06_16-42-12.log,,
dc04e3bc,test_dispense,False,2026-04-06 16:44:00,2026-04-06 16:45:28,unknown_backfilled,88.0,experiment_log2026-04-06_16-44-00.log,,
ccfd5e36,test_dispense,False,2026-04-06 16:46:11,2026-04-06 16:47:30,unknown_backfilled,79.0,experiment_log2026-04-06_16-46-11.log,,
4e8911c1,test_dispense,False,2026-04-06 16:47:48,2026-04-06 16:49:08,unknown_backfilled,80.0,experiment_log2026-04-06_16-47-48.log,,
8ffccbbb,test_dispense,False,2026-04-06 16:50:24,2026-04-06 16:51:42,unknown_backfilled,78.0,experiment_log2026-04-06_16-50-24.log,,
6b49cdb2,test_dispense,False,2026-04-06 16:52:29,2026-04-06 16:53:51,unknown_backfilled,82.0,experiment_log2026-04-06_16-52-29.log,,
320dd594,test_move_vial,False,2026-04-06 16:54:43,2026-04-06 16:55:09,unknown_backfilled,26.0,experiment_log2026-04-06_16-54-43.log,,
ffe25a8f,test_move_vial,False,2026-04-06 16:55:49,2026-04-06 16:56:05,unknown_backfilled,16.0,experiment_log2026-04-06_16-55-49.log,,
03c9f6d8,test_move_vial,False,2026-04-06 16:56:21,2026-04-06 16:56:40,unknown_backfilled,19.0,experiment_log2026-04-06_16-56-21.log,,
1767eac2,test_move_vial,False,2026-04-06 16:56:52,2026-04-06 16:57:10,unknown_backfilled,18.0,experiment_log2026-04-06_16-56-52.log,,
ebd823f3,test_dispense,False,2026-04-06 17:00:31,2026-04-06 17:01:48,unknown_backfilled,77.0,experiment_log2026-04-06_17-00-31.log,,
147e365b,test_dispense,False,2026-04-06 17:02:10,2026-04-06 17:02:45,unknown_backfilled,35.0,experiment_log2026-04-06_17-02-10.log,,
4aa997ea,test_dispense,False,2026-04-06 17:03:24,2026-04-06 17:04:42,unknown_backfilled,78.0,experiment_log2026-04-06_17-03-24.log,,
9e29bb8c,test_dispense,False,2026-04-06 17:05:31,2026-04-06 17:06:58,unknown_backfilled,87.0,experiment_log2026-04-06_17-05-31.log,,
ca466b50,test_dispense,False,2026-04-06 17:07:10,2026-04-06 17:08:43,unknown_backfilled,93.0,experiment_log2026-04-06_17-07-10.log,,
33536c27,test_dispense,False,2026-04-06 17:08:49,2026-04-06 17:10:29,unknown_backfilled,100.0,experiment_log2026-04-06_17-08-49.log,,
268135c5,enhanced_SP_arm_position_program_v1.1_xy_coordinate_system,False,2026-04-06 17:11:08,2026-04-06 17:13:52,unknown_backfilled,164.0,experiment_log2026-04-06_17-11-08.log,,
e38fad68,test_dispense,False,2026-04-06 17:14:06,2026-04-06 17:15:36,unknown_backfilled,90.0,experiment_log2026-04-06_17-14-06.log,,
34a82d02,test_dispense,False,2026-04-06 17:15:45,2026-04-06 17:16:47,unknown_backfilled,62.0,experiment_log2026-04-06_17-15-45.log,,
4a74949b,enhanced_SP_arm_position_program_v1.1_xy_coordinate_system,False,2026-04-06 17:16:52,2026-04-06 17:17:25,unknown_backfilled,33.0,experiment_log2026-04-06_17-16-52.log,,
0e9da83f,test_dispense,False,2026-04-06 17:19:57,2026-04-06 17:20:04,unknown_backfilled,7.0,experiment_log2026-04-06_17-19-57.log,,
6b00bd92,test_dispense,False,2026-04-06 17:20:43,2026-04-06 17:22:15,unknown_backfilled,92.0,experiment_log2026-04-06_17-20-43.log,,
42f9221a,test_dispense,False,2026-04-06 17:22:30,2026-04-06 17:24:32,unknown_backfilled,122.0,experiment_log2026-04-06_17-22-30.log,,
08bc3d91,test_dispense,False,2026-04-06 17:24:59,2026-04-06 17:29:50,unknown_backfilled,291.0,experiment_log2026-04-06_17-24-59.log,,
6a6520d1,test_dispense,False,2026-04-06 17:30:28,2026-04-06 17:30:40,unknown_backfilled,12.0,experiment_log2026-04-06_17-30-28.log,,
ebdb8393,test_dispense,False,2026-04-06 17:30:55,2026-04-06 17:31:04,unknown_backfilled,9.0,experiment_log2026-04-06_17-30-55.log,,
6f98ca39,test_dispense,False,2026-04-06 17:31:15,2026-04-06 17:31:33,unknown_backfilled,18.0,experiment_log2026-04-06_17-31-15.log,,
2065954d,enhanced_SP_arm_position_program_v1.1_xy_coordinate_system,False,2026-04-06 17:31:57,2026-04-06 17:33:19,unknown_backfilled,82.0,experiment_log2026-04-06_17-31-57.log,,
2fda5e50,test_dispense,False,2026-04-06 17:33:35,2026-04-06 17:35:08,unknown_backfilled,93.0,experiment_log2026-04-06_17-33-35.log,,
1ab8f563,surfactant_grid_adaptive_concentrations,False,2026-04-06 17:35:47,2026-04-06 17:35:58,unknown_backfilled,11.0,experiment_log2026-04-06_17-35-47.log,,
4bcec29e,surfactant_grid_adaptive_concentrations,False,2026-04-06 17:36:02,2026-04-06 17:36:25,unknown_backfilled,23.0,experiment_log2026-04-06_17-36-02.log,,
0d9beb90,surfactant_grid_adaptive_concentrations,False,2026-04-06 17:36:37,2026-04-06 17:36:51,unknown_backfilled,14.0,experiment_log2026-04-06_17-36-37.log,,
b931916d,surfactant_grid_adaptive_concentrations,False,2026-04-06 17:37:35,2026-04-06 17:39:32,unknown_backfilled,117.0,experiment_log2026-04-06_17-37-35.log,,
fc87fe7e,surfactant_grid_adaptive_concentrations,False,2026-04-06 17:40:15,2026-04-06 17:40:41,unknown_backfilled,26.0,experiment_log2026-04-06_17-40-15.log,,
c16e25f8,test_biotek_measure_wellplate,False,2026-04-06 17:43:37,2026-04-06 17:45:46,unknown_backfilled,129.0,experiment_log2026-04-06_17-43-37.log,,
5402e209,ilya_workflow_v2,False,2026-04-07 11:51:50,2026-04-07 11:52:16,unknown_backfilled,26.0,experiment_log2026-04-07_11-51-50.log,,
85998fb0,ilya_workflow_v2,False,2026-04-07 11:52:42,2026-04-07 12:08:00,unknown_backfilled,918.0,experiment_log2026-04-07_11-52-42.log,,
637488f2,ilya_workflow_v2,False,2026-04-07 12:16:09,2026-04-07 12:16:12,unknown_backfilled,3.0,experiment_log2026-04-07_12-16-09.log,,
ed5f1cb8,ilya_workflow_v2,False,2026-04-07 12:16:23,2026-04-07 12:38:53,unknown_backfilled,1350.0,experiment_log2026-04-07_12-16-23.log,,
521eb0f3,ilya_workflow_v2,False,2026-04-07 12:41:23,2026-04-07 13:32:26,unknown_backfilled,3063.0,experiment_log2026-04-07_12-41-23.log,,
ea738c28,color_mixing,False,2026-04-07 14:13:55,2026-04-07 15:00:49,unknown_backfilled,2814.0,experiment_log2026-04-07_14-13-55.log,,
8afbdc06,color_mixing,False,2026-04-07 15:29:43,2026-04-07 15:31:09,unknown_backfilled,86.0,experiment_log2026-04-07_15-29-43.log,,
7874bac9,color_mixing,False,2026-04-07 15:31:42,2026-04-07 15:31:51,unknown_backfilled,9.0,experiment_log2026-04-07_15-31-42.log,,
4f88a8e9,color_mixing,False,2026-04-07 15:32:10,2026-04-07 15:34:16,unknown_backfilled,126.0,experiment_log2026-04-07_15-32-10.log,,
41a499da,color_mixing,False,2026-04-07 16:03:53,2026-04-07 16:07:59,unknown_backfilled,246.0,experiment_log2026-04-07_16-03-53.log,,
a5ffa669,color_mixing,False,2026-04-07 16:08:15,2026-04-07 16:08:37,unknown_backfilled,22.0,experiment_log2026-04-07_16-08-15.log,,
975fc951,color_mixing,False,2026-04-07 16:09:09,2026-04-07 16:09:30,unknown_backfilled,21.0,experiment_log2026-04-07_16-09-09.log,,
95bca485,color_mixing,False,2026-04-07 16:09:37,2026-04-07 17:03:06,unknown_backfilled,3209.0,experiment_log2026-04-07_16-09-37.log,,
245e30f6,surfactant_grid_adaptive_concentrations,False,2026-04-07 16:23:54,2026-04-07 16:30:09,unknown_backfilled,375.0,experiment_log2026-04-07_16-23-54.log,,
4b44156b,surfactant_grid_adaptive_concentrations,False,2026-04-07 17:02:17,2026-04-07 17:02:59,unknown_backfilled,42.0,experiment_log2026-04-07_17-02-17.log,,
ffcb3008,surfactant_grid_adaptive_concentrations,False,2026-04-07 17:05:10,2026-04-07 17:06:11,unknown_backfilled,61.0,experiment_log2026-04-07_17-05-10.log,,
2176f323,surfactant_grid_adaptive_concentrations,False,2026-04-07 17:08:06,2026-04-07 17:08:53,unknown_backfilled,47.0,experiment_log2026-04-07_17-08-06.log,,
4551f198,surfactant_grid_adaptive_concentrations,False,2026-04-07 17:15:59,2026-04-07 17:16:09,unknown_backfilled,10.0,experiment_log2026-04-07_17-15-59.log,,
67694edf,surfactant_grid_adaptive_concentrations,False,2026-04-07 17:16:31,2026-04-07 17:19:35,unknown_backfilled,184.0,experiment_log2026-04-07_17-16-31.log,,
f7727889,surfactant_grid_adaptive_concentrations,False,2026-04-07 17:21:30,2026-04-07 17:21:39,unknown_backfilled,9.0,experiment_log2026-04-07_17-21-30.log,,
9142440e,surfactant_grid_adaptive_concentrations,False,2026-04-07 17:22:01,2026-04-08 11:14:30,unknown_backfilled,64349.0,experiment_log2026-04-07_17-22-01.log,,
d0857947,color_mixing,False,2026-04-08 11:50:27,2026-04-08 14:07:13,unknown_backfilled,8206.0,experiment_log2026-04-08_11-50-27.log,,
8b44bad0,color_mixing,False,2026-04-08 14:07:44,2026-04-08 14:08:04,unknown_backfilled,20.0,experiment_log2026-04-08_14-07-44.log,,
896fc9ca,ilya_workflow_v2,False,2026-04-08 14:19:54,2026-04-08 15:00:49,unknown_backfilled,2455.0,experiment_log2026-04-08_14-19-54.log,,
24ee2a04,move_all_vials_home,False,2026-04-08 15:16:29,2026-04-08 15:16:40,unknown_backfilled,11.0,experiment_log2026-04-08_15-16-29.log,,
5795a9fa,ilya_workflow_v2,False,2026-04-08 15:16:57,2026-04-08 15:56:27,unknown_backfilled,2370.0,experiment_log2026-04-08_15-16-57.log,,
19396a03,surfactant_grid_adaptive_concentrations,False,2026-04-08 16:03:23,2026-04-08 16:09:13,unknown_backfilled,350.0,experiment_log2026-04-08_16-03-23.log,,
a30a85d0,surfactant_grid_adaptive_concentrations,False,2026-04-08 16:09:23,2026-04-08 16:09:43,unknown_backfilled,20.0,experiment_log2026-04-08_16-09-23.log,,
abd676b2,move_all_vials_home,False,2026-04-08 16:19:26,2026-04-08 16:19:48,unknown_backfilled,22.0,experiment_log2026-04-08_16-19-26.log,,
ef0f87f4,move_all_vials_home,False,2026-04-08 16:19:54,2026-04-08 16:20:19,unknown_backfilled,25.0,experiment_log2026-04-08_16-19-54.log,,
a6043c9f,ilya_workflow_v2,False,2026-04-08 16:22:14,2026-04-08 16:22:26,unknown_backfilled,12.0,experiment_log2026-04-08_16-22-14.log,,
3e1e660c,move_all_vials_home,False,2026-04-08 16:22:46,2026-04-08 16:23:08,unknown_backfilled,22.0,experiment_log2026-04-08_16-22-46.log,,
bfbd9ce5,test_c9_asp,False,2026-04-08 16:47:04,2026-04-08 16:47:18,unknown_backfilled,14.0,experiment_log2026-04-08_16-47-04.log,,
6de0a978,test_c9_asp,False,2026-04-08 16:47:32,2026-04-08 16:47:40,unknown_backfilled,8.0,experiment_log2026-04-08_16-47-32.log,,
daf9d594,ilya_workflow_v2,False,2026-04-08 16:49:21,2026-04-08 16:51:32,unknown_backfilled,131.0,experiment_log2026-04-08_16-49-21.log,,
7c68b3fe,ilya_workflow_v2,False,2026-04-08 16:51:43,2026-04-08 16:51:51,unknown_backfilled,8.0,experiment_log2026-04-08_16-51-43.log,,
aee6ad56,ilya_workflow_v2,False,2026-04-08 16:52:48,2026-04-08 16:52:58,unknown_backfilled,10.0,experiment_log2026-04-08_16-52-48.log,,
fed6019b,ilya_workflow_v2,False,2026-04-08 16:53:02,2026-04-08 16:53:17,unknown_backfilled,15.0,experiment_log2026-04-08_16-53-02.log,,
e72d045a,ilya_workflow_v2,False,2026-04-08 16:53:33,2026-04-08 17:08:41,unknown_backfilled,908.0,experiment_log2026-04-08_16-53-33.log,,
fb76d5de,ilya_workflow_v2,False,2026-04-08 17:09:30,2026-04-08 17:09:49,unknown_backfilled,19.0,experiment_log2026-04-08_17-09-30.log,,
d491a382,ilya_workflow_v2,False,2026-04-08 17:09:57,2026-04-08 17:29:36,unknown_backfilled,1179.0,experiment_log2026-04-08_17-09-57.log,,
2da30e84,test_c9_asp,False,2026-04-08 17:30:18,2026-04-08 17:30:40,unknown_backfilled,22.0,experiment_log2026-04-08_17-30-18.log,,
8a6a21a5,ilya_workflow_v2,False,2026-04-08 17:32:44,2026-04-08 17:32:59,unknown_backfilled,15.0,experiment_log2026-04-08_17-32-44.log,,
564f902e,ilya_workflow_v2,False,2026-04-08 17:33:03,2026-04-08 17:34:18,unknown_backfilled,75.0,experiment_log2026-04-08_17-33-03.log,,
e3d74ccc,ilya_workflow_v2,False,2026-04-08 17:34:38,2026-04-08 17:35:13,unknown_backfilled,35.0,experiment_log2026-04-08_17-34-38.log,,
be04f83a,ilya_workflow_v2,False,2026-04-08 17:35:19,2026-04-08 17:40:51,unknown_backfilled,332.0,experiment_log2026-04-08_17-35-19.log,,
0567b758,test_c9_asp,False,2026-04-08 17:41:22,2026-04-08 17:41:49,unknown_backfilled,27.0,experiment_log2026-04-08_17-41-22.log,,
69fa9214,test_c9_asp,False,2026-04-08 17:43:12,2026-04-08 17:43:48,unknown_backfilled,36.0,experiment_log2026-04-08_17-43-12.log,,
40e59148,ilya_workflow_v2,False,2026-04-08 17:45:04,2026-04-08 17:46:14,unknown_backfilled,70.0,experiment_log2026-04-08_17-45-04.log,,
16f7e350,ilya_workflow_v2,False,2026-04-08 17:46:27,2026-04-08 18:02:25,unknown_backfilled,958.0,experiment_log2026-04-08_17-46-27.log,,
22547229,ilya_workflow_v2,False,2026-04-08 18:02:33,2026-04-08 19:04:56,unknown_backfilled,3743.0,experiment_log2026-04-08_18-02-33.log,,
417989e7,ilya_workflow_v2,False,2026-04-08 19:05:42,2026-04-08 19:05:48,unknown_backfilled,6.0,experiment_log2026-04-08_19-05-42.log,,
cfbb0bc3,ilya_workflow_v2,False,2026-04-08 19:06:04,2026-04-08 19:07:43,unknown_backfilled,99.0,experiment_log2026-04-08_19-06-04.log,,
08955028,ilya_workflow_v2,False,2026-04-08 19:08:56,2026-04-08 19:09:31,unknown_backfilled,35.0,experiment_log2026-04-08_19-08-56.log,,
c8d61d08,ilya_workflow_v2,False,2026-04-08 19:09:40,2026-04-08 19:11:13,unknown_backfilled,93.0,experiment_log2026-04-08_19-09-40.log,,
3e8021e8,ilya_workflow_v2,False,2026-04-08 19:18:07,2026-04-08 19:18:17,unknown_backfilled,10.0,experiment_log2026-04-08_19-18-07.log,,
b509c468,ilya_workflow_v2,False,2026-04-08 19:18:42,2026-04-08 19:18:48,unknown_backfilled,6.0,experiment_log2026-04-08_19-18-42.log,,
9fe00cb2,ilya_workflow_v2,False,2026-04-08 19:19:01,2026-04-08 19:21:26,unknown_backfilled,145.0,experiment_log2026-04-08_19-19-01.log,,
1b42d537,ilya_workflow_v2,False,2026-04-08 19:22:45,2026-04-08 19:23:31,unknown_backfilled,46.0,experiment_log2026-04-08_19-22-45.log,,
90e9d950,ilya_workflow_v2,False,2026-04-08 19:23:41,2026-04-08 19:58:59,unknown_backfilled,2118.0,experiment_log2026-04-08_19-23-41.log,,
206d495f,ilya_workflow_v2,False,2026-04-08 20:07:19,2026-04-08 20:09:23,unknown_backfilled,124.0,experiment_log2026-04-08_20-07-19.log,,
7451cc2a,ilya_workflow_v2,False,2026-04-08 20:09:29,2026-04-08 20:11:10,unknown_backfilled,101.0,experiment_log2026-04-08_20-09-29.log,,
7a01f2f6,ilya_workflow_v2,False,2026-04-08 20:11:21,2026-04-08 20:12:02,unknown_backfilled,41.0,experiment_log2026-04-08_20-11-21.log,,
fe98a053,ilya_workflow_v2,False,2026-04-08 20:21:30,2026-04-08 20:56:24,unknown_backfilled,2094.0,experiment_log2026-04-08_20-21-30.log,,
b8f5463a,ilya_workflow_v2,False,2026-04-08 21:02:27,2026-04-08 21:38:11,unknown_backfilled,2144.0,experiment_log2026-04-08_21-02-27.log,,
2d69b73c,test_biotek_measure_wellplate,False,2026-04-08 21:47:26,2026-04-08 21:53:50,unknown_backfilled,384.0,experiment_log2026-04-08_21-47-26.log,,
3ade7880,test_biotek_measure_wellplate,False,2026-04-08 21:53:50,2026-04-08 21:56:29,unknown_backfilled,159.0,experiment_log2026-04-08_21-53-50.log,,
ef1a9888,test_biotek_measure_wellplate,False,2026-04-08 21:57:38,2026-04-08 21:59:33,unknown_backfilled,115.0,experiment_log2026-04-08_21-57-38.log,,
5ea9cbbc,surfactant_grid_adaptive_concentrations,False,2026-04-08 21:59:42,2026-04-09 08:53:00,unknown_backfilled,39198.0,experiment_log2026-04-08_21-59-42.log,,
d7b41ae4,test_get_pipet,False,2026-04-09 09:21:16,2026-04-09 09:24:35,unknown_backfilled,199.0,experiment_log2026-04-09_09-21-16.log,,
cd430e6c,test_get_pipet,False,2026-04-09 09:25:24,2026-04-09 09:25:50,unknown_backfilled,26.0,experiment_log2026-04-09_09-25-24.log,,
a26be693,test_get_pipet,False,2026-04-09 09:26:16,2026-04-09 09:26:42,unknown_backfilled,26.0,experiment_log2026-04-09_09-26-16.log,,
2c94ae8f,test_get_pipet,False,2026-04-09 09:28:02,2026-04-09 09:30:54,unknown_backfilled,172.0,experiment_log2026-04-09_09-28-02.log,,
8edb765e,test_get_pipet,False,2026-04-09 09:34:02,2026-04-09 09:35:12,unknown_backfilled,70.0,experiment_log2026-04-09_09-34-02.log,,
67503f6d,test_get_pipet,False,2026-04-09 09:35:33,2026-04-09 09:37:49,unknown_backfilled,136.0,experiment_log2026-04-09_09-35-33.log,,
b36425fa,enhanced_SP_arm_position_program_v1.1_xy_coordinate_system,False,2026-04-09 09:38:23,2026-04-09 09:38:44,unknown_backfilled,21.0,experiment_log2026-04-09_09-38-23.log,,
55a89d27,test_get_pipet,False,2026-04-09 09:51:39,2026-04-09 09:57:30,unknown_backfilled,351.0,experiment_log2026-04-09_09-51-39.log,,
758d65d1,test_get_pipet,False,2026-04-09 09:59:03,2026-04-09 10:00:23,unknown_backfilled,80.0,experiment_log2026-04-09_09-59-03.log,,
87ac7bfb,test_get_pipet,False,2026-04-09 10:04:05,2026-04-09 10:04:56,unknown_backfilled,51.0,experiment_log2026-04-09_10-04-05.log,,
2a23db53,test_get_pipet,False,2026-04-09 10:05:11,2026-04-09 10:12:12,unknown_backfilled,421.0,experiment_log2026-04-09_10-05-11.log,,
2ba4c035,test_get_pipet,False,2026-04-09 10:47:50,2026-04-09 10:55:13,unknown_backfilled,443.0,experiment_log2026-04-09_10-47-50.log,,
f3926cc7,test_get_pipet,False,2026-04-09 10:59:19,2026-04-09 10:59:44,unknown_backfilled,25.0,experiment_log2026-04-09_10-59-19.log,,
c605ca34,test_get_pipet,False,2026-04-09 11:04:56,2026-04-09 11:05:15,unknown_backfilled,19.0,experiment_log2026-04-09_11-04-56.log,,
22e74b2c,test_get_pipet,False,2026-04-09 11:05:19,2026-04-09 11:05:32,unknown_backfilled,13.0,experiment_log2026-04-09_11-05-19.log,,
806de809,test_get_pipet,False,2026-04-09 11:05:43,2026-04-09 11:09:55,unknown_backfilled,252.0,experiment_log2026-04-09_11-05-43.log,,
ab4a4d21,test_get_pipet,False,2026-04-09 11:12:06,2026-04-09 11:16:49,unknown_backfilled,283.0,experiment_log2026-04-09_11-12-06.log,,
181eacae,surfactant_grid_adaptive_concentrations,False,2026-04-09 11:23:35,2026-04-09 11:24:31,unknown_backfilled,56.0,experiment_log2026-04-09_11-23-35.log,,
6f55d335,test_get_pipet,False,2026-04-09 11:32:47,2026-04-09 11:33:11,unknown_backfilled,24.0,experiment_log2026-04-09_11-32-47.log,,
4ecec41b,test_get_pipet,False,2026-04-09 11:33:24,2026-04-09 11:33:32,unknown_backfilled,8.0,experiment_log2026-04-09_11-33-24.log,,
f30e02a1,test_get_pipet,False,2026-04-09 11:40:43,2026-04-09 11:41:35,unknown_backfilled,52.0,experiment_log2026-04-09_11-40-43.log,,
866c9eb6,test_get_pipet,False,2026-04-09 11:41:51,2026-04-09 11:42:03,unknown_backfilled,12.0,experiment_log2026-04-09_11-41-51.log,,
fec70a7a,test_get_pipet,False,2026-04-09 11:44:59,2026-04-09 11:51:56,unknown_backfilled,417.0,experiment_log2026-04-09_11-44-59.log,,
cf307fb6,test_get_pipet,False,2026-04-09 11:55:15,2026-04-09 11:56:01,unknown_backfilled,46.0,experiment_log2026-04-09_11-55-15.log,,
6df83953,test_get_pipet,False,2026-04-09 11:56:08,2026-04-09 12:03:09,unknown_backfilled,421.0,experiment_log2026-04-09_11-56-08.log,,
1acceb83,color_mixing,False,2026-04-09 12:13:23,2026-04-09 15:27:10,unknown_backfilled,11627.0,experiment_log2026-04-09_12-13-23.log,,
ca533367,surfactant_grid_adaptive_concentrations,False,2026-04-09 15:33:41,2026-04-09 15:40:15,unknown_backfilled,394.0,experiment_log2026-04-09_15-33-41.log,,
c4f69e3d,unknown,False,2026-04-10 10:13:58,2026-04-10 10:13:58,unknown_backfilled,0.0,experiment_log2026-04-10_10-13-58.log,,
80b30c26,unknown,False,2026-04-10 10:16:24,2026-04-10 10:16:24,unknown_backfilled,0.0,experiment_log2026-04-10_10-16-23.log,,
50911478,surfactant_grid_adaptive_concentrations,False,2026-04-10 10:21:09,2026-04-10 10:23:55,unknown_backfilled,166.0,experiment_log2026-04-10_10-21-09.log,,
77e93a3b,color_mixing,False,2026-04-10 11:00:11,2026-04-10 11:50:39,unknown_backfilled,3028.0,experiment_log2026-04-10_11-00-11.log,,
faf27326,color_mixing,False,2026-04-10 11:55:47,2026-04-10 11:56:59,unknown_backfilled,72.0,experiment_log2026-04-10_11-55-47.log,,
0a45efb3,color_mixing,False,2026-04-10 12:07:05,2026-04-10 12:07:22,unknown_backfilled,17.0,experiment_log2026-04-10_12-07-05.log,,
ef2dbcc1,color_mixing,False,2026-04-10 12:07:45,2026-04-10 15:15:51,unknown_backfilled,11286.0,experiment_log2026-04-10_12-07-45.log,,
ff030497,unknown,False,2026-04-13 11:23:41,2026-04-13 11:24:49,unknown_backfilled,68.0,experiment_log2026-04-13_11-23-41.log,,
ebc21666,unknown,False,2026-04-13 11:28:23,2026-04-13 11:28:40,unknown_backfilled,17.0,experiment_log2026-04-13_11-28-23.log,,
62ce0219,unknown,False,2026-04-13 11:28:59,2026-04-13 11:29:57,unknown_backfilled,58.0,experiment_log2026-04-13_11-28-59.log,,
7d81343c,color_mixing,False,2026-04-13 11:30:33,2026-04-13 11:30:43,unknown_backfilled,10.0,experiment_log2026-04-13_11-30-33.log,,
b5e4afec,unknown,False,2026-04-13 11:31:07,2026-04-13 11:33:07,unknown_backfilled,120.0,experiment_log2026-04-13_11-31-07.log,,
4dbe8424,unknown,False,2026-04-13 11:34:33,2026-04-13 11:36:36,unknown_backfilled,123.0,experiment_log2026-04-13_11-34-33.log,,
babf35eb,unknown,False,2026-04-13 11:52:21,2026-04-13 11:55:28,unknown_backfilled,187.0,experiment_log2026-04-13_11-52-21.log,,
70d99698,unknown,False,2026-04-13 11:59:22,2026-04-13 12:00:03,unknown_backfilled,41.0,experiment_log2026-04-13_11-59-22.log,,
a898ac14,unknown,False,2026-04-13 12:01:02,2026-04-13 12:13:26,unknown_backfilled,744.0,experiment_log2026-04-13_12-01-02.log,,
27085078,unknown,False,2026-04-13 12:44:17,2026-04-13 12:47:12,unknown_backfilled,175.0,experiment_log2026-04-13_12-44-17.log,,
58f30a9c,unknown,False,2026-04-13 13:51:52,2026-04-13 14:04:51,unknown_backfilled,779.0,experiment_log2026-04-13_13-51-52.log,,
77094fee,unknown,False,2026-04-13 14:06:42,2026-04-13 14:08:00,unknown_backfilled,78.0,experiment_log2026-04-13_14-06-42.log,,
b0edc47d,unknown,False,2026-04-13 14:29:12,2026-04-13 14:31:48,unknown_backfilled,156.0,experiment_log2026-04-13_14-29-12.log,,
ce23d1c5,unknown,False,2026-04-13 14:49:08,2026-04-13 14:56:30,unknown_backfilled,442.0,experiment_log2026-04-13_14-49-08.log,,
ec077c7f,unknown,False,2026-04-13 14:56:57,2026-04-13 14:56:57,unknown_backfilled,0.0,experiment_log2026-04-13_14-56-57.log,,
18759975,color_mixing,False,2026-04-13 14:57:52,2026-04-13 14:57:56,unknown_backfilled,4.0,experiment_log2026-04-13_14-57-52.log,,
b9d9cabc,unknown,False,2026-04-13 15:00:41,2026-04-13 15:00:41,unknown_backfilled,0.0,experiment_log2026-04-13_15-00-41.log,,
d826791e,color_mixing,False,2026-04-13 15:01:21,2026-04-13 15:01:24,unknown_backfilled,3.0,experiment_log2026-04-13_15-01-21.log,,
43c9dece,color_mixing,False,2026-04-13 15:02:09,2026-04-13 15:02:12,unknown_backfilled,3.0,experiment_log2026-04-13_15-02-09.log,,
fbcab8ed,color_mixing,False,2026-04-13 15:03:50,2026-04-13 15:05:20,unknown_backfilled,90.0,experiment_log2026-04-13_15-03-50.log,,
16aac0d3,unknown,False,2026-04-13 15:07:04,2026-04-13 15:10:49,unknown_backfilled,225.0,experiment_log2026-04-13_15-07-04.log,,
dfcb6f62,unknown,False,2026-04-13 15:14:01,2026-04-13 15:17:18,unknown_backfilled,197.0,experiment_log2026-04-13_15-14-01.log,,
61c4c309,unknown,False,2026-04-13 15:21:38,2026-04-13 15:23:53,unknown_backfilled,135.0,experiment_log2026-04-13_15-21-38.log,,
f12a3d2e,unknown,False,2026-04-13 15:25:05,2026-04-13 15:26:11,unknown_backfilled,66.0,experiment_log2026-04-13_15-25-05.log,,
24fe3e2f,unknown,False,2026-04-13 15:42:30,2026-04-13 15:42:34,unknown_backfilled,4.0,experiment_log2026-04-13_15-42-30.log,,
08230fcb,unknown,False,2026-04-13 15:43:22,2026-04-13 15:43:36,unknown_backfilled,14.0,experiment_log2026-04-13_15-43-22.log,,
c3b92b23,unknown,False,2026-04-13 15:46:13,2026-04-13 15:46:18,unknown_backfilled,5.0,experiment_log2026-04-13_15-46-13.log,,
2c4a5ba6,unknown,False,2026-04-13 15:46:48,2026-04-13 15:56:19,unknown_backfilled,571.0,experiment_log2026-04-13_15-46-48.log,,
5a327885,unknown,False,2026-04-13 16:03:27,2026-04-13 16:08:34,unknown_backfilled,307.0,experiment_log2026-04-13_16-03-27.log,,
bdf1efe6,unknown,False,2026-04-13 16:09:01,2026-04-13 16:18:35,unknown_backfilled,574.0,experiment_log2026-04-13_16-09-01.log,,
1613802a,unknown,False,2026-04-13 16:19:22,2026-04-13 16:27:40,unknown_backfilled,498.0,experiment_log2026-04-13_16-19-22.log,,
0ac1c3d5,unknown,False,2026-04-13 16:28:08,2026-04-13 16:32:28,unknown_backfilled,260.0,experiment_log2026-04-13_16-28-08.log,,
29dc5655,unknown,False,2026-04-13 16:32:47,2026-04-13 16:38:55,unknown_backfilled,368.0,experiment_log2026-04-13_16-32-47.log,,
f7ad4da5,color_mixing,False,2026-04-13 16:39:22,2026-04-13 16:39:35,unknown_backfilled,13.0,experiment_log2026-04-13_16-39-22.log,,
fe4aad4a,surfactant_grid_adaptive_concentrations,False,2026-04-13 16:44:45,2026-04-13 16:50:22,unknown_backfilled,337.0,experiment_log2026-04-13_16-44-45.log,,
ce9d2031,Degradation_serena,False,2026-04-14 11:01:04,2026-04-14 11:04:38,unknown_backfilled,214.0,experiment_log2026-04-14_11-01-04.log,,
bf5c4038,capdecap,False,2026-04-14 11:46:25,2026-04-14 11:47:35,unknown_backfilled,70.0,experiment_log2026-04-14_11-46-25.log,,
e9329587,capdecap,False,2026-04-14 11:47:51,2026-04-14 11:49:33,unknown_backfilled,102.0,experiment_log2026-04-14_11-47-51.log,,
42607c0f,capdecap,False,2026-04-14 11:49:41,2026-04-14 11:51:06,unknown_backfilled,85.0,experiment_log2026-04-14_11-49-41.log,,
3afc99ae,capdecap,False,2026-04-14 11:54:55,2026-04-14 11:55:10,unknown_backfilled,15.0,experiment_log2026-04-14_11-54-55.log,,
fae6b7a4,capdecap,False,2026-04-14 11:55:22,2026-04-14 11:56:18,unknown_backfilled,56.0,experiment_log2026-04-14_11-55-22.log,,
d9c36f21,unknown,False,2026-04-14 11:58:42,2026-04-14 11:59:48,unknown_backfilled,66.0,experiment_log2026-04-14_11-58-42.log,,
abc616b9,capdecap,False,2026-04-14 11:59:54,2026-04-14 12:00:07,unknown_backfilled,13.0,experiment_log2026-04-14_11-59-54.log,,
21b029f8,capdecap,False,2026-04-14 12:00:23,2026-04-14 12:00:41,unknown_backfilled,18.0,experiment_log2026-04-14_12-00-23.log,,
d07ad361,capdecap,False,2026-04-14 12:01:00,2026-04-14 12:02:24,unknown_backfilled,84.0,experiment_log2026-04-14_12-01-00.log,,
849628e9,capdecap,False,2026-04-14 12:03:01,2026-04-14 12:04:23,unknown_backfilled,82.0,experiment_log2026-04-14_12-03-01.log,,
06a68cd1,Degradation_serena,False,2026-04-14 12:09:25,2026-04-14 12:10:04,unknown_backfilled,39.0,experiment_log2026-04-14_12-09-25.log,,
026d85c0,Degradation_serena,False,2026-04-14 12:10:07,2026-04-14 12:10:25,unknown_backfilled,18.0,experiment_log2026-04-14_12-10-07.log,,
7eeafe55,Degradation_serena,False,2026-04-14 12:18:18,2026-04-14 13:30:40,unknown_backfilled,4342.0,experiment_log2026-04-14_12-18-18.log,,
62154ab3,Degradation_serena,False,2026-04-14 13:34:23,2026-04-14 13:36:12,unknown_backfilled,109.0,experiment_log2026-04-14_13-34-23.log,,
baf0549d,Degradation_serena,False,2026-04-14 13:36:45,2026-04-14 13:37:48,unknown_backfilled,63.0,experiment_log2026-04-14_13-36-45.log,,
74bd9ab6,surfactant_grid_adaptive_concentrations,False,2026-04-14 15:11:47,2026-04-14 15:16:53,unknown_backfilled,306.0,experiment_log2026-04-14_15-11-47.log,,
af22a74b,surfactant_grid_adaptive_concentrations,False,2026-04-14 16:07:03,2026-04-14 16:07:12,unknown_backfilled,9.0,experiment_log2026-04-14_16-07-03.log,,
cf834924,surfactant_grid_adaptive_concentrations,False,2026-04-14 16:09:05,2026-04-14 16:09:13,unknown_backfilled,8.0,experiment_log2026-04-14_16-09-05.log,,
92f2185f,surfactant_grid_adaptive_concentrations,False,2026-04-14 16:09:36,2026-04-14 16:09:46,unknown_backfilled,10.0,experiment_log2026-04-14_16-09-36.log,,
8e6dae19,surfactant_grid_adaptive_concentrations,False,2026-04-14 16:12:30,2026-04-14 16:36:47,unknown_backfilled,1457.0,experiment_log2026-04-14_16-12-30.log,,
9a22d09a,surfactant_grid_adaptive_concentrations,False,2026-04-14 16:38:25,2026-04-14 16:38:44,unknown_backfilled,19.0,experiment_log2026-04-14_16-38-25.log,,
1e3d9038,surfactant_grid_adaptive_concentrations,False,2026-04-14 16:40:27,2026-04-14 16:41:13,unknown_backfilled,46.0,experiment_log2026-04-14_16-40-27.log,,
d56c8705,surfactant_grid_adaptive_concentrations,False,2026-04-14 16:41:16,2026-04-14 16:42:34,unknown_backfilled,78.0,experiment_log2026-04-14_16-41-16.log,,
4a000f0c,surfactant_grid_adaptive_concentrations,False,2026-04-14 16:46:54,2026-04-15 10:12:46,unknown_backfilled,62752.0,experiment_log2026-04-14_16-46-54.log,,
533f32a3,glycerol_dispense_baseline,False,2026-04-15 12:08:40,2026-04-15 12:09:35,unknown_backfilled,55.0,experiment_log2026-04-15_12-08-40.log,,
62f6c72f,glycerol_dispense_baseline,False,2026-04-15 12:12:41,2026-04-15 12:18:12,unknown_backfilled,331.0,experiment_log2026-04-15_12-12-41.log,,
55619a83,glycerol_dispense_baseline,False,2026-04-15 12:25:02,2026-04-15 12:25:23,unknown_backfilled,21.0,experiment_log2026-04-15_12-25-02.log,,
8b025d81,glycerol_dispense_baseline,False,2026-04-15 12:27:11,2026-04-15 12:28:18,unknown_backfilled,67.0,experiment_log2026-04-15_12-27-11.log,,
b0f8f4d1,glycerol_dispense_baseline,False,2026-04-15 12:28:27,2026-04-15 17:43:01,unknown_backfilled,18874.0,experiment_log2026-04-15_12-28-27.log,,
c1f2a4af,surfactant_grid_adaptive_concentrations,False,2026-04-15 17:54:18,2026-04-15 18:00:00,unknown_backfilled,342.0,experiment_log2026-04-15_17-54-18.log,,
69108ce8,surfactant_grid_adaptive_concentrations,False,2026-04-17 10:23:12,2026-04-17 10:30:06,unknown_backfilled,414.0,experiment_log2026-04-17_10-23-12.log,,
43a4dd60,unknown,False,2026-04-17 13:21:24,2026-04-17 13:23:03,unknown_backfilled,99.0,experiment_log2026-04-17_13-21-24.log,,
0a83d831,unknown,False,2026-04-17 13:25:42,2026-04-17 13:26:40,unknown_backfilled,58.0,experiment_log2026-04-17_13-25-42.log,,
9f6812c9,unknown,False,2026-04-17 13:27:27,2026-04-17 13:29:42,unknown_backfilled,135.0,experiment_log2026-04-17_13-27-27.log,,
78f78bc4,unknown,False,2026-04-17 13:30:56,2026-04-17 13:33:15,unknown_backfilled,139.0,experiment_log2026-04-17_13-30-56.log,,
aeea91cd,unknown,False,2026-04-17 13:43:17,2026-04-17 13:45:30,unknown_backfilled,133.0,experiment_log2026-04-17_13-43-17.log,,
c0b690b6,unknown,False,2026-04-17 13:46:16,2026-04-17 14:02:44,unknown_backfilled,988.0,experiment_log2026-04-17_13-46-16.log,,
aceb0f30,unknown,False,2026-04-17 14:05:00,2026-04-17 14:06:57,unknown_backfilled,117.0,experiment_log2026-04-17_14-05-00.log,,
4054f088,unknown,False,2026-04-17 14:12:13,2026-04-17 14:20:21,unknown_backfilled,488.0,experiment_log2026-04-17_14-12-13.log,,
a1852afc,unknown,False,2026-04-17 14:22:23,2026-04-17 14:28:21,unknown_backfilled,358.0,experiment_log2026-04-17_14-22-23.log,,
127bce20,unknown,False,2026-04-17 14:31:46,2026-04-17 14:34:53,unknown_backfilled,187.0,experiment_log2026-04-17_14-31-46.log,,
b2c203a7,unknown,False,2026-04-17 14:35:36,2026-04-17 14:35:36,unknown_backfilled,0.0,experiment_log2026-04-17_14-35-36.log,,
93c92426,unknown,False,2026-04-17 14:41:44,2026-04-17 14:45:42,unknown_backfilled,238.0,experiment_log2026-04-17_14-41-44.log,,
cd0386be,unknown,False,2026-04-17 14:46:28,2026-04-17 14:46:28,unknown_backfilled,0.0,experiment_log2026-04-17_14-46-28.log,,
b6aca942,unknown,False,2026-04-17 14:51:14,2026-04-17 14:52:25,unknown_backfilled,71.0,experiment_log2026-04-17_14-51-14.log,,
0c2a27c3,unknown,False,2026-04-17 14:54:13,2026-04-17 14:56:00,unknown_backfilled,107.0,experiment_log2026-04-17_14-54-13.log,,
f3fab0e4,unknown,False,2026-04-17 14:58:20,2026-04-17 15:00:27,unknown_backfilled,127.0,experiment_log2026-04-17_14-58-20.log,,
6923a670,unknown,False,2026-04-17 15:01:36,2026-04-17 15:06:27,unknown_backfilled,291.0,experiment_log2026-04-17_15-01-36.log,,
b5abb39b,unknown,False,2026-04-17 15:06:38,2026-04-17 15:06:38,unknown_backfilled,0.0,experiment_log2026-04-17_15-06-38.log,,
7ef56168,unknown,False,2026-04-17 15:15:40,2026-04-17 15:22:14,unknown_backfilled,394.0,experiment_log2026-04-17_15-15-40.log,,
c292e0db,unknown,False,2026-04-17 15:22:53,2026-04-17 15:28:44,unknown_backfilled,351.0,experiment_log2026-04-17_15-22-53.log,,
ee94601b,unknown,False,2026-04-17 15:36:49,2026-04-17 15:43:15,unknown_backfilled,386.0,experiment_log2026-04-17_15-36-49.log,,
05d175b0,unknown,False,2026-04-17 15:47:18,2026-04-17 15:50:33,unknown_backfilled,195.0,experiment_log2026-04-17_15-47-18.log,,
20dce7c9,unknown,False,2026-04-17 15:56:08,2026-04-17 16:02:27,unknown_backfilled,379.0,experiment_log2026-04-17_15-56-08.log,,
1bc8893d,unknown,False,2026-04-17 16:02:39,2026-04-17 16:02:39,unknown_backfilled,0.0,experiment_log2026-04-17_16-02-39.log,,
b206dc5c,unknown,False,2026-04-17 16:09:33,2026-04-17 16:15:44,unknown_backfilled,371.0,experiment_log2026-04-17_16-09-33.log,,
f12fa878,unknown,False,2026-04-17 16:15:56,2026-04-17 16:15:56,unknown_backfilled,0.0,experiment_log2026-04-17_16-15-56.log,,
52d3bffd,unknown,False,2026-04-17 16:25:36,2026-04-17 16:26:30,unknown_backfilled,54.0,experiment_log2026-04-17_16-25-36.log,,
c599656f,unknown,False,2026-04-17 16:26:44,2026-04-17 16:50:57,unknown_backfilled,1453.0,experiment_log2026-04-17_16-26-44.log,,
8ab9b440,unknown,False,2026-04-17 16:55:48,2026-04-17 16:56:25,unknown_backfilled,37.0,experiment_log2026-04-17_16-55-48.log,,
f6b4cb11,unknown,False,2026-04-17 17:01:40,2026-04-17 17:07:49,unknown_backfilled,369.0,experiment_log2026-04-17_17-01-40.log,,
bd0c1073,unknown,False,2026-04-17 17:08:39,2026-04-17 17:13:24,unknown_backfilled,285.0,experiment_log2026-04-17_17-08-39.log,,
d47789e6,unknown,False,2026-04-17 17:15:17,2026-04-17 17:15:52,unknown_backfilled,35.0,experiment_log2026-04-17_17-15-17.log,,
5bc178dd,unknown,False,2026-04-17 17:20:22,2026-04-17 17:20:56,unknown_backfilled,34.0,experiment_log2026-04-17_17-20-22.log,,
02096f47,unknown,False,2026-04-17 17:22:43,2026-04-17 17:23:16,unknown_backfilled,33.0,experiment_log2026-04-17_17-22-43.log,,
7f15586a,unknown,False,2026-04-17 17:26:49,2026-04-17 17:28:17,unknown_backfilled,88.0,experiment_log2026-04-17_17-26-49.log,,
cffa7e45,unknown,False,2026-04-17 17:32:37,2026-04-17 17:34:07,unknown_backfilled,90.0,experiment_log2026-04-17_17-32-37.log,,
96206530,unknown,False,2026-04-17 17:37:37,2026-04-17 17:41:36,unknown_backfilled,239.0,experiment_log2026-04-17_17-37-37.log,,
ad5d66bf,unknown,False,2026-04-17 17:42:08,2026-04-17 17:42:44,unknown_backfilled,36.0,experiment_log2026-04-17_17-42-08.log,,
b760cd98,unknown,False,2026-04-17 18:08:30,2026-04-17 18:12:18,unknown_backfilled,228.0,experiment_log2026-04-17_18-08-30.log,,
951696eb,unknown,False,2026-04-17 18:12:45,2026-04-17 18:14:14,unknown_backfilled,89.0,experiment_log2026-04-17_18-12-45.log,,
14f03707,unknown,False,2026-04-17 18:20:58,2026-04-17 18:24:38,unknown_backfilled,220.0,experiment_log2026-04-17_18-20-58.log,,
15530669,unknown,False,2026-04-17 18:24:58,2026-04-17 18:26:28,unknown_backfilled,90.0,experiment_log2026-04-17_18-24-58.log,,
fa2f2e97,unknown,False,2026-04-17 18:42:42,2026-04-17 18:46:28,unknown_backfilled,226.0,experiment_log2026-04-17_18-42-42.log,,
94fc4815,unknown,False,2026-04-17 18:46:44,2026-04-17 18:48:58,unknown_backfilled,134.0,experiment_log2026-04-17_18-46-44.log,,
b605a2a5,surfactant_grid_adaptive_concentrations,False,2026-04-17 19:06:45,2026-04-17 19:07:45,unknown_backfilled,60.0,experiment_log2026-04-17_19-06-45.log,,
7cdb71aa,surfactant_grid_adaptive_concentrations,False,2026-04-17 19:08:14,2026-04-18 12:48:15,unknown_backfilled,63601.0,experiment_log2026-04-17_19-08-14.log,,
292fb326,unknown,False,2026-04-20 14:35:46,2026-04-20 14:36:49,unknown_backfilled,63.0,experiment_log2026-04-20_14-35-46.log,,
130dec66,unknown,False,2026-04-20 14:37:26,2026-04-20 14:41:04,unknown_backfilled,218.0,experiment_log2026-04-20_14-37-26.log,,
45fc4c76,unknown,False,2026-04-20 14:41:28,2026-04-20 14:44:30,unknown_backfilled,182.0,experiment_log2026-04-20_14-41-28.log,,
f11cb6c8,capdecap,False,2026-04-20 14:54:50,2026-04-20 14:56:14,unknown_backfilled,84.0,experiment_log2026-04-20_14-54-50.log,,
d335667c,unknown,False,2026-04-20 15:08:27,2026-04-20 15:13:27,unknown_backfilled,300.0,experiment_log2026-04-20_15-08-27.log,,
233e2728,unknown,False,2026-04-20 15:13:45,2026-04-20 15:15:09,unknown_backfilled,84.0,experiment_log2026-04-20_15-13-45.log,,
e27724e7,capdecap,False,2026-04-20 15:24:10,2026-04-20 15:25:31,unknown_backfilled,81.0,experiment_log2026-04-20_15-24-10.log,,
44e6e4d6,capdecap,False,2026-04-20 15:25:55,2026-04-20 15:27:16,unknown_backfilled,81.0,experiment_log2026-04-20_15-25-55.log,,
380e1083,unknown,False,2026-04-20 15:28:20,2026-04-20 15:31:57,unknown_backfilled,217.0,experiment_log2026-04-20_15-28-20.log,,
3f8d5c22,unknown,False,2026-04-20 15:32:12,2026-04-20 15:34:55,unknown_backfilled,163.0,experiment_log2026-04-20_15-32-12.log,,
7618d916,capdecap,False,2026-04-20 15:47:45,2026-04-20 15:49:06,unknown_backfilled,81.0,experiment_log2026-04-20_15-47-45.log,,
ee7b6006,unknown,False,2026-04-20 15:51:58,2026-04-20 15:54:48,unknown_backfilled,170.0,experiment_log2026-04-20_15-51-58.log,,
edee361d,unknown,False,2026-04-20 15:55:07,2026-04-20 16:08:16,unknown_backfilled,789.0,experiment_log2026-04-20_15-55-07.log,,
2283ac60,unknown,False,2026-04-20 16:08:36,2026-04-20 16:13:13,unknown_backfilled,277.0,experiment_log2026-04-20_16-08-36.log,,
2d926a6e,unknown,False,2026-04-20 16:13:35,2026-04-20 16:17:05,unknown_backfilled,210.0,experiment_log2026-04-20_16-13-35.log,,
28e5d26b,unknown,False,2026-04-20 16:21:22,2026-04-20 16:27:53,unknown_backfilled,391.0,experiment_log2026-04-20_16-21-22.log,,
05aacf1e,unknown,False,2026-04-20 16:28:38,2026-04-20 16:30:05,unknown_backfilled,87.0,experiment_log2026-04-20_16-28-38.log,,
960d446d,unknown,False,2026-04-20 16:46:10,2026-04-20 16:49:18,unknown_backfilled,188.0,experiment_log2026-04-20_16-46-10.log,,
2bba020b,unknown,False,2026-04-20 16:49:48,2026-04-20 16:53:02,unknown_backfilled,194.0,experiment_log2026-04-20_16-49-48.log,,
b6f08b48,unknown,False,2026-04-20 16:58:18,2026-04-20 17:00:20,unknown_backfilled,122.0,experiment_log2026-04-20_16-58-18.log,,
12edcb7a,unknown,False,2026-04-20 17:00:38,2026-04-20 17:03:03,unknown_backfilled,145.0,experiment_log2026-04-20_17-00-38.log,,
dc82c634,surfactant_grid_adaptive_concentrations,False,2026-04-20 17:08:47,2026-04-20 17:13:41,unknown_backfilled,294.0,experiment_log2026-04-20_17-08-47.log,,
69ddb620,unknown,False,2026-04-20 17:15:25,2026-04-20 17:20:42,unknown_backfilled,317.0,experiment_log2026-04-20_17-15-25.log,,
ab14999b,unknown,False,2026-04-20 17:53:37,2026-04-20 17:58:52,unknown_backfilled,315.0,experiment_log2026-04-20_17-53-37.log,,
07c0d00a,unknown,False,2026-04-20 18:01:33,2026-04-20 18:02:54,unknown_backfilled,81.0,experiment_log2026-04-20_18-01-33.log,,
ad03800a,unknown,False,2026-04-20 18:07:04,2026-04-20 18:09:01,unknown_backfilled,117.0,experiment_log2026-04-20_18-07-04.log,,
d45d78e4,unknown,False,2026-04-20 18:10:37,2026-04-20 18:12:45,unknown_backfilled,128.0,experiment_log2026-04-20_18-10-37.log,,
62f77463,unknown,False,2026-04-20 18:16:05,2026-04-20 18:18:14,unknown_backfilled,129.0,experiment_log2026-04-20_18-16-05.log,,
c8040489,unknown,False,2026-04-20 18:18:28,2026-04-20 18:20:03,unknown_backfilled,95.0,experiment_log2026-04-20_18-18-28.log,,
0c023c42,unknown,False,2026-04-20 18:25:52,2026-04-20 18:29:55,unknown_backfilled,243.0,experiment_log2026-04-20_18-25-52.log,,
02acf15f,unknown,False,2026-04-20 18:30:31,2026-04-20 18:31:30,unknown_backfilled,59.0,experiment_log2026-04-20_18-30-31.log,,
d477aa9f,unknown,False,2026-04-20 18:31:32,2026-04-20 18:31:53,unknown_backfilled,21.0,experiment_log2026-04-20_18-31-32.log,,
c6c2090b,unknown,False,2026-04-20 18:32:30,2026-04-20 18:34:08,unknown_backfilled,98.0,experiment_log2026-04-20_18-32-30.log,,
4f068fe8,unknown,False,2026-04-20 18:34:22,2026-04-20 18:35:27,unknown_backfilled,65.0,experiment_log2026-04-20_18-34-22.log,,
e1f65f35,unknown,False,2026-04-20 18:35:49,2026-04-20 18:37:59,unknown_backfilled,130.0,experiment_log2026-04-20_18-35-49.log,,
6cab6cae,unknown,False,2026-04-20 18:38:21,2026-04-20 18:40:21,unknown_backfilled,120.0,experiment_log2026-04-20_18-38-21.log,,
75899b51,unknown,False,2026-04-20 18:40:23,2026-04-20 18:40:32,unknown_backfilled,9.0,experiment_log2026-04-20_18-40-23.log,,
72b79878,unknown,False,2026-04-20 18:42:42,2026-04-20 18:44:24,unknown_backfilled,102.0,experiment_log2026-04-20_18-42-42.log,,
0506494c,unknown,False,2026-04-20 18:44:40,2026-04-20 18:46:02,unknown_backfilled,82.0,experiment_log2026-04-20_18-44-40.log,,
763a5a80,unknown,False,2026-04-20 18:47:16,2026-04-20 18:49:02,unknown_backfilled,106.0,experiment_log2026-04-20_18-47-16.log,,
c2ad2fe2,unknown,False,2026-04-20 18:59:40,2026-04-20 19:01:26,unknown_backfilled,106.0,experiment_log2026-04-20_18-59-40.log,,
322b373b,unknown,False,2026-04-20 19:01:41,2026-04-20 19:03:38,unknown_backfilled,117.0,experiment_log2026-04-20_19-01-41.log,,
de7fdf3a,surfactant_grid_adaptive_concentrations,False,2026-04-20 20:11:33,2026-04-20 20:53:16,unknown_backfilled,2503.0,experiment_log2026-04-20_20-11-33.log,,
160b03e7,enhanced_SP_arm_position_program_v1.1_xy_coordinate_system,False,2026-04-21 09:00:40,2026-04-21 09:02:30,unknown_backfilled,110.0,experiment_log2026-04-21_09-00-40.log,,
c1dc3345,enhanced_SP_arm_position_program_v1.1_xy_coordinate_system,False,2026-04-21 09:10:06,2026-04-21 09:11:24,unknown_backfilled,78.0,experiment_log2026-04-21_09-10-06.log,,
02b90fb5,test_move_vial,False,2026-04-21 09:15:03,2026-04-21 09:15:35,unknown_backfilled,32.0,experiment_log2026-04-21_09-15-03.log,,
66647faa,enhanced_SP_arm_position_program_v1.1_xy_coordinate_system,False,2026-04-21 09:16:39,2026-04-21 09:16:55,unknown_backfilled,16.0,experiment_log2026-04-21_09-16-39.log,,
66a35b1f,unknown,False,2026-04-21 10:57:26,2026-04-21 11:00:14,unknown_backfilled,168.0,experiment_log2026-04-21_10-57-26.log,,
442551e5,unknown,False,2026-04-21 11:00:52,2026-04-21 11:01:14,unknown_backfilled,22.0,experiment_log2026-04-21_11-00-52.log,,
3faf9aeb,unknown,False,2026-04-21 11:03:16,2026-04-21 11:05:12,unknown_backfilled,116.0,experiment_log2026-04-21_11-03-16.log,,
e048c7d9,capdecap,False,2026-04-21 11:05:30,2026-04-21 11:07:08,unknown_backfilled,98.0,experiment_log2026-04-21_11-05-30.log,,
50d3cae6,unknown,False,2026-04-21 11:12:01,2026-04-21 11:19:41,unknown_backfilled,460.0,experiment_log2026-04-21_11-12-01.log,,
cc39e3d0,unknown,False,2026-04-21 11:20:18,2026-04-21 11:20:27,unknown_backfilled,9.0,experiment_log2026-04-21_11-20-18.log,,
acd8dc75,unknown,False,2026-04-21 11:20:48,2026-04-21 11:21:17,unknown_backfilled,29.0,experiment_log2026-04-21_11-20-48.log,,
aa32ee7c,unknown,False,2026-04-21 11:28:50,2026-04-21 11:33:23,unknown_backfilled,273.0,experiment_log2026-04-21_11-28-50.log,,
7d48d995,unknown,False,2026-04-21 11:41:37,2026-04-21 11:41:42,unknown_backfilled,5.0,experiment_log2026-04-21_11-41-37.log,,
62882b68,unknown,False,2026-04-21 11:45:28,2026-04-21 11:46:27,unknown_backfilled,59.0,experiment_log2026-04-21_11-45-28.log,,
d1eb25f6,unknown,False,2026-04-21 11:46:41,2026-04-21 11:51:13,unknown_backfilled,272.0,experiment_log2026-04-21_11-46-41.log,,
06107f8f,unknown,False,2026-04-21 11:51:32,2026-04-21 11:51:43,unknown_backfilled,11.0,experiment_log2026-04-21_11-51-32.log,,
655e7c1b,unknown,False,2026-04-21 12:02:53,2026-04-21 12:03:05,unknown_backfilled,12.0,experiment_log2026-04-21_12-02-53.log,,
d142bb39,unknown,False,2026-04-21 12:03:32,2026-04-21 12:07:30,unknown_backfilled,238.0,experiment_log2026-04-21_12-03-32.log,,
d4351e7c,unknown,False,2026-04-21 12:07:59,2026-04-21 12:08:11,unknown_backfilled,12.0,experiment_log2026-04-21_12-07-59.log,,
d11ac623,unknown,False,2026-04-21 12:15:54,2026-04-21 12:16:05,unknown_backfilled,11.0,experiment_log2026-04-21_12-15-54.log,,
672c99a7,unknown,False,2026-04-21 12:18:47,2026-04-21 12:18:47,unknown_backfilled,0.0,experiment_log2026-04-21_12-18-47.log,,
0e998771,unknown,False,2026-04-21 12:24:41,2026-04-21 12:29:48,unknown_backfilled,307.0,experiment_log2026-04-21_12-24-41.log,,
2dd91d30,unknown,False,2026-04-21 12:30:04,2026-04-21 12:30:50,unknown_backfilled,46.0,experiment_log2026-04-21_12-30-04.log,,
7d732a4b,unknown,False,2026-04-21 12:36:15,2026-04-21 12:39:07,unknown_backfilled,172.0,experiment_log2026-04-21_12-36-15.log,,
ff2e4121,unknown,False,2026-04-21 12:40:21,2026-04-21 12:57:08,unknown_backfilled,1007.0,experiment_log2026-04-21_12-40-21.log,,
083f70dc,unknown,False,2026-04-21 12:58:39,2026-04-21 12:59:13,unknown_backfilled,34.0,experiment_log2026-04-21_12-58-39.log,,
64df6248,unknown,False,2026-04-21 12:59:39,2026-04-21 12:59:45,unknown_backfilled,6.0,experiment_log2026-04-21_12-59-39.log,,
9cf1f6ee,unknown,False,2026-04-21 13:03:41,2026-04-21 14:14:37,unknown_backfilled,4256.0,experiment_log2026-04-21_13-03-41.log,,
d18face2,unknown,False,2026-04-21 14:59:33,2026-04-21 14:59:53,unknown_backfilled,20.0,experiment_log2026-04-21_14-59-33.log,,
9b0bc5c8,unknown,False,2026-04-21 15:00:04,2026-04-21 15:00:11,unknown_backfilled,7.0,experiment_log2026-04-21_15-00-04.log,,
21beb91b,unknown,False,2026-04-21 15:12:45,2026-04-21 15:24:45,unknown_backfilled,720.0,experiment_log2026-04-21_15-12-45.log,,
36bdaa3e,unknown,False,2026-04-21 15:25:46,2026-04-21 15:41:05,unknown_backfilled,919.0,experiment_log2026-04-21_15-25-46.log,,
c2a34ab1,unknown,False,2026-04-21 15:44:24,2026-04-21 15:51:44,unknown_backfilled,440.0,experiment_log2026-04-21_15-44-24.log,,
d8dfdca8,unknown,False,2026-04-21 15:54:57,2026-04-21 15:55:01,unknown_backfilled,4.0,experiment_log2026-04-21_15-54-57.log,,
6ad89459,unknown,False,2026-04-21 15:56:49,2026-04-21 16:03:28,unknown_backfilled,399.0,experiment_log2026-04-21_15-56-49.log,,
2f196cd0,unknown,False,2026-04-21 16:04:11,2026-04-21 16:16:48,unknown_backfilled,757.0,experiment_log2026-04-21_16-04-11.log,,
94bf2aa2,unknown,False,2026-04-21 17:03:54,2026-04-21 17:10:52,unknown_backfilled,418.0,experiment_log2026-04-21_17-03-54.log,,
b09e2f99,unknown,False,2026-04-21 17:11:42,2026-04-21 17:17:01,unknown_backfilled,319.0,experiment_log2026-04-21_17-11-42.log,,
478deba1,unknown,False,2026-04-21 17:20:41,2026-04-21 17:26:41,unknown_backfilled,360.0,experiment_log2026-04-21_17-20-41.log,,
17c8c747,unknown,False,2026-04-21 17:27:07,2026-04-21 17:39:36,unknown_backfilled,749.0,experiment_log2026-04-21_17-27-07.log,,
93ed1535,unknown,False,2026-04-21 18:02:07,2026-04-21 18:14:07,unknown_backfilled,720.0,experiment_log2026-04-21_18-02-07.log,,
40021a07,unknown,False,2026-04-21 18:14:58,2026-04-21 18:23:52,unknown_backfilled,534.0,experiment_log2026-04-21_18-14-58.log,,
fd2f0409,unknown,False,2026-04-21 18:34:52,2026-04-21 18:42:40,unknown_backfilled,468.0,experiment_log2026-04-21_18-34-52.log,,
6e4ed135,unknown,False,2026-04-21 18:56:55,2026-04-21 18:57:54,unknown_backfilled,59.0,experiment_log2026-04-21_18-56-55.log,,
9efec681,unknown,False,2026-04-21 18:57:55,2026-04-21 18:58:06,unknown_backfilled,11.0,experiment_log2026-04-21_18-57-55.log,,
9c2ed9b1,unknown,False,2026-04-21 18:59:35,2026-04-21 18:59:44,unknown_backfilled,9.0,experiment_log2026-04-21_18-59-35.log,,
b6dd05b5,unknown,False,2026-04-21 19:00:34,2026-04-21 19:02:08,unknown_backfilled,94.0,experiment_log2026-04-21_19-00-34.log,,
65345528,unknown,False,2026-04-21 19:03:14,2026-04-21 19:11:41,unknown_backfilled,507.0,experiment_log2026-04-21_19-03-14.log,,
b5035685,surfactant_grid_adaptive_concentrations,False,2026-04-21 19:19:49,2026-04-21 19:42:29,unknown_backfilled,1360.0,experiment_log2026-04-21_19-19-49.log,,
68adc6c7,surfactant_grid_adaptive_concentrations,False,2026-04-21 20:20:55,2026-04-21 20:21:15,unknown_backfilled,20.0,experiment_log2026-04-21_20-20-55.log,,
ae29ac2b,surfactant_grid_adaptive_concentrations,False,2026-04-21 20:21:26,2026-04-21 20:21:35,unknown_backfilled,9.0,experiment_log2026-04-21_20-21-26.log,,
186a0976,surfactant_grid_adaptive_concentrations,False,2026-04-21 20:26:05,2026-04-22 13:59:55,unknown_backfilled,63230.0,experiment_log2026-04-21_20-26-05.log,,
b49af411,enhanced_SP_arm_position_program_v1.1_xy_coordinate_system,False,2026-04-22 14:02:29,2026-04-22 17:26:31,unknown_backfilled,12242.0,experiment_log2026-04-22_14-02-29.log,,
96e421be,surfactant_grid_adaptive_concentrations,False,2026-04-22 14:28:14,2026-04-22 14:34:07,unknown_backfilled,353.0,experiment_log2026-04-22_14-28-14.log,,
9f55076f,surfactant_grid_adaptive_concentrations,False,2026-04-22 17:26:43,2026-04-22 17:28:00,unknown_backfilled,77.0,experiment_log2026-04-22_17-26-43.log,,
fef9fa9e,surfactant_grid_adaptive_concentrations,False,2026-04-22 17:31:49,2026-04-22 17:31:55,unknown_backfilled,6.0,experiment_log2026-04-22_17-31-49.log,,
371be93e,surfactant_grid_adaptive_concentrations,False,2026-04-22 17:32:19,2026-04-22 17:32:44,unknown_backfilled,25.0,experiment_log2026-04-22_17-32-19.log,,
02c0886f,surfactant_grid_adaptive_concentrations,False,2026-04-22 17:37:09,2026-04-22 17:37:18,unknown_backfilled,9.0,experiment_log2026-04-22_17-37-09.log,,
0112bd9d,surfactant_grid_adaptive_concentrations,False,2026-04-22 17:39:12,2026-04-22 17:41:00,unknown_backfilled,108.0,experiment_log2026-04-22_17-39-12.log,,
a1a22e08,surfactant_grid_adaptive_concentrations,False,2026-04-22 17:41:10,2026-04-22 17:47:30,unknown_backfilled,380.0,experiment_log2026-04-22_17-41-10.log,,
20caa44b,surfactant_grid_adaptive_concentrations,False,2026-04-22 17:47:39,2026-04-22 17:47:44,unknown_backfilled,5.0,experiment_log2026-04-22_17-47-39.log,,
74f0056a,surfactant_grid_adaptive_concentrations,False,2026-04-22 17:47:58,2026-04-23 12:35:13,unknown_backfilled,67635.0,experiment_log2026-04-22_17-47-58.log,,
cf392a5c,surfactant_grid_adaptive_concentrations,False,2026-04-23 13:08:54,2026-04-23 13:10:33,unknown_backfilled,99.0,experiment_log2026-04-23_13-08-54.log,,
6ce47c8c,glycerol_dispense_baseline,False,2026-04-23 13:27:32,2026-04-23 13:38:05,unknown_backfilled,633.0,experiment_log2026-04-23_13-27-32.log,,
48017fab,glycerol_dispense_baseline,False,2026-04-23 13:40:34,2026-04-23 13:44:05,unknown_backfilled,211.0,experiment_log2026-04-23_13-40-34.log,,
13e456a7,glycerol_dispense_baseline,False,2026-04-23 13:52:04,2026-04-23 13:57:02,unknown_backfilled,298.0,experiment_log2026-04-23_13-52-04.log,,
76861942,glycerol_dispense_baseline,False,2026-04-23 13:59:07,2026-04-23 13:59:15,unknown_backfilled,8.0,experiment_log2026-04-23_13-59-07.log,,
2324e117,glycerol_dispense_baseline,False,2026-04-23 14:02:37,2026-04-23 14:03:29,unknown_backfilled,52.0,experiment_log2026-04-23_14-02-37.log,,
90b4b9fd,glycerol_dispense_baseline,False,2026-04-23 14:03:55,2026-04-23 14:04:59,unknown_backfilled,64.0,experiment_log2026-04-23_14-03-55.log,,
40be3ce7,glycerol_dispense_baseline,False,2026-04-23 14:05:07,2026-04-23 14:05:14,unknown_backfilled,7.0,experiment_log2026-04-23_14-05-07.log,,
47b86827,glycerol_dispense_baseline,False,2026-04-23 14:05:35,2026-04-23 14:05:40,unknown_backfilled,5.0,experiment_log2026-04-23_14-05-35.log,,
eaed4537,glycerol_dispense_baseline,False,2026-04-23 14:06:04,2026-04-23 16:23:23,unknown_backfilled,8239.0,experiment_log2026-04-23_14-06-04.log,,
ca0bbfef,surfactant_grid_adaptive_concentrations,False,2026-04-23 15:52:17,2026-04-23 16:00:06,unknown_backfilled,469.0,experiment_log2026-04-23_15-52-17.log,,
74ea764d,surfactant_grid_adaptive_concentrations,False,2026-04-24 09:11:35,2026-04-24 09:11:49,unknown_backfilled,14.0,experiment_log2026-04-24_09-11-35.log,,
b884eb73,unknown,False,2026-04-24 12:08:39,2026-04-24 12:16:11,unknown_backfilled,452.0,experiment_log2026-04-24_12-08-39.log,,
1acc579d,unknown,False,2026-04-24 12:17:39,2026-04-24 12:28:11,unknown_backfilled,632.0,experiment_log2026-04-24_12-17-39.log,,
aff51d06,unknown,False,2026-04-24 12:30:16,2026-04-24 12:36:40,unknown_backfilled,384.0,experiment_log2026-04-24_12-30-16.log,,
7933cbc8,unknown,False,2026-04-24 12:38:14,2026-04-24 12:49:10,unknown_backfilled,656.0,experiment_log2026-04-24_12-38-14.log,,
ab1b6fdd,unknown,False,2026-04-24 14:41:16,2026-04-24 14:41:37,unknown_backfilled,21.0,experiment_log2026-04-24_14-41-16.log,,
0fa91ad0,unknown,False,2026-04-24 14:42:00,2026-04-24 14:54:19,unknown_backfilled,739.0,experiment_log2026-04-24_14-42-00.log,,
ba033776,unknown,False,2026-04-24 14:55:36,2026-04-24 15:44:58,unknown_backfilled,2962.0,experiment_log2026-04-24_14-55-36.log,,
bbb983f4,unknown,False,2026-04-24 15:45:29,2026-04-24 15:45:42,unknown_backfilled,13.0,experiment_log2026-04-24_15-45-29.log,,
e4c049f8,unknown,False,2026-04-24 15:45:59,2026-04-24 15:46:00,unknown_backfilled,1.0,experiment_log2026-04-24_15-45-59.log,,
1083b867,unknown,False,2026-04-24 15:46:27,2026-04-24 15:46:27,unknown_backfilled,0.0,experiment_log2026-04-24_15-46-27.log,,
fb1725d5,unknown,False,2026-04-24 15:47:45,2026-04-24 15:49:18,unknown_backfilled,93.0,experiment_log2026-04-24_15-47-45.log,,
0a0e8465,unknown,False,2026-04-24 15:49:45,2026-04-24 15:49:50,unknown_backfilled,5.0,experiment_log2026-04-24_15-49-45.log,,
f9b83fd0,surfactant_grid_adaptive_concentrations,False,2026-04-24 15:50:00,2026-04-24 15:50:15,unknown_backfilled,15.0,experiment_log2026-04-24_15-50-00.log,,
ad983830,unknown,False,2026-04-24 15:52:02,2026-04-24 15:52:06,unknown_backfilled,4.0,experiment_log2026-04-24_15-52-02.log,,
f0fdac3d,unknown,False,2026-04-24 15:53:30,2026-04-24 16:05:43,unknown_backfilled,733.0,experiment_log2026-04-24_15-53-30.log,,
56cf6e4c,unknown,False,2026-04-24 16:10:50,2026-04-24 16:22:35,unknown_backfilled,705.0,experiment_log2026-04-24_16-10-50.log,,
a2cbaf41,unknown,False,2026-04-24 16:24:20,2026-04-24 16:24:46,unknown_backfilled,26.0,experiment_log2026-04-24_16-24-20.log,,
8ef7a3e6,unknown,False,2026-04-24 16:26:40,2026-04-24 16:27:22,unknown_backfilled,42.0,experiment_log2026-04-24_16-26-40.log,,
b6aa0fa5,unknown,False,2026-04-24 16:30:05,2026-04-24 16:30:51,unknown_backfilled,46.0,experiment_log2026-04-24_16-30-05.log,,
6ec05560,unknown,False,2026-04-24 16:31:05,2026-04-24 16:31:28,unknown_backfilled,23.0,experiment_log2026-04-24_16-31-05.log,,
cb7a2239,surfactant_grid_adaptive_concentrations,False,2026-04-24 16:31:55,2026-04-24 16:32:02,unknown_backfilled,7.0,experiment_log2026-04-24_16-31-55.log,,
092e61af,unknown,False,2026-04-24 16:33:13,2026-04-24 16:33:27,unknown_backfilled,14.0,experiment_log2026-04-24_16-33-13.log,,
49b1c7f1,unknown,False,2026-04-24 16:33:57,2026-04-24 16:34:07,unknown_backfilled,10.0,experiment_log2026-04-24_16-33-57.log,,
47f9d049,unknown,False,2026-04-24 16:39:08,2026-04-24 16:42:14,unknown_backfilled,186.0,experiment_log2026-04-24_16-39-08.log,,
d624af7b,unknown,False,2026-04-24 16:44:18,2026-04-24 16:48:04,unknown_backfilled,226.0,experiment_log2026-04-24_16-44-18.log,,
f152052f,unknown,False,2026-04-24 16:51:23,2026-04-24 17:01:29,unknown_backfilled,606.0,experiment_log2026-04-24_16-51-23.log,,
f366c394,unknown,False,2026-04-24 17:10:54,2026-04-24 17:17:44,unknown_backfilled,410.0,experiment_log2026-04-24_17-10-54.log,,
55c79e7b,unknown,False,2026-04-24 17:18:26,2026-04-24 17:28:25,unknown_backfilled,599.0,experiment_log2026-04-24_17-18-26.log,,
ef306b4b,unknown,False,2026-04-24 17:37:31,2026-04-24 17:37:35,unknown_backfilled,4.0,experiment_log2026-04-24_17-37-31.log,,
a88bdd08,reset,False,2026-04-24 17:38:33,2026-04-24 17:39:33,unknown_backfilled,60.0,experiment_log2026-04-24_17-38-33.log,,
693c71e8,unknown,False,2026-04-24 17:39:53,2026-04-24 17:39:57,unknown_backfilled,4.0,experiment_log2026-04-24_17-39-53.log,,
2bdb1f63,unknown,False,2026-04-24 17:41:33,2026-04-24 17:43:06,unknown_backfilled,93.0,experiment_log2026-04-24_17-41-33.log,,
64793cc8,unknown,False,2026-04-24 17:43:46,2026-04-24 17:51:42,unknown_backfilled,476.0,experiment_log2026-04-24_17-43-46.log,,
ce8ba0a9,unknown,False,2026-04-24 17:52:08,2026-04-24 18:12:41,unknown_backfilled,1233.0,experiment_log2026-04-24_17-52-08.log,,
c000d78e,capdecap,False,2026-04-24 18:15:14,2026-04-24 18:15:33,unknown_backfilled,19.0,experiment_log2026-04-24_18-15-14.log,,
720b68d2,capdecap,False,2026-04-24 18:15:43,2026-04-24 18:16:27,unknown_backfilled,44.0,experiment_log2026-04-24_18-15-43.log,,
7585c0c0,capdecap,False,2026-04-24 18:16:57,2026-04-24 18:18:23,unknown_backfilled,86.0,experiment_log2026-04-24_18-16-57.log,,
d4835a5d,capdecap,False,2026-04-24 18:19:12,2026-04-24 18:20:40,unknown_backfilled,88.0,experiment_log2026-04-24_18-19-12.log,,
6ae8beb6,unknown,False,2026-04-26 14:17:57,2026-04-26 14:18:51,unknown_backfilled,54.0,experiment_log2026-04-26_14-17-57.log,,
b815bab8,unknown,False,2026-04-26 17:38:42,2026-04-26 17:51:30,unknown_backfilled,768.0,experiment_log2026-04-26_17-38-42.log,,
3f2f1e05,unknown,False,2026-04-26 17:51:51,2026-04-26 18:06:48,unknown_backfilled,897.0,experiment_log2026-04-26_17-51-51.log,,
d09448cd,glycerol_dispense_baseline,False,2026-04-27 10:29:21,2026-04-27 10:33:27,unknown_backfilled,246.0,experiment_log2026-04-27_10-29-21.log,,
6d6db25c,glycerol_dispense_baseline,False,2026-04-27 10:34:09,2026-04-27 13:37:34,unknown_backfilled,11005.0,experiment_log2026-04-27_10-34-09.log,,
ab1e6b5f,surfactant_grid_adaptive_concentrations,False,2026-04-27 11:13:02,2026-04-27 11:19:17,unknown_backfilled,375.0,experiment_log2026-04-27_11-13-02.log,,
d2bbb5a2,enhanced_SP_arm_position_program_v1.1_xy_coordinate_system,False,2026-04-27 13:45:00,2026-04-27 13:45:19,unknown_backfilled,19.0,experiment_log2026-04-27_13-45-00.log,,
d2bca62e,glycerol_dispense_baseline,False,2026-04-27 14:09:07,2026-04-27 14:09:31,unknown_backfilled,24.0,experiment_log2026-04-27_14-09-07.log,,
ccda28b9,glycerol_dispense_baseline,False,2026-04-27 14:10:27,2026-04-27 14:11:31,unknown_backfilled,64.0,experiment_log2026-04-27_14-10-27.log,,
bf79a8cf,glycerol_dispense_baseline,False,2026-04-27 14:12:51,2026-04-27 14:12:56,unknown_backfilled,5.0,experiment_log2026-04-27_14-12-51.log,,
51373328,glycerol_dispense_baseline,False,2026-04-27 14:15:28,2026-04-27 14:16:11,unknown_backfilled,43.0,experiment_log2026-04-27_14-15-28.log,,
ec103d53,glycerol_dispense_baseline,False,2026-04-27 14:16:15,2026-04-27 16:21:42,unknown_backfilled,7527.0,experiment_log2026-04-27_14-16-15.log,,
191e4d03,glycerol_dispense_baseline,False,2026-04-28 10:27:31,2026-04-28 10:28:14,unknown_backfilled,43.0,experiment_log2026-04-28_10-27-31.log,,
a9699643,glycerol_dispense_baseline,False,2026-04-28 10:28:49,2026-04-28 10:29:01,unknown_backfilled,12.0,experiment_log2026-04-28_10-28-49.log,,
9653e7b4,glycerol_dispense_baseline,False,2026-04-28 10:29:17,2026-04-28 10:30:09,unknown_backfilled,52.0,experiment_log2026-04-28_10-29-17.log,,
4fafd49c,glycerol_dispense_baseline,False,2026-04-28 10:31:46,2026-04-28 11:33:02,unknown_backfilled,3676.0,experiment_log2026-04-28_10-31-46.log,,
63adde10,surfactant_grid_adaptive_concentrations,False,2026-04-28 11:30:02,2026-04-28 11:31:53,unknown_backfilled,111.0,experiment_log2026-04-28_11-30-02.log,,
968bfaef,glycerol_dispense_baseline,False,2026-04-28 12:23:39,2026-04-28 12:24:14,unknown_backfilled,35.0,experiment_log2026-04-28_12-23-39.log,,
7126189a,glycerol_dispense_baseline,False,2026-04-28 13:19:32,2026-04-28 13:22:35,unknown_backfilled,183.0,experiment_log2026-04-28_13-19-32.log,,
a7eebaf7,glycerol_dispense_baseline,False,2026-04-28 13:22:44,2026-04-28 13:23:09,unknown_backfilled,25.0,experiment_log2026-04-28_13-22-44.log,,
b6face96,glycerol_dispense_baseline,False,2026-04-28 13:25:32,2026-04-28 13:45:04,unknown_backfilled,1172.0,experiment_log2026-04-28_13-25-32.log,,
4f93fd64,glycerol_dispense_baseline,False,2026-04-28 13:49:36,2026-04-28 15:57:36,unknown_backfilled,7680.0,experiment_log2026-04-28_13-49-36.log,,
b828201e,glycerol_dispense_baseline,False,2026-04-29 09:02:48,2026-04-29 10:27:57,unknown_backfilled,5109.0,experiment_log2026-04-29_09-02-48.log,,
e940af79,glycerol_dispense_baseline,False,2026-04-29 10:39:59,2026-04-29 10:40:04,unknown_backfilled,5.0,experiment_log2026-04-29_10-39-59.log,,
6e4beaa8,glycerol_dispense_baseline,False,2026-04-29 10:42:27,2026-04-29 13:33:28,unknown_backfilled,10261.0,experiment_log2026-04-29_10-42-27.log,,
c19f8988,glycerol_dispense_baseline,False,2026-04-29 14:07:35,2026-04-29 14:07:40,unknown_backfilled,5.0,experiment_log2026-04-29_14-07-35.log,,
ebb33b36,glycerol_dispense_baseline,False,2026-04-29 14:10:01,2026-04-29 14:10:06,unknown_backfilled,5.0,experiment_log2026-04-29_14-10-01.log,,
a0717da0,glycerol_dispense_baseline,False,2026-04-29 14:13:22,2026-04-29 14:21:30,unknown_backfilled,488.0,experiment_log2026-04-29_14-13-22.log,,
daf561e7,surfactant_grid_adaptive_concentrations,False,2026-04-29 15:29:29,2026-04-29 15:33:01,unknown_backfilled,212.0,experiment_log2026-04-29_15-29-29.log,,
9d3c5a17,glycerol_dispense_baseline,False,2026-04-30 09:49:15,2026-04-30 09:50:09,unknown_backfilled,54.0,experiment_log2026-04-30_09-49-15.log,,
d6597dba,glycerol_dispense_baseline,False,2026-04-30 09:50:45,2026-04-30 09:50:50,unknown_backfilled,5.0,experiment_log2026-04-30_09-50-45.log,,
8940512b,glycerol_dispense_baseline,False,2026-04-30 09:54:09,2026-04-30 09:54:16,unknown_backfilled,7.0,experiment_log2026-04-30_09-54-09.log,,
a48f1df5,glycerol_dispense_baseline,False,2026-04-30 09:54:41,2026-04-30 09:54:50,unknown_backfilled,9.0,experiment_log2026-04-30_09-54-41.log,,
ce5933a5,glycerol_dispense_baseline,False,2026-04-30 09:55:24,2026-04-30 13:49:31,unknown_backfilled,14047.0,experiment_log2026-04-30_09-55-24.log,,
c7c0cae4,glycerol_dispense_baseline,False,2026-04-30 14:00:08,2026-04-30 14:01:14,unknown_backfilled,66.0,experiment_log2026-04-30_14-00-08.log,,
8d74c986,glycerol_dispense_baseline,False,2026-04-30 14:01:25,2026-04-30 15:12:53,unknown_backfilled,4288.0,experiment_log2026-04-30_14-01-25.log,,
bce51869,glycerol_dispense_baseline,False,2026-04-30 15:24:43,2026-04-30 15:25:52,unknown_backfilled,69.0,experiment_log2026-04-30_15-24-43.log,,
7ef35763,glycerol_dispense_baseline,False,2026-04-30 15:26:04,2026-04-30 16:14:58,unknown_backfilled,2934.0,experiment_log2026-04-30_15-26-04.log,,
ea977350,surfactant_grid_adaptive_concentrations,False,2026-04-30 16:05:45,2026-04-30 16:08:40,unknown_backfilled,175.0,experiment_log2026-04-30_16-05-45.log,,
75e7cff8,glycerol_dispense_baseline,False,2026-05-01 04:43:39,2026-05-01 08:08:41,unknown_backfilled,12302.0,experiment_log2026-05-01_04-43-39.log,,
1d859cf3,enhanced_SP_arm_position_program_v1.1_xy_coordinate_system,False,2026-05-01 08:23:21,2026-05-01 08:25:27,unknown_backfilled,126.0,experiment_log2026-05-01_08-23-21.log,,
c624e5bc,glycerol_dispense_baseline,False,2026-05-01 08:27:17,2026-05-01 08:27:42,unknown_backfilled,25.0,experiment_log2026-05-01_08-27-17.log,,
ace81b4c,glycerol_dispense_baseline,False,2026-05-01 08:29:26,2026-05-01 10:37:05,unknown_backfilled,7659.0,experiment_log2026-05-01_08-29-26.log,,
1915e8fc,glycerol_dispense_baseline,False,2026-05-01 10:38:25,2026-05-01 10:44:06,unknown_backfilled,341.0,experiment_log2026-05-01_10-38-25.log,,
f2e8f9f3,enhanced_SP_arm_position_program_v1.1_xy_coordinate_system,False,2026-05-01 11:32:36,2026-05-01 11:33:00,unknown_backfilled,24.0,experiment_log2026-05-01_11-32-36.log,,
01c4ae62,glycerol_dispense_baseline,False,2026-05-01 11:34:42,2026-05-01 11:35:14,unknown_backfilled,32.0,experiment_log2026-05-01_11-34-42.log,,
786ee9a9,glycerol_dispense_baseline,False,2026-05-01 11:35:43,2026-05-01 11:36:50,unknown_backfilled,67.0,experiment_log2026-05-01_11-35-43.log,,
a6cce98e,glycerol_dispense_baseline,False,2026-05-01 11:38:25,2026-05-01 11:39:09,unknown_backfilled,44.0,experiment_log2026-05-01_11-38-25.log,,
edea8e7d,glycerol_dispense_baseline,False,2026-05-01 11:41:17,2026-05-01 11:43:11,unknown_backfilled,114.0,experiment_log2026-05-01_11-41-17.log,,
e9b5bbdf,glycerol_dispense_baseline,False,2026-05-01 11:43:21,2026-05-01 11:43:33,unknown_backfilled,12.0,experiment_log2026-05-01_11-43-21.log,,
1ec80128,glycerol_dispense_baseline,False,2026-05-01 11:44:31,2026-05-01 11:44:43,unknown_backfilled,12.0,experiment_log2026-05-01_11-44-31.log,,
06c00b8b,enhanced_SP_arm_position_program_v1.1_xy_coordinate_system,False,2026-05-01 11:44:55,2026-05-01 11:44:59,unknown_backfilled,4.0,experiment_log2026-05-01_11-44-55.log,,
2373aaaa,glycerol_dispense_baseline,False,2026-05-01 11:46:25,2026-05-01 11:47:55,unknown_backfilled,90.0,experiment_log2026-05-01_11-46-25.log,,
d2ea7d8d,glycerol_dispense_baseline,False,2026-05-01 11:48:16,2026-05-01 11:48:24,unknown_backfilled,8.0,experiment_log2026-05-01_11-48-16.log,,
dbbefc17,glycerol_dispense_baseline,False,2026-05-01 11:48:42,2026-05-01 11:50:47,unknown_backfilled,125.0,experiment_log2026-05-01_11-48-42.log,,
2d3f6c67,enhanced_SP_arm_position_program_v1.1_xy_coordinate_system,False,2026-05-01 11:51:00,2026-05-01 11:51:05,unknown_backfilled,5.0,experiment_log2026-05-01_11-51-00.log,,
10105dfa,enhanced_SP_arm_position_program_v1.1_xy_coordinate_system,False,2026-05-01 11:51:26,2026-05-01 11:51:31,unknown_backfilled,5.0,experiment_log2026-05-01_11-51-26.log,,
2dc607fe,enhanced_SP_arm_position_program_v1.1_xy_coordinate_system,False,2026-05-01 11:51:52,2026-05-01 11:52:10,unknown_backfilled,18.0,experiment_log2026-05-01_11-51-52.log,,
7dd8c586,enhanced_SP_arm_position_program_v1.1_xy_coordinate_system,False,2026-05-01 11:55:40,2026-05-01 11:56:33,unknown_backfilled,53.0,experiment_log2026-05-01_11-55-40.log,,
2957f951,glycerol_dispense_baseline,False,2026-05-01 11:59:35,2026-05-01 14:36:25,unknown_backfilled,9410.0,experiment_log2026-05-01_11-59-35.log,,
f275f88f,surfactant_grid_adaptive_concentrations,False,2026-05-01 12:01:09,2026-05-01 12:02:22,unknown_backfilled,73.0,experiment_log2026-05-01_12-01-09.log,,
6153a1e9,enhanced_SP_arm_position_program_v1.1_xy_coordinate_system,False,2026-05-01 14:49:10,2026-05-01 14:51:33,unknown_backfilled,143.0,experiment_log2026-05-01_14-49-10.log,,
a5c78986,reset,False,2026-05-01 14:52:09,2026-05-01 14:52:23,unknown_backfilled,14.0,experiment_log2026-05-01_14-52-09.log,,
27431a13,enhanced_SP_arm_position_program_v1.1_xy_coordinate_system,False,2026-05-01 14:58:46,2026-05-01 14:59:03,unknown_backfilled,17.0,experiment_log2026-05-01_14-58-46.log,,
54ee9d1b,glycerol_dispense_baseline,False,2026-05-03 19:56:39,2026-05-03 21:24:39,unknown_backfilled,5280.0,experiment_log2026-05-03_19-56-39.log,,
8ee4f796,enhanced_SP_arm_position_program_v1.1_xy_coordinate_system,False,2026-05-04 08:53:35,2026-05-04 08:53:41,unknown_backfilled,6.0,experiment_log2026-05-04_08-53-35.log,,
95a6acd2,enhanced_SP_arm_position_program_v1.1_xy_coordinate_system,False,2026-05-04 08:54:32,2026-05-04 08:54:37,unknown_backfilled,5.0,experiment_log2026-05-04_08-54-32.log,,
81836337,enhanced_SP_arm_position_program_v1.1_xy_coordinate_system,False,2026-05-04 08:56:45,2026-05-04 08:57:06,unknown_backfilled,21.0,experiment_log2026-05-04_08-56-45.log,,
2013d6c4,enhanced_SP_arm_position_program_v1.1_xy_coordinate_system,False,2026-05-04 08:58:01,2026-05-04 08:59:24,unknown_backfilled,83.0,experiment_log2026-05-04_08-58-01.log,,
0243a85a,glycerol_dispense_baseline,False,2026-05-04 10:36:14,2026-05-04 10:46:03,unknown_backfilled,589.0,experiment_log2026-05-04_10-36-14.log,,
7f235aa0,glycerol_dispense_baseline,False,2026-05-04 10:46:57,2026-05-04 10:47:02,unknown_backfilled,5.0,experiment_log2026-05-04_10-46-57.log,,
f9d9b61f,test_return_clamp_vial_home,False,2026-05-04 10:52:05,2026-05-04 10:52:25,unknown_backfilled,20.0,experiment_log2026-05-04_10-52-05.log,,
09f75f98,test_return_clamp_vial_home,False,2026-05-04 11:04:39,2026-05-04 11:06:23,unknown_backfilled,104.0,experiment_log2026-05-04_11-04-39.log,,
ba7f5b3a,glycerol_dispense_baseline,False,2026-05-04 11:08:48,2026-05-04 11:50:29,unknown_backfilled,2501.0,experiment_log2026-05-04_11-08-48.log,,
f91145bd,test_return_clamp_vial_home,False,2026-05-04 11:56:36,2026-05-04 11:57:03,unknown_backfilled,27.0,experiment_log2026-05-04_11-56-36.log,,
93fbe8ac,glycerol_dispense_baseline,False,2026-05-04 12:00:57,2026-05-04 12:02:02,unknown_backfilled,65.0,experiment_log2026-05-04_12-00-57.log,,
29f8c747,test_return_clamp_vial_home,False,2026-05-04 12:04:31,2026-05-04 12:04:52,unknown_backfilled,21.0,experiment_log2026-05-04_12-04-31.log,,
aae8e542,enhanced_SP_arm_position_program_v1.1_xy_coordinate_system,False,2026-05-04 12:06:50,2026-05-04 12:07:08,unknown_backfilled,18.0,experiment_log2026-05-04_12-06-50.log,,
501bd4d8,glycerol_dispense_baseline,False,2026-05-04 12:19:51,2026-05-04 14:33:01,unknown_backfilled,7990.0,experiment_log2026-05-04_12-19-51.log,,
04c37707,surfactant_grid_adaptive_concentrations,False,2026-05-04 15:38:37,2026-05-04 15:45:21,unknown_backfilled,404.0,experiment_log2026-05-04_15-38-37.log,,
fd1f46bb,glycerol_dispense_baseline,False,2026-05-05 06:33:25,2026-05-05 09:10:57,unknown_backfilled,9452.0,experiment_log2026-05-05_06-33-25.log,,
c244d8e3,test_return_clamp_vial_home,False,2026-05-05 09:30:55,2026-05-05 09:31:19,unknown_backfilled,24.0,experiment_log2026-05-05_09-30-55.log,,
7c87f9bd,glycerol_dispense_baseline,False,2026-05-05 09:44:46,2026-05-05 11:06:38,unknown_backfilled,4912.0,experiment_log2026-05-05_09-44-46.log,,
0cdd19fc,test_return_clamp_vial_home,False,2026-05-05 11:10:43,2026-05-05 11:11:06,unknown_backfilled,23.0,experiment_log2026-05-05_11-10-43.log,,
b8745cf7,glycerol_dispense_baseline,False,2026-05-05 11:11:17,2026-05-05 13:49:14,unknown_backfilled,9477.0,experiment_log2026-05-05_11-11-16.log,,
ea53e0d5,test_return_clamp_vial_home,False,2026-05-05 13:49:30,2026-05-05 13:49:49,unknown_backfilled,19.0,experiment_log2026-05-05_13-49-30.log,,
206e7cea,enhanced_SP_arm_position_program_v1.1_xy_coordinate_system,False,2026-05-05 13:50:10,2026-05-05 13:57:59,unknown_backfilled,469.0,experiment_log2026-05-05_13-50-10.log,,
1e1b9807,peroxide_serena_v3,False,2026-05-05 14:03:15,2026-05-05 14:05:56,unknown_backfilled,161.0,experiment_log2026-05-05_14-03-15.log,,
1e3648c7,test_photoreactor,False,2026-05-05 14:06:46,2026-05-05 14:07:14,unknown_backfilled,28.0,experiment_log2026-05-05_14-06-46.log,,
747913eb,peroxide_serena_v3,False,2026-05-05 14:08:43,2026-05-05 14:17:00,unknown_backfilled,497.0,experiment_log2026-05-05_14-08-43.log,,
7320558b,peroxide_serena_v3,False,2026-05-05 14:17:50,2026-05-05 14:18:12,unknown_backfilled,22.0,experiment_log2026-05-05_14-17-50.log,,
a8269618,reset,False,2026-05-05 14:18:46,2026-05-05 14:19:17,unknown_backfilled,31.0,experiment_log2026-05-05_14-18-46.log,,
35f18073,peroxide_serena_v3,False,2026-05-05 14:20:51,2026-05-05 14:21:14,unknown_backfilled,23.0,experiment_log2026-05-05_14-20-51.log,,
0f3443f8,reset,False,2026-05-05 14:23:46,2026-05-05 14:23:55,unknown_backfilled,9.0,experiment_log2026-05-05_14-23-46.log,,
44287672,test_photoreactor,False,2026-05-05 14:48:20,2026-05-05 14:48:27,unknown_backfilled,7.0,experiment_log2026-05-05_14-48-20.log,,
beb661f8,test_return_clamp_vial_home,False,2026-05-05 16:14:13,2026-05-05 16:14:28,unknown_backfilled,15.0,experiment_log2026-05-05_16-14-13.log,,
c8155fc5,surfactant_grid_adaptive_concentrations,False,2026-05-05 16:19:37,2026-05-05 16:22:48,unknown_backfilled,191.0,experiment_log2026-05-05_16-19-37.log,,
eff29241,glycerol_dispense_baseline,False,2026-05-06 05:42:58,2026-05-06 08:50:47,unknown_backfilled,11269.0,experiment_log2026-05-06_05-42-58.log,,
9ce16483,glycerol_dispense_baseline,False,2026-05-06 08:59:40,2026-05-06 08:59:45,unknown_backfilled,5.0,experiment_log2026-05-06_08-59-40.log,,
c542eb18,enhanced_SP_arm_position_program_v1.1_xy_coordinate_system,False,2026-05-06 08:59:59,2026-05-06 09:00:19,unknown_backfilled,20.0,experiment_log2026-05-06_08-59-59.log,,
f0875cc6,enhanced_SP_arm_position_program_v1.1_xy_coordinate_system,False,2026-05-06 09:16:45,2026-05-06 09:16:49,unknown_backfilled,4.0,experiment_log2026-05-06_09-16-45.log,,
5978d70f,glycerol_dispense_baseline,False,2026-05-06 09:16:55,2026-05-06 12:04:48,unknown_backfilled,10073.0,experiment_log2026-05-06_09-16-55.log,,
d3323b90,surfactant_grid_adaptive_concentrations,False,2026-05-06 12:06:40,2026-05-06 12:10:52,unknown_backfilled,252.0,experiment_log2026-05-06_12-06-40.log,,
80b2b170,glycerol_dispense_baseline,False,2026-05-06 12:29:23,2026-05-06 12:30:26,unknown_backfilled,63.0,experiment_log2026-05-06_12-29-23.log,,
a541eb90,test_return_clamp_vial_home,False,2026-05-06 12:30:33,2026-05-06 12:30:51,unknown_backfilled,18.0,experiment_log2026-05-06_12-30-33.log,,
afbaa5a3,glycerol_dispense_baseline,False,2026-05-06 12:31:03,2026-05-06 12:32:34,unknown_backfilled,91.0,experiment_log2026-05-06_12-31-03.log,,
56c63274,test_return_clamp_vial_home,False,2026-05-06 12:32:47,2026-05-06 12:33:17,unknown_backfilled,30.0,experiment_log2026-05-06_12-32-47.log,,
2c79362c,glycerol_dispense_baseline,False,2026-05-06 12:33:21,2026-05-06 12:34:38,unknown_backfilled,77.0,experiment_log2026-05-06_12-33-21.log,,
cc9de2c1,test_return_clamp_vial_home,False,2026-05-06 12:35:23,2026-05-06 12:35:56,unknown_backfilled,33.0,experiment_log2026-05-06_12-35-23.log,,
11e029ea,glycerol_dispense_baseline,False,2026-05-06 12:37:11,2026-05-06 15:35:08,unknown_backfilled,10677.0,experiment_log2026-05-06_12-37-11.log,,
d791963c,test_return_clamp_vial_home,False,2026-05-06 15:35:22,2026-05-06 15:35:45,unknown_backfilled,23.0,experiment_log2026-05-06_15-35-22.log,,
bd32f21c,glycerol_dispense_baseline,False,2026-05-06 16:01:30,2026-05-06 16:01:35,unknown_backfilled,5.0,experiment_log2026-05-06_16-01-30.log,,
de5682f5,glycerol_dispense_baseline,False,2026-05-07 06:00:21,2026-05-07 09:17:50,unknown_backfilled,11849.0,experiment_log2026-05-07_06-00-21.log,,
25899558,glycerol_dispense_baseline,False,2026-05-07 09:38:12,2026-05-07 09:38:22,unknown_backfilled,10.0,experiment_log2026-05-07_09-38-12.log,,
f28ec988,glycerol_dispense_baseline,False,2026-05-07 09:38:30,2026-05-07 09:41:47,unknown_backfilled,197.0,experiment_log2026-05-07_09-38-30.log,,
703eee49,test_return_clamp_vial_home,False,2026-05-07 11:42:23,2026-05-07 11:42:28,unknown_backfilled,5.0,experiment_log2026-05-07_11-42-23.log,,
ceb13703,test_return_clamp_vial_home,False,2026-05-07 11:43:29,2026-05-07 11:43:50,unknown_backfilled,21.0,experiment_log2026-05-07_11-43-29.log,,
204b2e91,glycerol_dispense_baseline,False,2026-05-07 11:52:02,2026-05-07 14:32:20,unknown_backfilled,9618.0,experiment_log2026-05-07_11-52-02.log,,
c1f046a2,glycerol_dispense_baseline,False,2026-05-07 15:17:13,2026-05-07 16:41:09,unknown_backfilled,5036.0,experiment_log2026-05-07_15-17-13.log,,
3585d652,test_return_clamp_vial_home,False,2026-05-07 16:41:21,2026-05-07 16:41:39,unknown_backfilled,18.0,experiment_log2026-05-07_16-41-21.log,,
42136ed4,test_return_clamp_vial_home,False,2026-05-07 16:41:48,2026-05-07 16:42:27,unknown_backfilled,39.0,experiment_log2026-05-07_16-41-48.log,,
f30124ab,glycerol_dispense_baseline,False,2026-05-07 17:07:11,2026-05-07 21:19:12,unknown_backfilled,15121.0,experiment_log2026-05-07_17-07-11.log,,
0c859205,glycerol_dispense_baseline,False,2026-05-07 21:23:42,2026-05-07 21:25:43,unknown_backfilled,121.0,experiment_log2026-05-07_21-23-42.log,,
5ea5cb2b,test_return_clamp_vial_home,False,2026-05-08 08:43:48,2026-05-08 08:44:16,unknown_backfilled,28.0,experiment_log2026-05-08_08-43-48.log,,
c0420769,glycerol_dispense_baseline,False,2026-05-08 08:52:05,2026-05-08 10:47:34,unknown_backfilled,6929.0,experiment_log2026-05-08_08-52-05.log,,
fdc5d3cd,mof_synthesis_workflow,False,2026-05-08 11:13:51,2026-05-08 11:20:00,unknown_backfilled,369.0,experiment_log2026-05-08_11-13-51.log,,
8698aa10,mof_synthesis_workflow,False,2026-05-08 11:28:52,2026-05-08 12:45:30,unknown_backfilled,4598.0,experiment_log2026-05-08_11-28-52.log,,
2fc1a090,mof_synthesis_workflow,False,2026-05-08 12:53:07,2026-05-08 12:53:15,unknown_backfilled,8.0,experiment_log2026-05-08_12-53-07.log,,
f9f42b0d,glycerol_dispense_baseline,False,2026-05-08 16:48:33,2026-05-08 16:48:44,unknown_backfilled,11.0,experiment_log2026-05-08_16-48-33.log,,
66fd4311,glycerol_dispense_baseline,False,2026-05-08 16:49:54,2026-05-08 16:51:00,unknown_backfilled,66.0,experiment_log2026-05-08_16-49-54.log,,
c6acfb13,glycerol_dispense_baseline,False,2026-05-08 16:51:34,2026-05-08 16:51:57,unknown_backfilled,23.0,experiment_log2026-05-08_16-51-34.log,,
04868c79,test_get_pipet,False,2026-05-08 17:02:50,2026-05-08 17:03:58,unknown_backfilled,68.0,experiment_log2026-05-08_17-02-50.log,,
39d98e49,glycerol_dispense_baseline,False,2026-05-08 17:04:46,2026-05-08 20:59:02,unknown_backfilled,14056.0,experiment_log2026-05-08_17-04-46.log,,
f1ba2a3a,surfactant_grid_adaptive_concentrations,False,2026-05-08 17:15:38,2026-05-08 17:15:53,unknown_backfilled,15.0,experiment_log2026-05-08_17-15-38.log,,
90cda84a,surfactant_grid_adaptive_concentrations,False,2026-05-08 17:17:17,2026-05-08 17:19:53,unknown_backfilled,156.0,experiment_log2026-05-08_17-17-17.log,,
b9e0b894,test_return_clamp_vial_home,False,2026-05-11 09:03:18,2026-05-11 09:03:36,unknown_backfilled,18.0,experiment_log2026-05-11_09-03-18.log,,
831e1035,test_return_clamp_vial_home,False,2026-05-11 09:04:24,2026-05-11 09:04:27,unknown_backfilled,3.0,experiment_log2026-05-11_09-04-24.log,,
b43c75f2,test_return_clamp_vial_home,False,2026-05-11 09:04:42,2026-05-11 09:07:36,unknown_backfilled,174.0,experiment_log2026-05-11_09-04-42.log,,
7271aeda,enhanced_SP_arm_position_program_v1.1_xy_coordinate_system,False,2026-05-11 09:13:07,2026-05-11 09:13:25,unknown_backfilled,18.0,experiment_log2026-05-11_09-13-07.log,,
34d5efef,glycerol_dispense_baseline,False,2026-05-11 09:54:48,2026-05-11 13:40:19,unknown_backfilled,13531.0,experiment_log2026-05-11_09-54-48.log,,
944a5b48,test_return_clamp_vial_home,False,2026-05-11 13:44:52,2026-05-11 13:45:14,unknown_backfilled,22.0,experiment_log2026-05-11_13-44-52.log,,
33eab8cf,glycerol_dispense_baseline,False,2026-05-11 13:54:37,2026-05-11 14:27:43,unknown_backfilled,1986.0,experiment_log2026-05-11_13-54-37.log,,
c2f75da7,test_return_clamp_vial_home,False,2026-05-11 14:28:32,2026-05-11 14:28:58,unknown_backfilled,26.0,experiment_log2026-05-11_14-28-32.log,,
2b4fb768,test_biotek,False,2026-05-11 14:37:09,2026-05-11 14:37:39,unknown_backfilled,30.0,experiment_log2026-05-11_14-37-09.log,,
b3e0ce43,SP_wellplate_moving,False,2026-05-11 14:39:22,2026-05-11 14:40:02,unknown_backfilled,40.0,experiment_log2026-05-11_14-39-22.log,,
ef206a03,SP_wellplate_moving,False,2026-05-11 14:41:49,2026-05-11 14:42:58,unknown_backfilled,69.0,experiment_log2026-05-11_14-41-49.log,,
d50c7086,glycerol_dispense_baseline,False,2026-05-11 14:44:26,2026-05-11 14:44:38,unknown_backfilled,12.0,experiment_log2026-05-11_14-44-26.log,,
9633db6b,SP_wellplate_moving,False,2026-05-11 14:45:33,2026-05-11 14:45:36,unknown_backfilled,3.0,experiment_log2026-05-11_14-45-33.log,,
3e6efa68,SP_wellplate_moving,False,2026-05-11 14:46:35,2026-05-11 14:48:23,unknown_backfilled,108.0,experiment_log2026-05-11_14-46-35.log,,
47732ca9,glycerol_dispense_baseline,False,2026-05-11 14:48:44,2026-05-11 15:31:15,unknown_backfilled,2551.0,experiment_log2026-05-11_14-48-44.log,,
b9053ff6,test_return_clamp_vial_home,False,2026-05-11 15:32:45,2026-05-11 15:33:27,unknown_backfilled,42.0,experiment_log2026-05-11_15-32-45.log,,
e60526af,test_return_clamp_vial_home,False,2026-05-11 15:34:38,2026-05-11 15:34:42,unknown_backfilled,4.0,experiment_log2026-05-11_15-34-38.log,,
d50a9e1a,test_return_clamp_vial_home,False,2026-05-11 15:35:29,2026-05-11 15:37:39,unknown_backfilled,130.0,experiment_log2026-05-11_15-35-29.log,,
fe76f55a,glycerol_dispense_baseline,False,2026-05-11 15:40:28,2026-05-11 16:27:04,unknown_backfilled,2796.0,experiment_log2026-05-11_15-40-28.log,,
224d755c,test_return_clamp_vial_home,False,2026-05-11 16:31:00,2026-05-11 16:31:38,unknown_backfilled,38.0,experiment_log2026-05-11_16-31-00.log,,
5755c40a,surfactant_grid_replay,False,2026-05-11 17:01:39,2026-05-11 20:14:19,unknown_backfilled,11560.0,experiment_log2026-05-11_17-01-39.log,,
05017398,glycerol_dispense_baseline,False,2026-05-12 06:32:17,2026-05-12 06:34:02,unknown_backfilled,105.0,experiment_log2026-05-12_06-32-17.log,,
d06f0949,enhanced_SP_arm_position_program_v1.1_xy_coordinate_system,False,2026-05-12 09:24:04,2026-05-12 09:30:25,unknown_backfilled,381.0,experiment_log2026-05-12_09-24-04.log,,
ae5eae1e,glycerol_dispense_baseline,False,2026-05-12 09:30:38,2026-05-12 09:31:06,unknown_backfilled,28.0,experiment_log2026-05-12_09-30-38.log,,
01e54815,glycerol_dispense_baseline,False,2026-05-12 09:40:34,2026-05-12 11:49:53,unknown_backfilled,7759.0,experiment_log2026-05-12_09-40-34.log,,
f6d2b3ca,surfactant_grid_adaptive_concentrations,False,2026-05-12 10:25:29,2026-05-12 10:26:16,unknown_backfilled,47.0,experiment_log2026-05-12_10-25-29.log,,
d7c962be,test_return_clamp_vial_home,False,2026-05-12 11:50:16,2026-05-12 11:50:47,unknown_backfilled,31.0,experiment_log2026-05-12_11-50-16.log,,
265d618b,glycerol_dispense_baseline,False,2026-05-12 11:53:09,2026-05-12 12:24:42,unknown_backfilled,1893.0,experiment_log2026-05-12_11-53-09.log,,
33dbe0f9,test_return_clamp_vial_home,False,2026-05-12 12:25:33,2026-05-12 12:26:00,unknown_backfilled,27.0,experiment_log2026-05-12_12-25-33.log,,
bf6fe9e0,surfactant_grid_replay,False,2026-05-12 12:37:42,2026-05-12 12:40:20,unknown_backfilled,158.0,experiment_log2026-05-12_12-37-42.log,,
46acc705,surfactant_grid_replay,False,2026-05-12 12:43:57,2026-05-12 12:44:58,unknown_backfilled,61.0,experiment_log2026-05-12_12-43-57.log,,
c319fe84,surfactant_grid_replay,False,2026-05-12 12:45:10,2026-05-12 12:45:18,unknown_backfilled,8.0,experiment_log2026-05-12_12-45-10.log,,
a4ffafce,enhanced_SP_arm_position_program_v1.1_xy_coordinate_system,False,2026-05-12 12:45:40,2026-05-12 12:46:20,unknown_backfilled,40.0,experiment_log2026-05-12_12-45-40.log,,
4a7976e1,surfactant_grid_replay,False,2026-05-12 12:48:58,2026-05-12 12:49:51,unknown_backfilled,53.0,experiment_log2026-05-12_12-48-58.log,,
e2cfdfa2,enhanced_SP_arm_position_program_v1.1_xy_coordinate_system,False,2026-05-12 12:50:10,2026-05-12 12:50:35,unknown_backfilled,25.0,experiment_log2026-05-12_12-50-10.log,,
3ad38df1,surfactant_grid_replay,False,2026-05-12 12:51:38,2026-05-12 15:11:05,unknown_backfilled,8367.0,experiment_log2026-05-12_12-51-38.log,,
fb2cef14,surfactant_grid_replay,False,2026-05-12 16:52:38,2026-05-12 16:52:44,unknown_backfilled,6.0,experiment_log2026-05-12_16-52-38.log,,
01ae4413,surfactant_grid_replay,False,2026-05-12 16:52:50,2026-05-12 19:17:02,unknown_backfilled,8652.0,experiment_log2026-05-12_16-52-50.log,,
f8a3125c,glycerol_dispense_baseline,False,2026-05-13 08:50:42,2026-05-13 09:28:41,unknown_backfilled,2279.0,experiment_log2026-05-13_08-50-42.log,,
ef53b1d2,surfactant_grid_replay,False,2026-05-13 09:26:39,2026-05-13 09:28:58,unknown_backfilled,139.0,experiment_log2026-05-13_09-26-39.log,,
b1a5c7ca,test_return_clamp_vial_home,False,2026-05-13 09:29:11,2026-05-13 09:30:04,unknown_backfilled,53.0,experiment_log2026-05-13_09-29-11.log,,
786c0fe8,surfactant_grid_replay,False,2026-05-13 09:34:58,2026-05-13 12:00:10,unknown_backfilled,8712.0,experiment_log2026-05-13_09-34-58.log,,
0e17b4d9,surfactant_grid_replay,False,2026-05-13 12:10:55,2026-05-13 12:13:24,unknown_backfilled,149.0,experiment_log2026-05-13_12-10-55.log,,
151fa4b8,surfactant_grid_replay,False,2026-05-13 12:14:51,2026-05-13 14:39:00,unknown_backfilled,8649.0,experiment_log2026-05-13_12-14-51.log,,
1e5279ae,glycerol_dispense_baseline,False,2026-05-13 14:40:02,2026-05-13 16:39:18,unknown_backfilled,7156.0,experiment_log2026-05-13_14-40-02.log,,
706af8ad,test_return_clamp_vial_home,False,2026-05-13 16:39:24,2026-05-13 16:39:53,unknown_backfilled,29.0,experiment_log2026-05-13_16-39-24.log,,
4fd54d22,glycerol_dispense_baseline,False,2026-05-13 16:55:03,2026-05-13 20:15:40,unknown_backfilled,12037.0,experiment_log2026-05-13_16-55-03.log,,
95743c79,test_return_clamp_vial_home,False,2026-05-14 08:45:36,2026-05-14 08:45:59,unknown_backfilled,23.0,experiment_log2026-05-14_08-45-36.log,,
d28854b7,glycerol_dispense_baseline,False,2026-05-14 08:52:35,2026-05-14 15:30:35,unknown_backfilled,23880.0,experiment_log2026-05-14_08-52-35.log,,
8db194ae,test_return_clamp_vial_home,False,2026-05-14 15:37:53,2026-05-14 15:38:16,unknown_backfilled,23.0,experiment_log2026-05-14_15-37-53.log,,
340480b2,glycerol_dispense_baseline,False,2026-05-14 15:52:09,2026-05-14 20:12:09,unknown_backfilled,15600.0,experiment_log2026-05-14_15-52-09.log,,
a2647f25,test_return_clamp_vial_home,False,2026-05-14 21:23:01,2026-05-14 21:23:29,unknown_backfilled,28.0,experiment_log2026-05-14_21-23-01.log,,
c79bf6de,glycerol_dispense_baseline,False,2026-05-14 21:23:47,2026-05-15 07:03:36,unknown_backfilled,34789.0,experiment_log2026-05-14_21-23-47.log,,
5765cd7b,test_return_clamp_vial_home,False,2026-05-15 07:03:44,2026-05-15 07:04:13,unknown_backfilled,29.0,experiment_log2026-05-15_07-03-44.log,,
050dfc66,glycerol_dispense_baseline,False,2026-05-15 07:04:37,2026-05-15 07:05:47,unknown_backfilled,70.0,experiment_log2026-05-15_07-04-37.log,,
31e9b29e,enhanced_SP_arm_position_program_v1.1_xy_coordinate_system,False,2026-05-19 10:44:15,2026-05-19 10:44:34,unknown_backfilled,19.0,experiment_log2026-05-19_10-44-15.log,,
a4e745db,glycerol_dispense_baseline,False,2026-05-19 10:44:54,2026-05-19 11:21:39,unknown_backfilled,2205.0,experiment_log2026-05-19_10-44-54.log,,
82edf46f,test_return_clamp_vial_home,False,2026-05-19 11:21:48,2026-05-19 11:22:14,unknown_backfilled,26.0,experiment_log2026-05-19_11-21-48.log,,
d1021adf,enhanced_SP_arm_position_program_v1.1_xy_coordinate_system,False,2026-05-19 11:22:22,2026-05-19 11:22:41,unknown_backfilled,19.0,experiment_log2026-05-19_11-22-22.log,,
554b49a2,batch_calibration_automation,False,2026-05-19 11:36:58,2026-05-19 11:37:21,unknown_backfilled,23.0,experiment_log2026-05-19_11-36-58.log,,
73930a2c,batch_calibration_automation,False,2026-05-19 11:40:38,2026-05-19 11:40:48,unknown_backfilled,10.0,experiment_log2026-05-19_11-40-38.log,,
869f70ad,unknown,False,2026-05-19 11:40:58,2026-05-19 11:41:03,unknown_backfilled,5.0,experiment_log2026-05-19_11-40-58.log,,
290fe157,batch_calibration_automation,False,2026-05-19 11:44:58,2026-05-19 11:45:09,unknown_backfilled,11.0,experiment_log2026-05-19_11-44-58.log,,
f199b3cf,unknown,False,2026-05-19 11:45:17,2026-05-19 11:45:21,unknown_backfilled,4.0,experiment_log2026-05-19_11-45-17.log,,
35f734b4,batch_calibration_automation,False,2026-05-19 11:46:35,2026-05-19 11:46:47,unknown_backfilled,12.0,experiment_log2026-05-19_11-46-35.log,,
6fd60a50,unknown,False,2026-05-19 11:46:54,2026-05-19 11:47:04,unknown_backfilled,10.0,experiment_log2026-05-19_11-46-54.log,,
a41bc562,batch_calibration_automation,False,2026-05-19 11:47:31,2026-05-19 11:47:42,unknown_backfilled,11.0,experiment_log2026-05-19_11-47-31.log,,
448c20d6,batch_calibration_automation,False,2026-05-19 11:48:04,2026-05-19 11:48:14,unknown_backfilled,10.0,experiment_log2026-05-19_11-48-04.log,,
c4420e48,batch_calibration_automation,False,2026-05-19 11:48:25,2026-05-19 11:48:48,unknown_backfilled,23.0,experiment_log2026-05-19_11-48-25.log,,
fa738bec,unknown,False,2026-05-19 11:48:55,2026-05-19 11:50:12,unknown_backfilled,77.0,experiment_log2026-05-19_11-48-55.log,,
fefe8b44,batch_calibration_automation,False,2026-05-19 11:52:28,2026-05-19 11:52:39,unknown_backfilled,11.0,experiment_log2026-05-19_11-52-28.log,,
2a1e2445,test_return_clamp_vial_home,False,2026-05-19 11:53:39,2026-05-19 11:53:50,unknown_backfilled,11.0,experiment_log2026-05-19_11-53-39.log,,
fc4df6a7,test_return_clamp_vial_home,False,2026-05-19 11:55:20,2026-05-19 11:55:29,unknown_backfilled,9.0,experiment_log2026-05-19_11-55-20.log,,
1c2e7bd5,test_return_clamp_vial_home,False,2026-05-19 11:56:27,2026-05-19 11:56:57,unknown_backfilled,30.0,experiment_log2026-05-19_11-56-27.log,,
605933da,batch_calibration_automation,False,2026-05-19 11:57:05,2026-05-19 11:57:36,unknown_backfilled,31.0,experiment_log2026-05-19_11-57-05.log,,
d3171593,unknown,False,2026-05-19 11:57:43,2026-05-19 12:20:59,unknown_backfilled,1396.0,experiment_log2026-05-19_11-57-43.log,,
b35a38ea,test_return_clamp_vial_home,False,2026-05-19 12:21:17,2026-05-19 12:21:22,unknown_backfilled,5.0,experiment_log2026-05-19_12-21-17.log,,
18b93301,test_return_clamp_vial_home,False,2026-05-19 12:24:49,2026-05-19 12:25:03,unknown_backfilled,14.0,experiment_log2026-05-19_12-24-49.log,,
98c3a054,test_return_clamp_vial_home,False,2026-05-19 12:26:16,2026-05-19 12:26:36,unknown_backfilled,20.0,experiment_log2026-05-19_12-26-16.log,,
6dcc6550,batch_calibration_automation,False,2026-05-19 12:26:50,2026-05-19 12:27:10,unknown_backfilled,20.0,experiment_log2026-05-19_12-26-50.log,,
4425e2bc,unknown,False,2026-05-19 12:27:19,2026-05-19 12:35:52,unknown_backfilled,513.0,experiment_log2026-05-19_12-27-19.log,,
d8b3fe1c,test_return_clamp_vial_home,False,2026-05-19 12:37:55,2026-05-19 12:39:00,unknown_backfilled,65.0,experiment_log2026-05-19_12-37-55.log,,
c146fac2,batch_calibration_automation,False,2026-05-19 12:39:10,2026-05-19 12:39:27,unknown_backfilled,17.0,experiment_log2026-05-19_12-39-10.log,,
e8b9b6a8,unknown,False,2026-05-19 12:39:35,2026-05-19 13:39:23,unknown_backfilled,3588.0,experiment_log2026-05-19_12-39-35.log,,
3b5e5f33,unknown,False,2026-05-19 13:39:36,2026-05-19 15:23:10,unknown_backfilled,6214.0,experiment_log2026-05-19_13-39-36.log,,
7e1e592b,test_return_clamp_vial_home,False,2026-05-19 15:47:43,2026-05-19 15:48:10,unknown_backfilled,27.0,experiment_log2026-05-19_15-47-43.log,,
fadf1347,batch_calibration_automation,False,2026-05-19 15:56:02,2026-05-19 15:59:40,unknown_backfilled,218.0,experiment_log2026-05-19_15-56-02.log,,
b1ce7bfa,unknown,False,2026-05-19 15:59:50,2026-05-19 17:05:49,unknown_backfilled,3959.0,experiment_log2026-05-19_15-59-50.log,,
9c4acd0c,unknown,False,2026-05-19 17:06:04,2026-05-19 18:25:54,unknown_backfilled,4790.0,experiment_log2026-05-19_17-06-04.log,,
d8703721,unknown,False,2026-05-19 18:26:08,2026-05-19 18:27:28,unknown_backfilled,80.0,experiment_log2026-05-19_18-26-08.log,,
505ea3ae,test_return_clamp_vial_home,False,2026-05-19 20:30:31,2026-05-19 20:31:16,unknown_backfilled,45.0,experiment_log2026-05-19_20-30-31.log,,
ed99638e,batch_calibration_automation,False,2026-05-19 20:31:52,2026-05-19 20:32:07,unknown_backfilled,15.0,experiment_log2026-05-19_20-31-52.log,,
c9e38535,unknown,False,2026-05-19 20:32:17,2026-05-19 20:34:06,unknown_backfilled,109.0,experiment_log2026-05-19_20-32-17.log,,
b7ace0ae,batch_calibration_automation,False,2026-05-19 20:34:11,2026-05-19 20:35:05,unknown_backfilled,54.0,experiment_log2026-05-19_20-34-11.log,,
21b67524,unknown,False,2026-05-19 20:35:13,2026-05-19 22:07:15,unknown_backfilled,5522.0,experiment_log2026-05-19_20-35-13.log,,
dc4bb02a,batch_calibration_automation,False,2026-05-20 09:00:41,2026-05-20 09:03:16,unknown_backfilled,155.0,experiment_log2026-05-20_09-00-41.log,,
825f0637,batch_calibration_automation,False,2026-05-20 09:03:25,2026-05-20 09:03:45,unknown_backfilled,20.0,experiment_log2026-05-20_09-03-25.log,,
9fe9a6e5,unknown,False,2026-05-20 09:03:55,2026-05-20 10:36:55,unknown_backfilled,5580.0,experiment_log2026-05-20_09-03-55.log,,
d6daff71,batch_calibration_automation,False,2026-05-20 10:53:33,2026-05-20 11:26:23,unknown_backfilled,1970.0,experiment_log2026-05-20_10-53-33.log,,
79e28bb4,unknown,False,2026-05-20 11:26:32,2026-05-20 12:43:47,unknown_backfilled,4635.0,experiment_log2026-05-20_11-26-32.log,,
697587d4,glycerol_dispense_baseline,False,2026-05-21 06:56:05,2026-05-21 09:39:12,unknown_backfilled,9787.0,experiment_log2026-05-21_06-56-05.log,,
96ba3489,glycerol_dispense_baseline,False,2026-05-21 09:49:36,2026-05-21 09:49:42,unknown_backfilled,6.0,experiment_log2026-05-21_09-49-36.log,,
41fef6e7,enhanced_SP_arm_position_program_v1.1_xy_coordinate_system,False,2026-05-21 09:50:11,2026-05-21 09:50:31,unknown_backfilled,20.0,experiment_log2026-05-21_09-50-11.log,,
b604fa3a,glycerol_dispense_baseline,False,2026-05-21 10:05:42,2026-05-21 14:42:45,unknown_backfilled,16623.0,experiment_log2026-05-21_10-05-42.log,,
6fef48db,surfactant_multidimensional_workflow,False,2026-05-21 11:06:21,2026-05-21 11:06:56,unknown_backfilled,35.0,experiment_log2026-05-21_11-06-21.log,,
e5ba2b4b,surfactant_multidimensional_workflow,False,2026-05-21 11:07:00,2026-05-21 11:09:21,unknown_backfilled,141.0,experiment_log2026-05-21_11-07-00.log,,
89b15641,surfactant_multidimensional_workflow,False,2026-05-21 13:33:10,2026-05-21 13:40:17,unknown_backfilled,427.0,experiment_log2026-05-21_13-33-10.log,,
ac69181d,test_return_clamp_vial_home,False,2026-05-21 14:43:16,2026-05-21 14:43:56,unknown_backfilled,40.0,experiment_log2026-05-21_14-43-16.log,,
3fa73929,test_return_clamp_vial_home,False,2026-05-21 14:44:41,2026-05-21 14:55:20,unknown_backfilled,639.0,experiment_log2026-05-21_14-44-41.log,,
de709d13,enhanced_SP_arm_position_program_v1.1_xy_coordinate_system,False,2026-05-21 14:56:09,2026-05-21 14:56:33,unknown_backfilled,24.0,experiment_log2026-05-21_14-56-09.log,,
318cfd75,surfactant_multidimensional_workflow,False,2026-05-21 15:17:06,2026-05-21 15:17:18,unknown_backfilled,12.0,experiment_log2026-05-21_15-17-06.log,,
5442169a,surfactant_multidimensional_workflow,False,2026-05-21 15:21:58,2026-05-21 15:22:21,unknown_backfilled,23.0,experiment_log2026-05-21_15-21-58.log,,
370a577a,surfactant_multidimensional_workflow,False,2026-05-21 15:22:24,2026-05-21 15:59:26,unknown_backfilled,2222.0,experiment_log2026-05-21_15-22-24.log,,
e5efe3d2,surfactant_multidimensional_workflow,False,2026-05-21 16:17:20,2026-05-21 16:18:25,unknown_backfilled,65.0,experiment_log2026-05-21_16-17-20.log,,
b5a86772,surfactant_multidimensional_workflow,False,2026-05-21 16:19:07,2026-05-22 04:07:50,unknown_backfilled,42523.0,experiment_log2026-05-21_16-19-07.log,,
c1874311,glycerol_dispense_baseline,False,2026-05-22 06:18:56,2026-05-22 06:20:09,unknown_backfilled,73.0,experiment_log2026-05-22_06-18-56.log,,
13f6b41e,glycerol_dispense_baseline,False,2026-05-22 06:21:39,2026-05-22 06:36:52,unknown_backfilled,913.0,experiment_log2026-05-22_06-21-39.log,,
cce10676,glycerol_dispense_baseline,False,2026-05-22 09:29:27,2026-05-22 09:29:34,unknown_backfilled,7.0,experiment_log2026-05-22_09-29-27.log,,
ab22d04a,test_return_clamp_vial_home,False,2026-05-22 09:29:54,2026-05-22 09:30:07,unknown_backfilled,13.0,experiment_log2026-05-22_09-29-54.log,,
6f51cd08,glycerol_dispense_baseline,False,2026-05-22 09:30:23,2026-05-22 09:30:48,unknown_backfilled,25.0,experiment_log2026-05-22_09-30-23.log,,
5b783b75,enhanced_SP_arm_position_program_v1.1_xy_coordinate_system,False,2026-05-22 09:31:07,2026-05-22 09:31:19,unknown_backfilled,12.0,experiment_log2026-05-22_09-31-07.log,,
3fd82aa9,enhanced_SP_arm_position_program_v1.1_xy_coordinate_system,False,2026-05-22 09:31:46,2026-05-22 09:31:49,unknown_backfilled,3.0,experiment_log2026-05-22_09-31-46.log,,
b0c93b91,glycerol_dispense_baseline,False,2026-05-22 09:32:36,2026-05-22 13:05:19,unknown_backfilled,12763.0,experiment_log2026-05-22_09-32-36.log,,
ebd3a503,surfactant_multidimensional_workflow,False,2026-05-22 11:41:10,2026-05-22 11:41:54,unknown_backfilled,44.0,experiment_log2026-05-22_11-41-10.log,,
3501aa24,surfactant_multidimensional_workflow,False,2026-05-22 13:26:37,2026-05-22 13:31:04,unknown_backfilled,267.0,experiment_log2026-05-22_13-26-37.log,,
a30f6c58,batch_calibration_automation,False,2026-05-22 13:32:11,2026-05-22 13:32:20,unknown_backfilled,9.0,experiment_log2026-05-22_13-32-11.log,,
3cf4988d,batch_calibration_automation,False,2026-05-22 13:32:30,2026-05-22 13:34:22,unknown_backfilled,112.0,experiment_log2026-05-22_13-32-30.log,,
065aba88,surfactant_multidimensional_workflow,False,2026-05-22 13:33:04,2026-05-22 13:38:42,unknown_backfilled,338.0,experiment_log2026-05-22_13-33-04.log,,
b06edbd0,unknown,False,2026-05-22 13:34:32,2026-05-22 13:35:08,unknown_backfilled,36.0,experiment_log2026-05-22_13-34-32.log,,
85a93281,batch_calibration_automation,False,2026-05-22 13:36:13,2026-05-22 13:36:35,unknown_backfilled,22.0,experiment_log2026-05-22_13-36-13.log,,
0291e429,unknown,False,2026-05-22 13:36:42,2026-05-22 13:37:17,unknown_backfilled,35.0,experiment_log2026-05-22_13-36-42.log,,
f2ceadc3,batch_calibration_automation,False,2026-05-22 13:38:40,2026-05-22 13:39:30,unknown_backfilled,50.0,experiment_log2026-05-22_13-38-40.log,,
46182578,unknown,False,2026-05-22 13:39:37,2026-05-22 15:13:09,unknown_backfilled,5612.0,experiment_log2026-05-22_13-39-37.log,,
a2b60b6c,surfactant_multidimensional_workflow,False,2026-05-22 15:29:19,2026-05-22 15:29:27,unknown_backfilled,8.0,experiment_log2026-05-22_15-29-19.log,,
59d897b2,surfactant_multidimensional_workflow,False,2026-05-22 15:31:36,2026-05-23 03:54:03,unknown_backfilled,44547.0,experiment_log2026-05-22_15-31-36.log,,
096282d0,glycerol_dispense_baseline,False,2026-05-24 20:07:49,2026-05-24 23:03:59,unknown_backfilled,10570.0,experiment_log2026-05-24_20-07-49.log,,
cef92cc5,glycerol_dispense_baseline,False,2026-05-25 09:00:44,2026-05-25 10:57:53,unknown_backfilled,7029.0,experiment_log2026-05-25_09-00-44.log,,
a7535745,glycerol_dispense_baseline,False,2026-05-25 10:59:53,2026-05-25 11:01:50,unknown_backfilled,117.0,experiment_log2026-05-25_10-59-53.log,,
be5335d1,demo_move_rel_xyz,False,2026-05-25 11:36:04,2026-05-25 11:36:29,unknown_backfilled,25.0,experiment_log2026-05-25_11-36-04.log,,
499bc665,demo_move_rel_xyz,False,2026-05-25 11:36:48,2026-05-25 11:37:04,unknown_backfilled,16.0,experiment_log2026-05-25_11-36-48.log,,
1baf17eb,demo_move_rel_xyz,False,2026-05-25 11:40:14,2026-05-25 11:40:43,unknown_backfilled,29.0,experiment_log2026-05-25_11-40-14.log,,
4e12d69c,demo_move_rel_xyz,False,2026-05-25 11:41:29,2026-05-25 11:42:08,unknown_backfilled,39.0,experiment_log2026-05-25_11-41-29.log,,
187ea37d,batch_calibration_automation,False,2026-05-25 12:23:50,2026-05-25 12:24:52,unknown_backfilled,62.0,experiment_log2026-05-25_12-23-50.log,,
afe50bba,unknown,False,2026-05-25 12:25:02,2026-05-25 12:30:00,unknown_backfilled,298.0,experiment_log2026-05-25_12-25-02.log,,
813ab613,test_return_clamp_vial_home,False,2026-05-25 13:48:36,2026-05-25 13:49:05,unknown_backfilled,29.0,experiment_log2026-05-25_13-48-36.log,,
c457c781,batch_calibration_automation,False,2026-05-25 13:49:22,2026-05-25 13:49:47,unknown_backfilled,25.0,experiment_log2026-05-25_13-49-22.log,,
191149cb,unknown,False,2026-05-25 13:49:57,2026-05-25 15:22:21,unknown_backfilled,5544.0,experiment_log2026-05-25_13-49-57.log,,
e6f9b14a,demo_move_rel_xyz,False,2026-05-25 15:28:40,2026-05-25 15:28:52,unknown_backfilled,12.0,experiment_log2026-05-25_15-28-40.log,,
b917deff,demo_move_rel_xyz,False,2026-05-25 15:29:35,2026-05-25 15:29:50,unknown_backfilled,15.0,experiment_log2026-05-25_15-29-35.log,,
c9719a83,test_get_pipet,False,2026-05-25 15:30:20,2026-05-25 15:30:56,unknown_backfilled,36.0,experiment_log2026-05-25_15-30-20.log,,
03212afd,batch_calibration_automation,False,2026-05-25 15:40:33,2026-05-25 15:56:35,unknown_backfilled,962.0,experiment_log2026-05-25_15-40-33.log,,
e20130c6,unknown,False,2026-05-25 15:56:45,2026-05-25 16:59:22,unknown_backfilled,3757.0,experiment_log2026-05-25_15-56-45.log,,
3fac3cfd,surfactant_multidimensional_workflow,False,2026-05-25 16:08:40,2026-05-25 16:12:53,unknown_backfilled,253.0,experiment_log2026-05-25_16-08-40.log,,
76ec3ef7,batch_calibration_automation,False,2026-05-26 06:35:10,2026-05-26 06:35:23,unknown_backfilled,13.0,experiment_log2026-05-26_06-35-10.log,,
5dbd9b23,glycerol_dispense_baseline,False,2026-05-26 06:36:13,2026-05-26 06:36:13,unknown_backfilled,0.0,experiment_log2026-05-26_06-36-13.log,,
7810c2b0,glycerol_dispense_baseline,False,2026-05-26 06:36:23,2026-05-26 06:38:46,unknown_backfilled,143.0,experiment_log2026-05-26_06-36-23.log,,
e6517939,glycerol_dispense_baseline,False,2026-05-26 08:53:02,2026-05-26 11:58:35,unknown_backfilled,11133.0,experiment_log2026-05-26_08-53-02.log,,
055b1766,surfactant_multidimensional_workflow,False,2026-05-26 11:40:52,2026-05-26 11:45:55,unknown_backfilled,303.0,experiment_log2026-05-26_11-40-52.log,,
e0db1c15,test_return_clamp_vial_home,False,2026-05-26 12:15:10,2026-05-26 12:15:50,unknown_backfilled,40.0,experiment_log2026-05-26_12-15-10.log,,
aea958b0,test_return_clamp_vial_home,False,2026-05-26 12:20:03,2026-05-26 12:20:37,unknown_backfilled,34.0,experiment_log2026-05-26_12-20-03.log,,
703f7c6d,test_return_clamp_vial_home,False,2026-05-26 12:22:18,2026-05-26 12:22:31,unknown_backfilled,13.0,experiment_log2026-05-26_12-22-18.log,,
dd6d3a34,test_return_clamp_vial_home,False,2026-05-26 12:22:41,2026-05-26 12:23:04,unknown_backfilled,23.0,experiment_log2026-05-26_12-22-41.log,,
4dbbf2c7,batch_calibration_automation,False,2026-05-26 12:24:43,2026-05-26 12:27:02,unknown_backfilled,139.0,experiment_log2026-05-26_12-24-43.log,,
0450a49f,unknown,False,2026-05-26 12:27:12,2026-05-26 12:29:58,unknown_backfilled,166.0,experiment_log2026-05-26_12-27-12.log,,
5380110e,test_return_clamp_vial_home,False,2026-05-26 12:30:50,2026-05-26 12:31:14,unknown_backfilled,24.0,experiment_log2026-05-26_12-30-50.log,,
00f1753f,batch_calibration_automation,False,2026-05-26 12:31:35,2026-05-26 12:32:42,unknown_backfilled,67.0,experiment_log2026-05-26_12-31-35.log,,
35e15f77,unknown,False,2026-05-26 12:32:49,2026-05-26 13:57:34,unknown_backfilled,5085.0,experiment_log2026-05-26_12-32-49.log,,
dab04d96,batch_calibration_automation,False,2026-05-26 14:26:33,2026-05-26 14:27:17,unknown_backfilled,44.0,experiment_log2026-05-26_14-26-33.log,,
42c6befe,unknown,False,2026-05-26 14:27:26,2026-05-26 15:39:30,unknown_backfilled,4324.0,experiment_log2026-05-26_14-27-26.log,,
1c7477e5,glycerol_dispense_baseline,False,2026-05-27 06:14:54,2026-05-27 09:38:41,unknown_backfilled,12227.0,experiment_log2026-05-27_06-14-54.log,,
2602e0f1,glycerol_dispense_baseline,False,2026-05-27 09:51:50,2026-05-27 11:30:08,unknown_backfilled,5898.0,experiment_log2026-05-27_09-51-50.log,,
919053bd,test_return_clamp_vial_home,False,2026-05-27 11:32:22,2026-05-27 11:33:10,unknown_backfilled,48.0,experiment_log2026-05-27_11-32-22.log,,
7f1fc3bc,test_return_clamp_vial_home,False,2026-05-27 11:33:56,2026-05-27 11:34:21,unknown_backfilled,25.0,experiment_log2026-05-27_11-33-56.log,,
b19dfc84,batch_calibration_automation,False,2026-05-27 11:35:47,2026-05-27 11:37:08,unknown_backfilled,81.0,experiment_log2026-05-27_11-35-47.log,,
cbde62a4,unknown,False,2026-05-27 11:37:18,2026-05-27 11:37:54,unknown_backfilled,36.0,experiment_log2026-05-27_11-37-18.log,,
5d9c3af6,batch_calibration_automation,False,2026-05-27 11:38:38,2026-05-27 11:39:18,unknown_backfilled,40.0,experiment_log2026-05-27_11-38-38.log,,
830ecdbe,unknown,False,2026-05-27 11:39:26,2026-05-27 11:48:43,unknown_backfilled,557.0,experiment_log2026-05-27_11-39-26.log,,
4e1f7c9f,test_return_clamp_vial_home,False,2026-05-27 11:48:56,2026-05-27 11:49:19,unknown_backfilled,23.0,experiment_log2026-05-27_11-48-56.log,,
0f31b468,batch_calibration_automation,False,2026-05-27 11:52:38,2026-05-27 11:53:51,unknown_backfilled,73.0,experiment_log2026-05-27_11-52-38.log,,
36a4abdb,unknown,False,2026-05-27 11:54:00,2026-05-27 13:27:10,unknown_backfilled,5590.0,experiment_log2026-05-27_11-54-00.log,,
772c6f69,batch_calibration_automation,False,2026-05-27 14:19:37,2026-05-27 14:19:43,unknown_backfilled,6.0,experiment_log2026-05-27_14-19-37.log,,
871b137e,batch_calibration_automation,False,2026-05-27 14:19:55,2026-05-27 14:20:19,unknown_backfilled,24.0,experiment_log2026-05-27_14-19-55.log,,
8852aff5,unknown,False,2026-05-27 14:20:29,2026-05-27 15:30:22,unknown_backfilled,4193.0,experiment_log2026-05-27_14-20-29.log,,
3ac8a9de,surfactant_multidimensional_workflow,False,2026-05-27 15:12:34,2026-05-27 15:21:55,unknown_backfilled,561.0,experiment_log2026-05-27_15-12-34.log,,
267c26f9,batch_calibration_automation,False,2026-05-27 16:08:50,2026-05-27 16:08:55,unknown_backfilled,5.0,experiment_log2026-05-27_16-08-50.log,,
f878f7c7,batch_calibration_automation,False,2026-05-27 16:09:06,2026-05-27 16:09:29,unknown_backfilled,23.0,experiment_log2026-05-27_16-09-06.log,,
f06562f0,unknown,False,2026-05-27 16:09:39,2026-05-27 17:07:55,unknown_backfilled,3496.0,experiment_log2026-05-27_16-09-39.log,,
cc569e04,glycerol_dispense_baseline,False,2026-05-28 07:04:18,2026-05-28 08:56:12,unknown_backfilled,6714.0,experiment_log2026-05-28_07-04-18.log,,
26d12cf4,glycerol_dispense_baseline,False,2026-05-28 12:00:02,2026-05-28 16:38:22,unknown_backfilled,16700.0,experiment_log2026-05-28_12-00-02.log,,
651010c4,glycerol_dispense_baseline,False,2026-05-28 16:52:11,2026-05-28 17:15:20,unknown_backfilled,1389.0,experiment_log2026-05-28_16-52-11.log,,
62829746,surfactant_multidimensional_workflow,False,2026-05-28 17:23:15,2026-05-28 17:29:31,unknown_backfilled,376.0,experiment_log2026-05-28_17-23-15.log,,
73568fbc,glycerol_dispense_baseline,False,2026-05-29 06:57:43,2026-05-29 09:54:58,unknown_backfilled,10635.0,experiment_log2026-05-29_06-57-43.log,,
18e25726,glycerol_dispense_baseline,False,2026-05-29 10:14:42,2026-05-29 14:02:41,unknown_backfilled,13679.0,experiment_log2026-05-29_10-14-42.log,,
bd275468,surfactant_multidimensional_workflow,False,2026-05-29 10:27:32,2026-05-29 10:34:46,unknown_backfilled,434.0,experiment_log2026-05-29_10-27-32.log,,
7b99f47a,reset,False,2026-05-29 14:03:14,2026-05-29 14:03:28,unknown_backfilled,14.0,experiment_log2026-05-29_14-03-14.log,,
b961fe63,reset,False,2026-05-29 14:03:42,2026-05-29 14:04:16,unknown_backfilled,34.0,experiment_log2026-05-29_14-03-42.log,,
e8daf4b9,test_powder_dispense,False,2026-05-29 14:12:33,2026-05-29 14:12:57,unknown_backfilled,24.0,experiment_log2026-05-29_14-12-33.log,,
7f5fa9f5,test_powder_dispense,False,2026-05-29 14:14:38,2026-05-29 14:14:46,unknown_backfilled,8.0,experiment_log2026-05-29_14-14-38.log,,
69ef90b7,test_powder_dispense,False,2026-05-29 14:20:10,2026-05-29 14:20:22,unknown_backfilled,12.0,experiment_log2026-05-29_14-20-10.log,,
5f129161,test_powder_dispense,False,2026-05-29 14:21:02,2026-05-29 14:22:42,unknown_backfilled,100.0,experiment_log2026-05-29_14-21-02.log,,
2e139b84,test_powder_dispense,False,2026-05-29 14:34:53,2026-05-29 14:35:02,unknown_backfilled,9.0,experiment_log2026-05-29_14-34-53.log,,
14f31e5d,mof_synthesis_workflow,False,2026-05-29 14:39:15,2026-05-29 14:39:26,unknown_backfilled,11.0,experiment_log2026-05-29_14-39-15.log,,
331815a6,mof_synthesis_workflow,False,2026-05-29 14:39:55,2026-05-29 14:39:59,unknown_backfilled,4.0,experiment_log2026-05-29_14-39-55.log,,
3998e848,mof_synthesis_workflow,False,2026-05-29 14:41:49,2026-05-29 14:45:37,unknown_backfilled,228.0,experiment_log2026-05-29_14-41-49.log,,
502cdc12,mof_synthesis_workflow,False,2026-05-29 14:57:47,2026-05-29 15:03:51,unknown_backfilled,364.0,experiment_log2026-05-29_14-57-47.log,,
dbf0a3e6,mof_synthesis_workflow,False,2026-05-29 15:07:28,2026-05-29 15:07:45,unknown_backfilled,17.0,experiment_log2026-05-29_15-07-28.log,,
65a1553f,mof_synthesis_workflow,False,2026-05-29 15:10:17,2026-05-29 15:10:31,unknown_backfilled,14.0,experiment_log2026-05-29_15-10-17.log,,
01e0ab2e,mof_synthesis_workflow,False,2026-05-29 15:11:12,2026-05-29 16:30:50,unknown_backfilled,4778.0,experiment_log2026-05-29_15-11-12.log,,
40f3374c,enhanced_SP_arm_position_program_v1.1_xy_coordinate_system,False,2026-05-29 16:32:17,2026-05-29 16:32:36,unknown_backfilled,19.0,experiment_log2026-05-29_16-32-17.log,,
b3cb4dc0,glycerol_dispense_baseline,False,2026-06-01 05:42:21,2026-06-01 05:42:49,unknown_backfilled,28.0,experiment_log2026-06-01_05-42-21.log,,
44ecfdbb,glycerol_dispense_baseline,False,2026-06-01 08:54:54,2026-06-01 09:00:20,unknown_backfilled,326.0,experiment_log2026-06-01_08-54-54.log,,
535908a0,glycerol_dispense_baseline,False,2026-06-01 09:00:39,2026-06-01 09:01:18,unknown_backfilled,39.0,experiment_log2026-06-01_09-00-39.log,,
3531fc6f,glycerol_dispense_baseline,False,2026-06-01 09:02:04,2026-06-01 09:02:30,unknown_backfilled,26.0,experiment_log2026-06-01_09-02-04.log,,
038f9ddf,glycerol_dispense_baseline,False,2026-06-01 09:02:43,2026-06-01 15:50:14,unknown_backfilled,24451.0,experiment_log2026-06-01_09-02-43.log,,
a4f9ac99,surfactant_multidimensional_workflow,False,2026-06-01 10:18:15,2026-06-01 10:18:49,unknown_backfilled,34.0,experiment_log2026-06-01_10-18-15.log,,
318ff76e,unknown,False,2026-06-01 16:00:43,2026-06-01 16:00:47,unknown_backfilled,4.0,experiment_log2026-06-01_16-00-43.log,,
029df46b,calibration_vials_short_mass_validation,False,2026-06-01 16:17:13,2026-06-01 16:19:38,unknown_backfilled,145.0,experiment_log2026-06-01_16-17-13.log,,
757a41be,unknown,False,2026-06-01 16:19:41,2026-06-01 16:21:49,unknown_backfilled,128.0,experiment_log2026-06-01_16-19-41.log,,
0b6a6471,unknown,False,2026-06-01 16:21:52,2026-06-01 16:23:59,unknown_backfilled,127.0,experiment_log2026-06-01_16-21-52.log,,
6d88cf8e,unknown,False,2026-06-01 16:24:02,2026-06-01 16:26:07,unknown_backfilled,125.0,experiment_log2026-06-01_16-24-02.log,,
ba9ccc71,unknown,False,2026-06-01 16:26:10,2026-06-01 16:28:17,unknown_backfilled,127.0,experiment_log2026-06-01_16-26-10.log,,
9fa8e29e,unknown,False,2026-06-01 16:28:20,2026-06-01 16:30:26,unknown_backfilled,126.0,experiment_log2026-06-01_16-28-20.log,,
db5162dc,surfactant_multidimensional_workflow,False,2026-06-01 16:53:16,2026-06-01 16:55:16,unknown_backfilled,120.0,experiment_log2026-06-01_16-53-16.log,,
c0eb9ce5,surfactant_multidimensional_workflow,False,2026-06-01 17:05:55,2026-06-01 17:08:13,unknown_backfilled,138.0,experiment_log2026-06-01_17-05-55.log,,
ebe1a4f8,glycerol_dispense_baseline,False,2026-06-02 08:59:30,2026-06-02 10:45:10,unknown_backfilled,6340.0,experiment_log2026-06-02_08-59-30.log,,
2ea74825,surfactant_multidimensional_workflow,False,2026-06-02 09:02:39,2026-06-02 09:04:19,unknown_backfilled,100.0,experiment_log2026-06-02_09-02-39.log,,
4bb67270,surfactant_multidimensional_workflow,False,2026-06-02 10:45:17,2026-06-02 10:45:31,unknown_backfilled,14.0,experiment_log2026-06-02_10-45-17.log,,
1f7c4966,batch_calibration_automation,False,2026-06-02 10:54:10,2026-06-02 10:54:29,unknown_backfilled,19.0,experiment_log2026-06-02_10-54-10.log,,
2bf275c6,unknown,False,2026-06-02 10:54:40,2026-06-02 11:58:35,unknown_backfilled,3835.0,experiment_log2026-06-02_10-54-40.log,,
13cc6022,surfactant_multidimensional_workflow,False,2026-06-02 11:30:07,2026-06-02 11:30:28,unknown_backfilled,21.0,experiment_log2026-06-02_11-30-07.log,,
9ca80047,batch_calibration_automation,False,2026-06-02 12:16:00,2026-06-02 12:18:29,unknown_backfilled,149.0,experiment_log2026-06-02_12-16-00.log,,
28b2c350,unknown,False,2026-06-02 12:18:39,2026-06-02 13:14:36,unknown_backfilled,3357.0,experiment_log2026-06-02_12-18-39.log,,
7d264cfd,batch_calibration_automation,False,2026-06-02 13:18:09,2026-06-02 13:19:56,unknown_backfilled,107.0,experiment_log2026-06-02_13-18-09.log,,
cb63de9f,unknown,False,2026-06-02 13:20:06,2026-06-02 14:40:34,unknown_backfilled,4828.0,experiment_log2026-06-02_13-20-06.log,,
ce6fd41c,surfactant_multidimensional_workflow,False,2026-06-02 16:14:38,2026-06-02 16:16:07,unknown_backfilled,89.0,experiment_log2026-06-02_16-14-38.log,,
0bf543d3,unknown,False,2026-06-02 17:21:12,2026-06-02 17:21:25,unknown_backfilled,13.0,experiment_log2026-06-02_17-21-12.log,,
bd37d383,unknown,False,2026-06-02 17:47:30,2026-06-02 17:48:02,unknown_backfilled,32.0,experiment_log2026-06-02_17-47-30.log,,
a3032c9b,unknown,False,2026-06-02 17:49:14,2026-06-02 17:55:53,unknown_backfilled,399.0,experiment_log2026-06-02_17-49-14.log,,
afda028a,unknown,False,2026-06-02 17:55:56,2026-06-02 18:02:45,unknown_backfilled,409.0,experiment_log2026-06-02_17-55-56.log,,
21a5839b,unknown,False,2026-06-02 18:02:48,2026-06-02 18:03:41,unknown_backfilled,53.0,experiment_log2026-06-02_18-02-48.log,,
17aaf79e,unknown,False,2026-06-02 18:23:34,2026-06-02 18:23:40,unknown_backfilled,6.0,experiment_log2026-06-02_18-23-34.log,,
8d71c2d9,unknown,False,2026-06-02 18:30:57,2026-06-02 18:32:11,unknown_backfilled,74.0,experiment_log2026-06-02_18-30-57.log,,
e4537b13,two_point_series_calibration_demo,False,2026-06-02 18:33:58,2026-06-02 18:34:20,unknown_backfilled,22.0,experiment_log2026-06-02_18-33-58.log,,
39653033,two_point_series_calibration_demo,False,2026-06-02 18:34:33,2026-06-02 18:59:13,unknown_backfilled,1480.0,experiment_log2026-06-02_18-34-33.log,,
4e47eb98,unknown,False,2026-06-02 18:59:16,2026-06-02 19:12:34,unknown_backfilled,798.0,experiment_log2026-06-02_18-59-16.log,,
6e9de0ab,unknown,False,2026-06-02 19:12:37,2026-06-02 19:26:44,unknown_backfilled,847.0,experiment_log2026-06-02_19-12-37.log,,
35da6eff,unknown,False,2026-06-02 19:26:48,2026-06-02 19:46:20,unknown_backfilled,1172.0,experiment_log2026-06-02_19-26-48.log,,
8ccb2465,two_point_series_calibration_demo,False,2026-06-02 20:01:22,2026-06-02 20:05:21,unknown_backfilled,239.0,experiment_log2026-06-02_20-01-22.log,,
cf4f5f09,test_return_clamp_vial_home,False,2026-06-02 20:32:48,2026-06-02 20:33:20,unknown_backfilled,32.0,experiment_log2026-06-02_20-32-48.log,,
37c99869,surfactant_multidimensional_workflow,False,2026-06-02 20:33:24,2026-06-02 20:43:38,unknown_backfilled,614.0,experiment_log2026-06-02_20-33-24.log,,
5ba6ed2a,test_return_clamp_vial_home,False,2026-06-03 08:43:45,2026-06-03 08:43:50,unknown_backfilled,5.0,experiment_log2026-06-03_08-43-45.log,,
bfd7cd69,enhanced_SP_arm_position_program_v1.1_xy_coordinate_system,False,2026-06-03 08:44:08,2026-06-03 08:45:47,unknown_backfilled,99.0,experiment_log2026-06-03_08-44-08.log,,
35de96a9,Heating,False,2026-06-03 09:52:32,2026-06-03 09:55:26,unknown_backfilled,174.0,experiment_log2026-06-03_09-52-32.log,,
7a14356f,Heating,False,2026-06-03 09:59:26,2026-06-03 09:59:29,unknown_backfilled,3.0,experiment_log2026-06-03_09-59-26.log,,
b373a80f,Heating,False,2026-06-03 09:59:48,2026-06-03 10:04:51,unknown_backfilled,303.0,experiment_log2026-06-03_09-59-48.log,,
a63df2a9,Heating,False,2026-06-03 10:11:00,2026-06-03 10:12:16,unknown_backfilled,76.0,experiment_log2026-06-03_10-11-00.log,,
30150b3a,Heating,False,2026-06-03 10:12:19,2026-06-03 10:13:47,unknown_backfilled,88.0,experiment_log2026-06-03_10-12-19.log,,
81bb8806,Heating,False,2026-06-03 10:14:12,2026-06-03 10:14:22,unknown_backfilled,10.0,experiment_log2026-06-03_10-14-12.log,,
6ed2bb55,Heating,False,2026-06-03 10:14:51,2026-06-03 10:15:30,unknown_backfilled,39.0,experiment_log2026-06-03_10-14-51.log,,
cdcf68da,glycerol_dispense_baseline,False,2026-06-03 10:19:37,2026-06-03 11:07:59,unknown_backfilled,2902.0,experiment_log2026-06-03_10-19-37.log,,
ee9434b5,batch_calibration_automation,False,2026-06-03 11:24:11,2026-06-03 11:24:22,unknown_backfilled,11.0,experiment_log2026-06-03_11-24-11.log,,
a33d3530,batch_calibration_automation,False,2026-06-03 11:27:21,2026-06-03 11:31:15,unknown_backfilled,234.0,experiment_log2026-06-03_11-27-21.log,,
b52abc1c,unknown,False,2026-06-03 11:31:24,2026-06-03 12:53:53,unknown_backfilled,4949.0,experiment_log2026-06-03_11-31-24.log,,
13d9b499,unknown,False,2026-06-03 12:54:10,2026-06-03 13:01:29,unknown_backfilled,439.0,experiment_log2026-06-03_12-54-10.log,,
b89e372f,two_point_series_calibration_demo,False,2026-06-03 13:34:14,2026-06-03 13:41:51,unknown_backfilled,457.0,experiment_log2026-06-03_13-34-14.log,,
4018573f,test_return_clamp_vial_home,False,2026-06-03 13:43:38,2026-06-03 13:44:02,unknown_backfilled,24.0,experiment_log2026-06-03_13-43-38.log,,
0cd46451,two_point_series_calibration_demo,False,2026-06-03 13:45:33,2026-06-03 13:46:38,unknown_backfilled,65.0,experiment_log2026-06-03_13-45-33.log,,
84d4964e,test_return_clamp_vial_home,False,2026-06-03 13:46:52,2026-06-03 13:47:19,unknown_backfilled,27.0,experiment_log2026-06-03_13-46-52.log,,
d598cecb,two_point_series_calibration_demo,False,2026-06-03 13:48:40,2026-06-03 14:16:52,unknown_backfilled,1692.0,experiment_log2026-06-03_13-48-40.log,,
f5a6a194,batch_calibration_automation,False,2026-06-03 14:56:32,2026-06-03 14:57:24,unknown_backfilled,52.0,experiment_log2026-06-03_14-56-32.log,,
711896f3,unknown,False,2026-06-03 14:57:34,2026-06-03 16:52:59,unknown_backfilled,6925.0,experiment_log2026-06-03_14-57-34.log,,
b908e674,batch_calibration_automation,False,2026-06-03 17:08:56,2026-06-03 17:09:07,unknown_backfilled,11.0,experiment_log2026-06-03_17-08-56.log,,
4c63c683,unknown,False,2026-06-03 17:09:19,2026-06-03 17:09:19,unknown_backfilled,0.0,experiment_log2026-06-03_17-09-19.log,,
84a47d0d,batch_calibration_automation,False,2026-06-03 17:11:01,2026-06-03 17:11:09,unknown_backfilled,8.0,experiment_log2026-06-03_17-11-01.log,,
4afe8be2,batch_calibration_automation,False,2026-06-03 17:11:16,2026-06-03 17:11:21,unknown_backfilled,5.0,experiment_log2026-06-03_17-11-16.log,,
6aed3141,unknown,False,2026-06-03 17:11:31,2026-06-03 17:11:31,unknown_backfilled,0.0,experiment_log2026-06-03_17-11-31.log,,
2387413d,batch_calibration_automation,False,2026-06-03 17:11:46,2026-06-03 17:13:02,unknown_backfilled,76.0,experiment_log2026-06-03_17-11-46.log,,
0e1db1e9,unknown,False,2026-06-03 17:13:10,2026-06-03 18:54:29,unknown_backfilled,6079.0,experiment_log2026-06-03_17-13-10.log,,
fce81f79,glycerol_dispense_baseline,False,2026-06-04 08:54:51,2026-06-04 11:16:43,unknown_backfilled,8512.0,experiment_log2026-06-04_08-54-51.log,,
79438910,two_point_series_calibration_demo,False,2026-06-04 11:55:21,2026-06-04 11:55:23,unknown_backfilled,2.0,experiment_log2026-06-04_11-55-21.log,,
dce0c2e2,two_point_series_calibration_demo,False,2026-06-04 11:55:37,2026-06-04 11:58:10,unknown_backfilled,153.0,experiment_log2026-06-04_11-55-37.log,,
8d1f535c,test_return_clamp_vial_home,False,2026-06-04 12:00:22,2026-06-04 12:00:49,unknown_backfilled,27.0,experiment_log2026-06-04_12-00-22.log,,
56759c8f,two_point_series_calibration_demo,False,2026-06-04 12:03:17,2026-06-04 12:10:11,unknown_backfilled,414.0,experiment_log2026-06-04_12-03-17.log,,
ddd34a83,test_return_clamp_vial_home,False,2026-06-04 12:10:38,2026-06-04 12:11:11,unknown_backfilled,33.0,experiment_log2026-06-04_12-10-38.log,,
e3d8e32c,two_point_series_calibration_demo,False,2026-06-04 12:12:12,2026-06-04 12:50:33,unknown_backfilled,2301.0,experiment_log2026-06-04_12-12-12.log,,
c1fef2cc,batch_calibration_automation,False,2026-06-04 13:06:05,2026-06-04 13:06:41,unknown_backfilled,36.0,experiment_log2026-06-04_13-06-05.log,,
f3c1d11c,unknown,False,2026-06-04 13:06:50,2026-06-04 14:59:37,unknown_backfilled,6767.0,experiment_log2026-06-04_13-06-50.log,,
75e21380,two_point_series_calibration_demo,False,2026-06-04 15:58:37,2026-06-04 15:58:38,unknown_backfilled,1.0,experiment_log2026-06-04_15-58-37.log,,
bc9dd4e4,two_point_series_calibration_demo,False,2026-06-04 15:59:45,2026-06-04 16:26:02,unknown_backfilled,1577.0,experiment_log2026-06-04_15-59-45.log,,
151b0b2f,surfactant_multidimensional_workflow,False,2026-06-04 16:28:07,2026-06-04 16:28:15,unknown_backfilled,8.0,experiment_log2026-06-04_16-28-07.log,,
7ba985ed,surfactant_multidimensional_workflow,False,2026-06-04 16:38:35,2026-06-04 16:38:47,unknown_backfilled,12.0,experiment_log2026-06-04_16-38-35.log,,
82ecb3fe,surfactant_multidimensional_workflow,False,2026-06-04 16:39:37,2026-06-05 06:28:14,unknown_backfilled,49717.0,experiment_log2026-06-04_16-39-37.log,,
f7089da9,glycerol_dispense_baseline,False,2026-06-05 06:37:47,2026-06-05 06:50:29,unknown_backfilled,762.0,experiment_log2026-06-05_06-37-47.log,,
f00115e8,glycerol_dispense_baseline,False,2026-06-05 09:11:30,2026-06-05 09:15:13,unknown_backfilled,223.0,experiment_log2026-06-05_09-11-30.log,,
d0ddfcec,glycerol_dispense_baseline,False,2026-06-05 09:15:40,2026-06-05 09:22:22,unknown_backfilled,402.0,experiment_log2026-06-05_09-15-40.log,,
db2d0899,glycerol_dispense_baseline,False,2026-06-05 09:26:23,2026-06-05 10:38:31,unknown_backfilled,4328.0,experiment_log2026-06-05_09-26-23.log,,
80ecf956,test_return_clamp_vial_home,False,2026-06-05 10:39:45,2026-06-05 10:40:58,unknown_backfilled,73.0,experiment_log2026-06-05_10-39-45.log,,
9f9cd4de,reset,False,2026-06-05 10:46:27,2026-06-05 10:46:38,unknown_backfilled,11.0,experiment_log2026-06-05_10-46-27.log,,
13254b90,mof_synthesis_workflow,False,2026-06-05 10:59:41,2026-06-05 11:01:46,unknown_backfilled,125.0,experiment_log2026-06-05_10-59-41.log,,
2775c497,mof_synthesis_workflow,False,2026-06-05 11:02:22,2026-06-05 11:07:39,unknown_backfilled,317.0,experiment_log2026-06-05_11-02-22.log,,
a78ebbeb,mof_synthesis_workflow,False,2026-06-05 11:42:37,2026-06-05 13:00:28,unknown_backfilled,4671.0,experiment_log2026-06-05_11-42-37.log,,
b6e26dea,surfactant_multidimensional_workflow,False,2026-06-05 13:49:11,2026-06-05 13:53:09,unknown_backfilled,238.0,experiment_log2026-06-05_13-49-11.log,,
3464bc9d,surfactant_multidimensional_workflow,False,2026-06-05 13:53:12,2026-06-05 13:53:20,unknown_backfilled,8.0,experiment_log2026-06-05_13-53-12.log,,
f4008bd0,surfactant_multidimensional_workflow,False,2026-06-05 16:44:58,2026-06-05 16:45:51,unknown_backfilled,53.0,experiment_log2026-06-05_16-44-58.log,,
54d78e87,surfactant_multidimensional_workflow,False,2026-06-05 16:45:53,2026-06-05 16:46:02,unknown_backfilled,9.0,experiment_log2026-06-05_16-45-53.log,,
038c0fb3,surfactant_multidimensional_workflow,False,2026-06-05 18:05:20,2026-06-06 06:37:29,unknown_backfilled,45129.0,experiment_log2026-06-05_18-05-20.log,,
eff39ef5,glycerol_dispense_baseline,False,2026-06-08 09:18:48,2026-06-08 10:44:19,unknown_backfilled,5131.0,experiment_log2026-06-08_09-18-48.log,,
51d577e5,glycerol_dispense_baseline,False,2026-06-08 10:46:32,2026-06-08 16:22:10,unknown_backfilled,20138.0,experiment_log2026-06-08_10-46-32.log,,
8a187f6f,surfactant_multidimensional_workflow,False,2026-06-08 16:17:38,2026-06-08 16:20:14,unknown_backfilled,156.0,experiment_log2026-06-08_16-17-38.log,,
37094782,test_return_clamp_vial_home,False,2026-06-08 16:22:44,2026-06-08 16:22:53,unknown_backfilled,9.0,experiment_log2026-06-08_16-22-44.log,,
6da63669,glycerol_dispense_baseline,False,2026-06-08 16:23:03,2026-06-08 16:23:42,unknown_backfilled,39.0,experiment_log2026-06-08_16-23-03.log,,
5841ce48,glycerol_dispense_baseline,False,2026-06-08 16:36:26,2026-06-08 16:36:36,unknown_backfilled,10.0,experiment_log2026-06-08_16-36-26.log,,
c6a14036,surfactant_multidimensional_workflow,False,2026-06-08 16:37:08,2026-06-09 06:31:34,unknown_backfilled,50066.0,experiment_log2026-06-08_16-37-08.log,,
1dad5fb0,mof_synthesis_workflow,False,2026-06-09 10:47:00,2026-06-09 10:48:12,unknown_backfilled,72.0,experiment_log2026-06-09_10-47-00.log,,
3d1178ba,mof_synthesis_workflow,False,2026-06-09 10:52:22,2026-06-09 10:55:16,unknown_backfilled,174.0,experiment_log2026-06-09_10-52-22.log,,
b11a6320,mof_synthesis_workflow,False,2026-06-09 11:01:19,2026-06-09 11:01:40,unknown_backfilled,21.0,experiment_log2026-06-09_11-01-19.log,,
35e1868f,mof_synthesis_workflow,False,2026-06-09 13:24:41,2026-06-09 13:25:21,unknown_backfilled,40.0,experiment_log2026-06-09_13-24-41.log,,
0a86ac46,mof_synthesis_workflow_concurrent,False,2026-06-09 13:27:07,2026-06-09 13:27:53,unknown_backfilled,46.0,experiment_log2026-06-09_13-27-07.log,,
79ac1f91,mof_synthesis_workflow_concurrent,False,2026-06-09 13:30:00,2026-06-09 13:31:14,unknown_backfilled,74.0,experiment_log2026-06-09_13-30-00.log,,
5cf65c61,mof_synthesis_workflow_multiple,False,2026-06-09 13:43:11,2026-06-09 13:43:37,unknown_backfilled,26.0,experiment_log2026-06-09_13-43-11.log,,
2fe70796,mof_synthesis_workflow_multiple,False,2026-06-09 14:14:35,2026-06-09 14:16:01,unknown_backfilled,86.0,experiment_log2026-06-09_14-14-35.log,,
948c8219,mof_synthesis_workflow_multiple,False,2026-06-09 14:21:57,2026-06-09 14:25:00,unknown_backfilled,183.0,experiment_log2026-06-09_14-21-57.log,,
09bed027,mof_synthesis_workflow_multiple,False,2026-06-09 14:25:42,2026-06-09 14:25:59,unknown_backfilled,17.0,experiment_log2026-06-09_14-25-42.log,,
7d514fbf,mof_synthesis_workflow_multiple,False,2026-06-09 14:56:26,2026-06-09 15:09:59,unknown_backfilled,813.0,experiment_log2026-06-09_14-56-26.log,,
08cf7500,mof_synthesis_workflow_multiple,False,2026-06-09 15:10:07,2026-06-09 15:10:25,unknown_backfilled,18.0,experiment_log2026-06-09_15-10-07.log,,
04e9a7f7,reset,False,2026-06-09 15:12:32,2026-06-09 15:21:30,unknown_backfilled,538.0,experiment_log2026-06-09_15-12-32.log,,
0838e29d,mof_synthesis_workflow_multiple,False,2026-06-09 15:21:40,2026-06-09 15:23:17,unknown_backfilled,97.0,experiment_log2026-06-09_15-21-40.log,,
40da6afa,surfactant_multidimensional_workflow,False,2026-06-09 16:46:20,2026-06-09 16:49:26,unknown_backfilled,186.0,experiment_log2026-06-09_16-46-20.log,,
2f60b330,two_point_series_calibration_demo,False,2026-06-10 11:12:34,2026-06-10 11:15:15,unknown_backfilled,161.0,experiment_log2026-06-10_11-12-34.log,,
73c3950e,two_point_series_calibration_demo,False,2026-06-10 11:15:59,2026-06-10 11:46:37,unknown_backfilled,1838.0,experiment_log2026-06-10_11-15-59.log,,
65170bf3,ilya_workflow_v2,False,2026-06-10 11:46:41,2026-06-10 11:59:27,unknown_backfilled,766.0,experiment_log2026-06-10_11-46-41.log,,
a329e157,ilya_workflow_v2,False,2026-06-10 11:59:31,2026-06-10 12:14:54,unknown_backfilled,923.0,experiment_log2026-06-10_11-59-31.log,,
5d91d26b,ilya_workflow_v2,False,2026-06-10 12:14:57,2026-06-10 12:45:08,unknown_backfilled,1811.0,experiment_log2026-06-10_12-14-57.log,,
fbcf917f,ilya_workflow_v2,False,2026-06-10 12:45:14,2026-06-10 12:45:14,unknown_backfilled,0.0,experiment_log2026-06-10_12-45-14.log,,
34cd104c,two_point_series_calibration_demo,False,2026-06-10 12:48:37,2026-06-10 13:03:02,unknown_backfilled,865.0,experiment_log2026-06-10_12-48-37.log,,
7e77a456,ilya_workflow_v2,False,2026-06-10 13:03:05,2026-06-10 13:10:47,unknown_backfilled,462.0,experiment_log2026-06-10_13-03-05.log,,
ec45a215,test_return_clamp_vial_home,False,2026-06-10 13:16:55,2026-06-10 13:17:05,unknown_backfilled,10.0,experiment_log2026-06-10_13-16-55.log,,
021ac8b9,two_point_series_calibration_demo,False,2026-06-10 13:22:24,2026-06-10 13:24:43,unknown_backfilled,139.0,experiment_log2026-06-10_13-22-24.log,,
6e0ea8a5,two_point_series_calibration_demo,False,2026-06-10 13:26:11,2026-06-10 13:30:37,unknown_backfilled,266.0,experiment_log2026-06-10_13-26-11.log,,
f1cd1be1,two_point_series_calibration_demo,False,2026-06-10 13:31:34,2026-06-10 13:32:04,unknown_backfilled,30.0,experiment_log2026-06-10_13-31-34.log,,
7f4253ef,two_point_series_calibration_demo,False,2026-06-10 13:34:19,2026-06-10 13:49:37,unknown_backfilled,918.0,experiment_log2026-06-10_13-34-19.log,,
41784bb1,ilya_workflow_v2,False,2026-06-10 14:26:21,2026-06-10 14:26:47,unknown_backfilled,26.0,experiment_log2026-06-10_14-26-21.log,,
84b5759f,ilya_workflow_v2,False,2026-06-10 14:28:23,2026-06-10 14:29:04,unknown_backfilled,41.0,experiment_log2026-06-10_14-28-23.log,,
527fa00a,ilya_workflow_v2,False,2026-06-10 14:29:14,2026-06-10 14:30:41,unknown_backfilled,87.0,experiment_log2026-06-10_14-29-14.log,,
e9704d10,ilya_workflow_v2,False,2026-06-10 14:32:16,2026-06-10 14:32:26,unknown_backfilled,10.0,experiment_log2026-06-10_14-32-16.log,,
e24d2410,ilya_workflow_v2,False,2026-06-10 14:32:44,2026-06-10 14:40:02,unknown_backfilled,438.0,experiment_log2026-06-10_14-32-44.log,,
16fc28b3,reset,False,2026-06-10 14:45:58,2026-06-10 14:46:12,unknown_backfilled,14.0,experiment_log2026-06-10_14-45-58.log,,
d4fdbec3,ilya_workflow_v2,False,2026-06-10 14:47:39,2026-06-10 14:48:03,unknown_backfilled,24.0,experiment_log2026-06-10_14-47-39.log,,
ab486ae0,ilya_workflow_v2,False,2026-06-10 14:48:58,2026-06-10 15:17:28,unknown_backfilled,1710.0,experiment_log2026-06-10_14-48-58.log,,
8f2666b2,reset,False,2026-06-10 15:18:21,2026-06-10 15:18:35,unknown_backfilled,14.0,experiment_log2026-06-10_15-18-21.log,,
f1a96961,ilya_workflow_v2,False,2026-06-10 15:40:41,2026-06-10 16:08:03,unknown_backfilled,1642.0,experiment_log2026-06-10_15-40-41.log,,
80035173,ilya_workflow_v2,False,2026-06-10 16:24:54,2026-06-10 16:25:02,unknown_backfilled,8.0,experiment_log2026-06-10_16-24-54.log,,
232a6972,ilya_workflow_v2,False,2026-06-10 16:25:10,2026-06-10 16:53:05,unknown_backfilled,1675.0,experiment_log2026-06-10_16-25-10.log,,
d674a418,ilya_workflow_v2,False,2026-06-10 17:05:28,2026-06-10 17:08:19,unknown_backfilled,171.0,experiment_log2026-06-10_17-05-28.log,,
74711f9d,ilya_workflow_v2,False,2026-06-10 17:08:50,2026-06-10 17:37:15,unknown_backfilled,1705.0,experiment_log2026-06-10_17-08-50.log,,
692a0e1e,glycerol_dispense_baseline,False,2026-06-11 10:28:29,2026-06-11 11:40:22,unknown_backfilled,4313.0,experiment_log2026-06-11_10-28-29.log,,
a898185d,surfactant_multidimensional_workflow,False,2026-06-11 11:45:24,2026-06-11 11:45:26,unknown_backfilled,2.0,experiment_log2026-06-11_11-45-24.log,,
5271b597,glycerol_dispense_baseline,False,2026-06-11 14:30:27,2026-06-11 16:06:10,unknown_backfilled,5743.0,experiment_log2026-06-11_14-30-27.log,,
1d953220,surfactant_multidimensional_workflow,False,2026-06-11 16:24:23,2026-06-11 16:35:04,unknown_backfilled,641.0,experiment_log2026-06-11_16-24-23.log,,
668541d7,surfactant_multidimensional_workflow,False,2026-06-11 16:36:46,2026-06-11 16:45:50,unknown_backfilled,544.0,experiment_log2026-06-11_16-36-46.log,,
b12d4c72,surfactant_multidimensional_workflow,False,2026-06-11 16:45:58,2026-06-11 16:46:44,unknown_backfilled,46.0,experiment_log2026-06-11_16-45-58.log,,
05870acc,surfactant_multidimensional_workflow,False,2026-06-11 16:46:54,2026-06-11 16:48:23,unknown_backfilled,89.0,experiment_log2026-06-11_16-46-54.log,,
ea0ac22c,surfactant_multidimensional_workflow,False,2026-06-11 16:53:05,2026-06-12 05:29:47,unknown_backfilled,45402.0,experiment_log2026-06-11_16-53-05.log,,
73a205ae,glycerol_dispense_baseline,False,2026-06-12 06:47:33,2026-06-12 09:29:47,unknown_backfilled,9734.0,experiment_log2026-06-12_06-47-33.log,,
4394c6b7,glycerol_dispense_baseline,False,2026-06-12 09:49:29,2026-06-12 16:03:50,unknown_backfilled,22461.0,experiment_log2026-06-12_09-49-29.log,,
3f735861,surfactant_multidimensional_workflow,False,2026-06-12 11:21:38,2026-06-12 11:23:39,unknown_backfilled,121.0,experiment_log2026-06-12_11-21-38.log,,
41d4df41,surfactant_multidimensional_workflow,False,2026-06-12 16:17:10,2026-06-12 16:22:29,unknown_backfilled,319.0,experiment_log2026-06-12_16-17-10.log,,
c1cede67,surfactant_multidimensional_workflow,False,2026-06-12 16:23:09,2026-06-12 16:23:25,unknown_backfilled,16.0,experiment_log2026-06-12_16-23-09.log,,
bfb4b1d2,surfactant_multidimensional_workflow,False,2026-06-12 16:24:27,2026-06-12 16:26:32,unknown_backfilled,125.0,experiment_log2026-06-12_16-24-27.log,,
474cc82a,surfactant_multidimensional_workflow,False,2026-06-12 16:31:39,2026-06-12 16:37:26,unknown_backfilled,347.0,experiment_log2026-06-12_16-31-39.log,,
26d29674,surfactant_multidimensional_workflow,False,2026-06-12 16:37:32,2026-06-12 16:37:52,unknown_backfilled,20.0,experiment_log2026-06-12_16-37-32.log,,
63e4d8ce,surfactant_multidimensional_workflow,False,2026-06-12 16:51:44,2026-06-12 16:53:01,unknown_backfilled,77.0,experiment_log2026-06-12_16-51-44.log,,
626739ed,surfactant_multidimensional_workflow,False,2026-06-12 16:55:05,2026-06-12 16:55:18,unknown_backfilled,13.0,experiment_log2026-06-12_16-55-05.log,,
730722e0,surfactant_multidimensional_workflow,False,2026-06-12 16:55:30,2026-06-15 08:45:42,unknown_backfilled,229812.0,experiment_log2026-06-12_16-55-30.log,,
7b85224c,glycerol_dispense_baseline,False,2026-06-13 14:36:39,2026-06-13 14:37:26,unknown_backfilled,47.0,experiment_log2026-06-13_14-36-39.log,,
f19b4618,test_get_pipet,False,2026-06-15 08:48:25,2026-06-15 08:50:05,unknown_backfilled,100.0,experiment_log2026-06-15_08-48-25.log,,
16b82e17,test_get_pipet,False,2026-06-15 09:02:04,2026-06-15 09:03:54,unknown_backfilled,110.0,experiment_log2026-06-15_09-02-04.log,,
53f3389b,test_get_pipet,False,2026-06-15 09:04:44,2026-06-15 09:05:06,unknown_backfilled,22.0,experiment_log2026-06-15_09-04-44.log,,
f199d817,test_get_pipet,False,2026-06-15 09:54:13,2026-06-15 09:54:30,unknown_backfilled,17.0,experiment_log2026-06-15_09-54-13.log,,
4bb1a44d,test_get_pipet,False,2026-06-15 09:54:48,2026-06-15 09:56:19,unknown_backfilled,91.0,experiment_log2026-06-15_09-54-48.log,,
759def2b,test_get_pipet,False,2026-06-15 09:57:24,2026-06-15 09:58:49,unknown_backfilled,85.0,experiment_log2026-06-15_09-57-24.log,,
3741b3c7,test_get_pipet,False,2026-06-15 09:59:28,2026-06-15 10:00:47,unknown_backfilled,79.0,experiment_log2026-06-15_09-59-28.log,,
aee70646,test_get_pipet,False,2026-06-15 10:02:55,2026-06-15 10:04:23,unknown_backfilled,88.0,experiment_log2026-06-15_10-02-55.log,,
8d304177,test_get_pipet,False,2026-06-15 10:06:37,2026-06-15 10:07:56,unknown_backfilled,79.0,experiment_log2026-06-15_10-06-37.log,,
6fe64afa,enhanced_SP_arm_position_program_v1.1_xy_coordinate_system,False,2026-06-15 10:09:44,2026-06-15 10:10:13,unknown_backfilled,29.0,experiment_log2026-06-15_10-09-44.log,,
d5985cac,enhanced_SP_arm_position_program_v1.1_xy_coordinate_system,False,2026-06-15 10:10:49,2026-06-15 10:16:53,unknown_backfilled,364.0,experiment_log2026-06-15_10-10-49.log,,
96b0cfe0,enhanced_SP_arm_position_program_v1.1_xy_coordinate_system,False,2026-06-15 10:17:36,2026-06-15 10:18:09,unknown_backfilled,33.0,experiment_log2026-06-15_10-17-36.log,,
55789bb3,test_get_pipet,False,2026-06-15 10:19:23,2026-06-15 10:19:46,unknown_backfilled,23.0,experiment_log2026-06-15_10-19-23.log,,
eb41b90d,Water_pipetting_test_SP,False,2026-06-15 10:47:58,2026-06-15 10:50:32,unknown_backfilled,154.0,experiment_log2026-06-15_10-47-58.log,,
ef6f1aa6,Water_pipetting_test_SP,False,2026-06-15 11:52:39,2026-06-15 11:52:51,unknown_backfilled,12.0,experiment_log2026-06-15_11-52-39.log,,
e45fa9f2,Water_pipetting_test_SP,False,2026-06-15 11:54:05,2026-06-15 11:56:06,unknown_backfilled,121.0,experiment_log2026-06-15_11-54-05.log,,
1c4872a4,glycerol_dispense_baseline,False,2026-06-15 11:57:17,2026-06-15 11:57:18,unknown_backfilled,1.0,experiment_log2026-06-15_11-57-17.log,,
3e37003e,glycerol_dispense_baseline,False,2026-06-15 11:57:33,2026-06-15 12:00:04,unknown_backfilled,151.0,experiment_log2026-06-15_11-57-33.log,,
324ea616,glycerol_dispense_baseline,False,2026-06-15 12:00:22,2026-06-15 15:17:47,unknown_backfilled,11845.0,experiment_log2026-06-15_12-00-22.log,,
020d37eb,surfactant_multidimensional_workflow,False,2026-06-15 15:37:53,2026-06-16 04:10:10,unknown_backfilled,45137.0,experiment_log2026-06-15_15-37-53.log,,
dc2cbfec,glycerol_dispense_baseline,False,2026-06-16 06:55:09,2026-06-16 09:15:29,unknown_backfilled,8420.0,experiment_log2026-06-16_06-55-09.log,,
58d2471a,glycerol_dispense_baseline,False,2026-06-16 09:45:18,2026-06-16 11:04:35,unknown_backfilled,4757.0,experiment_log2026-06-16_09-45-18.log,,
db61bdc2,surfactant_multidimensional_workflow,False,2026-06-16 10:28:48,2026-06-16 10:49:39,unknown_backfilled,1251.0,experiment_log2026-06-16_10-28-48.log,,
84e12b9a,validate_debug_test_SP,False,2026-06-16 11:04:52,2026-06-16 11:05:21,unknown_backfilled,29.0,experiment_log2026-06-16_11-04-52.log,,
b4885756,validate_debug_test_SP,False,2026-06-16 11:05:48,2026-06-16 11:06:09,unknown_backfilled,21.0,experiment_log2026-06-16_11-05-48.log,,
0cfdee89,validate_debug_test_SP,False,2026-06-16 11:06:53,2026-06-16 11:08:20,unknown_backfilled,87.0,experiment_log2026-06-16_11-06-53.log,,
8d8220d7,validate_debug_test_SP,False,2026-06-16 11:10:45,2026-06-16 11:12:56,unknown_backfilled,131.0,experiment_log2026-06-16_11-10-45.log,,
a56a1252,validate_debug_test_SP,False,2026-06-16 11:14:23,2026-06-16 11:15:37,unknown_backfilled,74.0,experiment_log2026-06-16_11-14-23.log,,
463a7bab,validate_debug_test_SP,False,2026-06-16 11:21:17,2026-06-16 11:21:36,unknown_backfilled,19.0,experiment_log2026-06-16_11-21-17.log,,
f7e7163a,validate_debug_test_SP,False,2026-06-16 11:22:06,2026-06-16 11:24:39,unknown_backfilled,153.0,experiment_log2026-06-16_11-22-06.log,,
8513e8fb,validate_debug_test_SP,False,2026-06-16 11:25:33,2026-06-16 11:25:37,unknown_backfilled,4.0,experiment_log2026-06-16_11-25-33.log,,
e769c06e,validate_debug_test_SP,False,2026-06-16 11:25:43,2026-06-16 11:27:41,unknown_backfilled,118.0,experiment_log2026-06-16_11-25-43.log,,
24527c16,validate_debug_test_SP,False,2026-06-16 11:38:45,2026-06-16 11:40:08,unknown_backfilled,83.0,experiment_log2026-06-16_11-38-45.log,,
42dfbd5c,validate_debug_test_SP,False,2026-06-16 11:42:15,2026-06-16 11:43:32,unknown_backfilled,77.0,experiment_log2026-06-16_11-42-15.log,,
f37949b8,glycerol_dispense_baseline,False,2026-06-16 11:43:53,2026-06-16 13:52:33,unknown_backfilled,7720.0,experiment_log2026-06-16_11-43-53.log,,
4926d02c,validate_debug_test_SP,False,2026-06-16 13:52:59,2026-06-16 13:54:06,unknown_backfilled,67.0,experiment_log2026-06-16_13-52-59.log,,
2c385d3a,glycerol_dispense_baseline,False,2026-06-16 13:55:13,2026-06-16 14:05:03,unknown_backfilled,590.0,experiment_log2026-06-16_13-55-13.log,,
33947fca,validate_debug_test_SP,False,2026-06-16 14:06:38,2026-06-16 14:06:38,unknown_backfilled,0.0,experiment_log2026-06-16_14-06-38.log,,
97242dd1,validate_debug_test_SP,False,2026-06-16 14:06:43,2026-06-16 14:07:53,unknown_backfilled,70.0,experiment_log2026-06-16_14-06-43.log,,
b52dffd8,glycerol_dispense_baseline,False,2026-06-16 14:33:15,2026-06-16 14:57:43,unknown_backfilled,1468.0,experiment_log2026-06-16_14-33-15.log,,
86c874e7,glycerol_dispense_baseline,False,2026-06-16 14:58:04,2026-06-16 16:00:34,unknown_backfilled,3750.0,experiment_log2026-06-16_14-58-04.log,,
116ec56e,validate_debug_test_SP,False,2026-06-16 16:03:28,2026-06-16 16:03:38,unknown_backfilled,10.0,experiment_log2026-06-16_16-03-28.log,,
7e8bdcae,surfactant_multidimensional_workflow,False,2026-06-16 16:03:42,2026-06-16 19:21:11,unknown_backfilled,11849.0,experiment_log2026-06-16_16-03-42.log,,
0f45ee67,surfactant_multidimensional_workflow,False,2026-06-17 05:56:39,2026-06-17 05:57:27,unknown_backfilled,48.0,experiment_log2026-06-17_05-56-39.log,,
db2df42e,glycerol_dispense_baseline,False,2026-06-17 08:51:47,2026-06-17 08:52:37,unknown_backfilled,50.0,experiment_log2026-06-17_08-51-47.log,,
1a686a75,glycerol_dispense_baseline,False,2026-06-17 08:52:44,2026-06-17 10:02:42,unknown_backfilled,4198.0,experiment_log2026-06-17_08-52-44.log,,
5829b74a,validate_debug_test_SP,False,2026-06-17 10:03:06,2026-06-17 10:04:29,unknown_backfilled,83.0,experiment_log2026-06-17_10-03-06.log,,
34469da2,validate_debug_test_SP,False,2026-06-17 10:05:06,2026-06-17 10:06:52,unknown_backfilled,106.0,experiment_log2026-06-17_10-05-06.log,,
fe453c26,validate_debug_test_SP,False,2026-06-17 10:10:06,2026-06-17 10:12:35,unknown_backfilled,149.0,experiment_log2026-06-17_10-10-06.log,,
a76ebde8,glycerol_dispense_baseline,False,2026-06-17 10:13:36,2026-06-17 13:49:51,unknown_backfilled,12975.0,experiment_log2026-06-17_10-13-36.log,,
0a8a3bf9,surfactant_multidimensional_workflow,False,2026-06-17 12:50:33,2026-06-17 12:51:12,unknown_backfilled,39.0,experiment_log2026-06-17_12-50-33.log,,
4d3ba0f4,glycerol_dispense_baseline,False,2026-06-17 13:50:17,2026-06-17 14:45:33,unknown_backfilled,3316.0,experiment_log2026-06-17_13-50-17.log,,
a25a102f,surfactant_multidimensional_workflow,False,2026-06-17 14:59:56,2026-06-17 16:20:06,unknown_backfilled,4810.0,experiment_log2026-06-17_14-59-56.log,,
5ba38d68,glycerol_dispense_baseline,False,2026-06-18 09:06:02,2026-06-18 13:08:45,unknown_backfilled,14563.0,experiment_log2026-06-18_09-06-02.log,,
3d0ff3ad,surfactant_multidimensional_workflow,False,2026-06-18 09:52:35,2026-06-18 09:57:31,unknown_backfilled,296.0,experiment_log2026-06-18_09-52-35.log,,
3c54120f,glycerol_dispense_baseline,False,2026-06-18 13:22:51,2026-06-18 15:48:27,unknown_backfilled,8736.0,experiment_log2026-06-18_13-22-51.log,,
b18473b1,glycerol_dispense_baseline,False,2026-06-19 08:59:59,2026-06-19 10:44:09,unknown_backfilled,6250.0,experiment_log2026-06-19_08-59-59.log,,
3f6fa92e,position_test_SP,False,2026-06-19 10:45:09,2026-06-19 10:45:19,unknown_backfilled,10.0,experiment_log2026-06-19_10-45-09.log,,
4303e6ef,position_test_SP,False,2026-06-19 10:46:24,2026-06-19 10:47:36,unknown_backfilled,72.0,experiment_log2026-06-19_10-46-24.log,,
4529c799,glycerol_dispense_baseline,False,2026-06-19 10:48:01,2026-06-19 12:54:39,unknown_backfilled,7598.0,experiment_log2026-06-19_10-48-01.log,,
c031d465,enhanced_SP_arm_position_program_v1.1_xy_coordinate_system,False,2026-06-19 13:08:57,2026-06-19 13:09:43,unknown_backfilled,46.0,experiment_log2026-06-19_13-08-57.log,,
ecb72758,enhanced_SP_arm_position_program_v1.1_xy_coordinate_system,False,2026-06-19 13:23:43,2026-06-19 13:25:22,unknown_backfilled,99.0,experiment_log2026-06-19_13-23-43.log,,
dfe813f8,position_test_SP,False,2026-06-19 13:32:26,2026-06-19 13:32:53,unknown_backfilled,27.0,experiment_log2026-06-19_13-32-26.log,,
cf4ae6be,enhanced_SP_arm_position_program_v1.1_xy_coordinate_system,False,2026-06-19 13:33:09,2026-06-19 13:33:29,unknown_backfilled,20.0,experiment_log2026-06-19_13-33-09.log,,
63893b95,position_test_SP,False,2026-06-19 13:34:11,2026-06-19 13:35:17,unknown_backfilled,66.0,experiment_log2026-06-19_13-34-11.log,,
20979ec7,position_test_SP,False,2026-06-19 13:35:37,2026-06-19 13:36:52,unknown_backfilled,75.0,experiment_log2026-06-19_13-35-37.log,,
3b748a36,glycerol_dispense_baseline,False,2026-06-19 13:37:29,2026-06-19 16:17:49,unknown_backfilled,9620.0,experiment_log2026-06-19_13-37-29.log,,
4519cf28,surfactant_multidimensional_workflow,False,2026-06-19 16:44:29,2026-06-20 05:08:20,unknown_backfilled,44631.0,experiment_log2026-06-19_16-44-29.log,,
467dc9b1,glycerol_dispense_baseline,False,2026-06-20 07:20:30,2026-06-20 09:42:42,unknown_backfilled,8532.0,experiment_log2026-06-20_07-20-30.log,,
e2ee178d,glycerol_dispense_baseline,False,2026-06-22 08:52:07,2026-06-22 14:31:10,unknown_backfilled,20343.0,experiment_log2026-06-22_08-52-07.log,,
d7035c6f,surfactant_multidimensional_workflow,False,2026-06-22 13:24:00,2026-06-22 13:24:34,unknown_backfilled,34.0,experiment_log2026-06-22_13-24-00.log,,
4a1f6767,surfactant_multidimensional_workflow,False,2026-06-22 13:24:38,2026-06-22 13:29:58,unknown_backfilled,320.0,experiment_log2026-06-22_13-24-38.log,,
64484332,glycerol_dispense_baseline,False,2026-06-22 14:43:55,2026-06-22 14:48:53,unknown_backfilled,298.0,experiment_log2026-06-22_14-43-55.log,,
6fee8eec,glycerol_dispense_baseline,False,2026-06-22 14:48:57,2026-06-22 14:49:01,unknown_backfilled,4.0,experiment_log2026-06-22_14-48-57.log,,
58387f9b,test_get_pipet,False,2026-06-22 14:51:42,2026-06-22 14:51:53,unknown_backfilled,11.0,experiment_log2026-06-22_14-51-42.log,,
75c754fa,test_get_pipet,False,2026-06-22 14:52:03,2026-06-22 14:54:05,unknown_backfilled,122.0,experiment_log2026-06-22_14-52-03.log,,
2708553a,glycerol_dispense_baseline,False,2026-06-22 14:54:55,2026-06-22 14:55:59,unknown_backfilled,64.0,experiment_log2026-06-22_14-54-55.log,,
ac92da00,glycerol_dispense_baseline,False,2026-06-22 14:56:07,2026-06-22 15:49:42,unknown_backfilled,3215.0,experiment_log2026-06-22_14-56-07.log,,
9ea14824,enhanced_SP_arm_position_program_v1.1_xy_coordinate_system,False,2026-06-23 11:37:12,2026-06-23 11:37:51,unknown_backfilled,39.0,experiment_log2026-06-23_11-37-12.log,,
76bc1ee5,Pipette_testing_positions_SP,False,2026-06-23 11:46:39,2026-06-23 11:47:16,unknown_backfilled,37.0,experiment_log2026-06-23_11-46-39.log,,
fa6a7399,Pipette_testing_positions_SP,False,2026-06-23 11:47:19,2026-06-23 11:54:15,unknown_backfilled,416.0,experiment_log2026-06-23_11-47-19.log,,
5c1c4269,Pipette_testing_positions_SP,False,2026-06-23 11:55:25,2026-06-23 11:56:12,unknown_backfilled,47.0,experiment_log2026-06-23_11-55-25.log,,
2f0a4b7b,Pipette_testing_positions_SP,False,2026-06-23 11:56:25,2026-06-23 11:57:45,unknown_backfilled,80.0,experiment_log2026-06-23_11-56-25.log,,
9b162910,Pipette_testing_positions_SP,False,2026-06-23 11:57:57,2026-06-23 12:00:44,unknown_backfilled,167.0,experiment_log2026-06-23_11-57-57.log,,
6c1c3325,glycerol_dispense_baseline,False,2026-06-23 12:00:53,2026-06-23 15:19:35,unknown_backfilled,11922.0,experiment_log2026-06-23_12-00-53.log,,
f045140a,surfactant_multidimensional_workflow,False,2026-06-23 15:10:04,2026-06-23 15:10:52,unknown_backfilled,48.0,experiment_log2026-06-23_15-10-04.log,,
8ac52c26,surfactant_multidimensional_workflow,False,2026-06-23 15:28:18,2026-06-24 05:14:09,unknown_backfilled,49551.0,experiment_log2026-06-23_15-28-18.log,,
2a653f0c,glycerol_dispense_baseline,False,2026-06-24 09:40:57,2026-06-24 10:24:49,unknown_backfilled,2632.0,experiment_log2026-06-24_09-40-57.log,,
710a1ddd,glycerol_dispense_baseline,False,2026-06-25 08:53:31,2026-06-25 13:05:23,unknown_backfilled,15112.0,experiment_log2026-06-25_08-53-31.log,,
740ff2e4,surfactant_multidimensional_workflow,False,2026-06-25 11:19:19,2026-06-25 11:22:24,unknown_backfilled,185.0,experiment_log2026-06-25_11-19-19.log,,
a26fad91,glycerol_dispense_baseline,False,2026-06-25 13:15:14,2026-06-25 16:27:10,unknown_backfilled,11516.0,experiment_log2026-06-25_13-15-14.log,,
9aafba04,glycerol_dispense_baseline,False,2026-06-26 09:14:15,2026-06-26 09:14:19,unknown_backfilled,4.0,experiment_log2026-06-26_09-14-15.log,,
e7a3b926,glycerol_dispense_baseline,False,2026-06-26 09:17:04,2026-06-26 09:17:35,unknown_backfilled,31.0,experiment_log2026-06-26_09-17-04.log,,
2ddcb4c4,glycerol_dispense_baseline,False,2026-06-26 09:18:02,2026-06-26 13:41:27,unknown_backfilled,15805.0,experiment_log2026-06-26_09-18-02.log,,
7bd4f168,surfactant_multidimensional_workflow,False,2026-06-26 09:30:17,2026-06-26 09:32:07,unknown_backfilled,110.0,experiment_log2026-06-26_09-30-17.log,,
6fbe7761,glycerol_dispense_baseline,False,2026-06-26 13:48:21,2026-06-26 15:49:54,unknown_backfilled,7293.0,experiment_log2026-06-26_13-48-21.log,,
dc9cd23b,surfactant_multidimensional_workflow,False,2026-06-26 15:58:07,2026-06-27 04:32:11,unknown_backfilled,45244.0,experiment_log2026-06-26_15-58-07.log,,
78ad94d8,glycerol_dispense_baseline,False,2026-06-28 11:31:39,2026-06-28 12:19:41,unknown_backfilled,2882.0,experiment_log2026-06-28_11-31-39.log,,
2e49b620,glycerol_dispense_baseline,False,2026-07-06 08:57:29,2026-07-06 14:08:18,unknown_backfilled,18649.0,experiment_log2026-07-06_08-57-29.log,,
abbeb632,surfactant_multidimensional_workflow,False,2026-07-06 12:58:44,2026-07-06 13:05:43,unknown_backfilled,419.0,experiment_log2026-07-06_12-58-44.log,,
e93396f9,glycerol_dispense_baseline,False,2026-07-06 14:22:26,2026-07-06 16:00:48,unknown_backfilled,5902.0,experiment_log2026-07-06_14-22-26.log,,
0b3ce6ad,glycerol_dispense_baseline,False,2026-07-07 10:15:39,2026-07-07 10:16:07,unknown_backfilled,28.0,experiment_log2026-07-07_10-15-39.log,,
561fdcbc,glycerol_dispense_baseline,False,2026-07-07 11:19:04,2026-07-07 15:23:52,unknown_backfilled,14688.0,experiment_log2026-07-07_11-19-04.log,,
508dc1ec,surfactant_multidimensional_workflow,False,2026-07-07 15:04:13,2026-07-07 15:09:32,unknown_backfilled,319.0,experiment_log2026-07-07_15-04-13.log,,
745fe845,Water_pipetting_test_SP,False,2026-07-07 15:25:08,2026-07-07 15:25:13,unknown_backfilled,5.0,experiment_log2026-07-07_15-25-08.log,,
1158b0b6,Water_pipetting_test_SP,False,2026-07-07 15:25:26,2026-07-07 15:26:55,unknown_backfilled,89.0,experiment_log2026-07-07_15-25-26.log,,
ad51226d,Pipette_testing_positions_SP,False,2026-07-07 15:28:19,2026-07-07 15:30:14,unknown_backfilled,115.0,experiment_log2026-07-07_15-28-19.log,,
64da2111,Pipette_testing_positions_SP,False,2026-07-07 15:30:47,2026-07-07 15:30:50,unknown_backfilled,3.0,experiment_log2026-07-07_15-30-47.log,,
b05e0f90,Pipette_testing_positions_SP,False,2026-07-07 15:31:15,2026-07-07 15:33:12,unknown_backfilled,117.0,experiment_log2026-07-07_15-31-15.log,,
80fc57e5,Pipette_testing_positions_SP,False,2026-07-07 15:39:48,2026-07-07 15:43:22,unknown_backfilled,214.0,experiment_log2026-07-07_15-39-48.log,,
3c0916dd,position_test_SP,False,2026-07-07 15:44:25,2026-07-07 15:45:42,unknown_backfilled,77.0,experiment_log2026-07-07_15-44-25.log,,
706c0c18,Surfacant_Worflow_vial_movement_SP,False,2026-07-08 09:35:38,2026-07-08 09:37:45,unknown_backfilled,127.0,experiment_log2026-07-08_09-35-38.log,,
81d7b8b9,Surfacant_Worflow_vial_movement_SP,False,2026-07-08 09:38:28,2026-07-08 09:38:35,unknown_backfilled,7.0,experiment_log2026-07-08_09-38-28.log,,
a79600b5,Surfacant_Worflow_vial_movement_SP,False,2026-07-08 09:43:19,2026-07-08 09:43:31,unknown_backfilled,12.0,experiment_log2026-07-08_09-43-19.log,,
bfcf4d10,Surfacant_Worflow_vial_movement_SP,False,2026-07-08 09:43:49,2026-07-08 09:44:40,unknown_backfilled,51.0,experiment_log2026-07-08_09-43-49.log,,
279b6ad3,Surfacant_Worflow_vial_movement_SP,False,2026-07-08 09:46:12,2026-07-08 09:48:33,unknown_backfilled,141.0,experiment_log2026-07-08_09-46-12.log,,
25ecffa7,enhanced_SP_arm_position_program_v1.1_xy_coordinate_system,False,2026-07-08 09:49:40,2026-07-08 09:49:48,unknown_backfilled,8.0,experiment_log2026-07-08_09-49-40.log,,
a6198335,enhanced_SP_arm_position_program_v1.1_xy_coordinate_system,False,2026-07-08 09:50:23,2026-07-08 09:51:53,unknown_backfilled,90.0,experiment_log2026-07-08_09-50-23.log,,
68ab8723,glycerol_dispense_baseline,False,2026-07-08 10:06:35,2026-07-08 16:38:35,unknown_backfilled,23520.0,experiment_log2026-07-08_10-06-35.log,,
f477673a,glycerol_dispense_baseline,False,2026-07-08 16:45:42,2026-07-08 23:09:58,unknown_backfilled,23056.0,experiment_log2026-07-08_16-45-42.log,,
07661be4,glycerol_dispense_baseline,False,2026-07-09 08:53:23,2026-07-09 10:23:04,unknown_backfilled,5381.0,experiment_log2026-07-09_08-53-23.log,,
ca5ce717,enhanced_SP_arm_position_program_v1.1_xy_coordinate_system,False,2026-07-09 10:23:11,2026-07-09 10:23:30,unknown_backfilled,19.0,experiment_log2026-07-09_10-23-11.log,,
a5189138,glycerol_dispense_baseline,False,2026-07-09 10:37:03,2026-07-09 15:09:46,unknown_backfilled,16363.0,experiment_log2026-07-09_10-37-03.log,,
7ea505de,glycerol_dispense_baseline,False,2026-07-09 15:20:39,2026-07-09 16:40:40,unknown_backfilled,4801.0,experiment_log2026-07-09_15-20-39.log,,
7f89e9f7,glycerol_dispense_baseline,False,2026-07-09 16:42:57,2026-07-09 23:20:23,unknown_backfilled,23846.0,experiment_log2026-07-09_16-42-57.log,,
6256ffbd,glycerol_dispense_baseline,False,2026-07-10 09:35:58,2026-07-10 15:43:35,unknown_backfilled,22057.0,experiment_log2026-07-10_09-35-58.log,,
90f10952,enhanced_SP_arm_position_program_v1.1_xy_coordinate_system,False,2026-07-10 15:58:23,2026-07-10 15:59:25,unknown_backfilled,62.0,experiment_log2026-07-10_15-58-23.log,,
ba095e74,Surfacant_Worflow_vial_movement_SP,False,2026-07-10 16:00:39,2026-07-10 16:01:04,unknown_backfilled,25.0,experiment_log2026-07-10_16-00-39.log,,
fbacdee6,Surfacant_Worflow_vial_movement_SP,False,2026-07-10 16:01:23,2026-07-10 16:01:24,unknown_backfilled,1.0,experiment_log2026-07-10_16-01-23.log,,
53738360,Surfacant_Worflow_vial_movement_SP,False,2026-07-10 16:01:27,2026-07-10 16:06:17,unknown_backfilled,290.0,experiment_log2026-07-10_16-01-27.log,,
81593680,Surfacant_Worflow_vial_movement_SP,False,2026-07-10 16:13:18,2026-07-10 16:19:49,unknown_backfilled,391.0,experiment_log2026-07-10_16-13-18.log,,
4a60c6ba,glycerol_dispense_baseline,False,2026-07-10 16:21:12,2026-07-10 19:46:49,unknown_backfilled,12337.0,experiment_log2026-07-10_16-21-12.log,,
ac0f1552,glycerol_dispense_baseline,False,2026-07-13 08:27:37,2026-07-13 13:53:41,unknown_backfilled,19564.0,experiment_log2026-07-13_08-27-37.log,,
60246fe3,glycerol_dispense_baseline,False,2026-07-13 14:10:49,2026-07-13 14:19:56,unknown_backfilled,547.0,experiment_log2026-07-13_14-10-49.log,,
3b007db8,enhanced_SP_arm_position_program_v1.1_xy_coordinate_system,False,2026-07-13 14:22:42,2026-07-13 14:23:06,unknown_backfilled,24.0,experiment_log2026-07-13_14-22-42.log,,
2a383bf6,enhanced_SP_arm_position_program_v1.1_xy_coordinate_system,False,2026-07-13 14:25:43,2026-07-13 14:25:59,unknown_backfilled,16.0,experiment_log2026-07-13_14-25-43.log,,
d1eca355,enhanced_SP_arm_position_program_v1.1_xy_coordinate_system,False,2026-07-13 14:43:03,2026-07-13 14:43:23,unknown_backfilled,20.0,experiment_log2026-07-13_14-43-03.log,,
d58af0c7,enhanced_SP_arm_position_program_v1.1_xy_coordinate_system,False,2026-07-13 15:13:02,2026-07-13 15:14:06,unknown_backfilled,64.0,experiment_log2026-07-13_15-13-02.log,,
46370ac2,enhanced_SP_arm_position_program_v1.1_xy_coordinate_system,False,2026-07-13 15:16:36,2026-07-13 15:28:39,unknown_backfilled,723.0,experiment_log2026-07-13_15-16-36.log,,
5ad17d87,enhanced_SP_arm_position_program_v1.1_xy_coordinate_system,False,2026-07-13 15:45:03,2026-07-13 15:45:21,unknown_backfilled,18.0,experiment_log2026-07-13_15-45-03.log,,
a4348cab,enhanced_SP_arm_position_program_v1.1_xy_coordinate_system,False,2026-07-13 15:49:53,2026-07-13 15:54:42,unknown_backfilled,289.0,experiment_log2026-07-13_15-49-53.log,,
0ff57b52,enhanced_SP_arm_position_program_v1.1_xy_coordinate_system,False,2026-07-13 16:09:59,2026-07-13 16:10:19,unknown_backfilled,20.0,experiment_log2026-07-13_16-09-59.log,,
2096895e,enhanced_SP_arm_position_program_v1.1_xy_coordinate_system,False,2026-07-13 16:12:30,2026-07-13 16:14:59,unknown_backfilled,149.0,experiment_log2026-07-13_16-12-30.log,,
5561f2bf,enhanced_SP_arm_position_program_v1.1_xy_coordinate_system,False,2026-07-13 16:15:24,2026-07-13 16:26:00,unknown_backfilled,636.0,experiment_log2026-07-13_16-15-24.log,,
c98f50d2,enhanced_SP_arm_position_program_v1.1_xy_coordinate_system,False,2026-07-13 16:30:33,2026-07-13 16:30:51,unknown_backfilled,18.0,experiment_log2026-07-13_16-30-33.log,,
2ae86e09,enhanced_SP_arm_position_program_v1.1_xy_coordinate_system,False,2026-07-13 16:32:18,2026-07-13 16:35:04,unknown_backfilled,166.0,experiment_log2026-07-13_16-32-18.log,,
1fe03617,enhanced_SP_arm_position_program_v1.1_xy_coordinate_system,False,2026-07-13 17:13:18,2026-07-13 17:13:37,unknown_backfilled,19.0,experiment_log2026-07-13_17-13-18.log,,
d4c94551,random_vial_shuffle_test,False,2026-07-13 17:22:35,2026-07-13 17:23:03,unknown_backfilled,28.0,experiment_log2026-07-13_17-22-35.log,,
fde32093,random_vial_shuffle_test,False,2026-07-13 17:23:39,2026-07-13 17:41:39,unknown_backfilled,1080.0,experiment_log2026-07-13_17-23-39.log,,
3dda9f2d,random_vial_shuffle_test,False,2026-07-13 17:41:45,2026-07-13 17:41:54,unknown_backfilled,9.0,experiment_log2026-07-13_17-41-45.log,,
9994861b,random_vial_shuffle_test,False,2026-07-13 17:42:39,2026-07-13 17:56:06,unknown_backfilled,807.0,experiment_log2026-07-13_17-42-39.log,,
1a0c3790,random_vial_shuffle_test,False,2026-07-13 17:56:46,2026-07-13 17:56:55,unknown_backfilled,9.0,experiment_log2026-07-13_17-56-46.log,,
9d65538f,glycerol_dispense_baseline,False,2026-07-14 08:53:57,2026-07-14 12:42:50,unknown_backfilled,13733.0,experiment_log2026-07-14_08-53-57.log,,
32771845,random_vial_shuffle_test,False,2026-07-14 12:43:21,2026-07-14 12:44:23,unknown_backfilled,62.0,experiment_log2026-07-14_12-43-21.log,,
3cf7d56a,enhanced_SP_arm_position_program_v1.1_xy_coordinate_system,False,2026-07-14 12:44:44,2026-07-14 12:45:08,unknown_backfilled,24.0,experiment_log2026-07-14_12-44-44.log,,
21e6a97a,Surfacant_Worflow_vial_movement_SP,False,2026-07-14 12:46:58,2026-07-14 12:48:49,unknown_backfilled,111.0,experiment_log2026-07-14_12-46-58.log,,
2600a3dc,Surfacant_Worflow_vial_movement_SP,False,2026-07-14 12:49:18,2026-07-14 12:49:26,unknown_backfilled,8.0,experiment_log2026-07-14_12-49-18.log,,
26de674a,glycerol_dispense_baseline,False,2026-07-14 12:49:32,2026-07-14 14:55:09,unknown_backfilled,7537.0,experiment_log2026-07-14_12-49-32.log,,
ff70bc64,Surfacant_Worflow_vial_movement_SP,False,2026-07-14 14:58:07,2026-07-14 15:01:03,unknown_backfilled,176.0,experiment_log2026-07-14_14-58-07.log,,
70631e96,Surfacant_Worflow_vial_movement_SP,False,2026-07-14 15:01:24,2026-07-14 15:01:43,unknown_backfilled,19.0,experiment_log2026-07-14_15-01-24.log,,
9c67c5a9,Surfacant_Worflow_vial_movement_SP,False,2026-07-14 15:02:56,2026-07-14 15:06:03,unknown_backfilled,187.0,experiment_log2026-07-14_15-02-56.log,,
ef9835b5,glycerol_dispense_baseline,False,2026-07-14 15:06:16,2026-07-14 16:25:10,unknown_backfilled,4734.0,experiment_log2026-07-14_15-06-16.log,,
43421ff2,Surfacant_Worflow_vial_movement_SP,False,2026-07-14 15:38:13,2026-07-14 15:39:56,unknown_backfilled,103.0,experiment_log2026-07-14_15-38-13.log,,
07e77ebb,enhanced_SP_arm_position_program_v1.1_xy_coordinate_system,False,2026-07-14 16:29:14,2026-07-14 16:30:21,unknown_backfilled,67.0,experiment_log2026-07-14_16-29-14.log,,
9c312e63,Surfacant_Worflow_vial_movement_SP,False,2026-07-14 16:30:13,2026-07-14 16:31:11,unknown_backfilled,58.0,experiment_log2026-07-14_16-30-13.log,,
33a01d6e,surfactant_multidimensional_workflow,False,2026-07-14 16:31:40,2026-07-14 17:02:13,unknown_backfilled,1833.0,experiment_log2026-07-14_16-31-40.log,,
db432542,glycerol_dispense_baseline,False,2026-07-15 08:54:03,2026-07-15 10:06:50,unknown_backfilled,4367.0,experiment_log2026-07-15_08-54-03.log,,
a012a3e2,test_vortex,False,2026-07-15 10:07:16,2026-07-15 10:07:41,unknown_backfilled,25.0,experiment_log2026-07-15_10-07-16.log,,
91e8a162,test_vortex,False,2026-07-15 10:09:33,2026-07-15 10:10:26,unknown_backfilled,53.0,experiment_log2026-07-15_10-09-33.log,,
285e6110,test_vortex,False,2026-07-15 10:10:37,2026-07-15 10:11:23,unknown_backfilled,46.0,experiment_log2026-07-15_10-10-37.log,,
f5644eda,glycerol_dispense_baseline,False,2026-07-15 10:11:45,2026-07-15 11:44:30,unknown_backfilled,5565.0,experiment_log2026-07-15_10-11-45.log,,
00d6210b,surfactant_multidimensional_workflow,False,2026-07-15 11:51:19,2026-07-15 11:54:18,unknown_backfilled,179.0,experiment_log2026-07-15_11-51-19.log,,
366ba382,surfactant_multidimensional_workflow,False,2026-07-15 11:55:45,2026-07-15 12:00:42,unknown_backfilled,297.0,experiment_log2026-07-15_11-55-45.log,,
c1bd5f6e,surfactant_multidimensional_workflow,False,2026-07-15 12:38:11,2026-07-15 12:38:35,unknown_backfilled,24.0,experiment_log2026-07-15_12-38-11.log,,
305d8521,surfactant_multidimensional_workflow,False,2026-07-15 12:42:15,2026-07-15 13:10:09,unknown_backfilled,1674.0,experiment_log2026-07-15_12-42-15.log,,
bbc7a93c,surfactant_multidimensional_workflow,False,2026-07-15 13:26:01,2026-07-15 16:01:00,unknown_backfilled,9299.0,experiment_log2026-07-15_13-26-01.log,,
7cbdad25,surfactant_multidimensional_workflow,False,2026-07-15 16:44:07,2026-07-16 04:25:33,unknown_backfilled,42086.0,experiment_log2026-07-15_16-44-07.log,,
f38e9b45,glycerol_dispense_baseline,False,2026-07-16 06:58:55,2026-07-16 07:32:13,unknown_backfilled,1998.0,experiment_log2026-07-16_06-58-55.log,,
8070a1af,glycerol_dispense_baseline,False,2026-07-16 08:55:53,2026-07-16 09:38:39,unknown_backfilled,2566.0,experiment_log2026-07-16_08-55-53.log,,
aeb651b9,glycerol_dispense_baseline,False,2026-07-16 09:59:03,2026-07-16 12:08:15,unknown_backfilled,7752.0,experiment_log2026-07-16_09-59-03.log,,
b717c375,glycerol_dispense_baseline,False,2026-07-16 12:25:13,2026-07-16 15:12:08,unknown_backfilled,10015.0,experiment_log2026-07-16_12-25-13.log,,
33d5040e,surfactant_multidimensional_workflow,False,2026-07-16 12:26:47,2026-07-16 12:31:44,unknown_backfilled,297.0,experiment_log2026-07-16_12-26-47.log,,
f8e3a983,glycerol_dispense_baseline,False,2026-07-16 15:16:43,2026-07-16 16:11:57,unknown_backfilled,3314.0,experiment_log2026-07-16_15-16-43.log,,
ac5663bf,glycerol_dispense_baseline,False,2026-07-17 08:47:30,2026-07-17 09:06:55,unknown_backfilled,1165.0,experiment_log2026-07-17_08-47-30.log,,
e1b7521f,glycerol_dispense_baseline,False,2026-07-17 09:07:08,2026-07-17 10:41:07,unknown_backfilled,5639.0,experiment_log2026-07-17_09-07-08.log,,
27fc265b,Surfacant_Worflow_vial_movement_SP,False,2026-07-17 10:41:34,2026-07-17 10:41:38,unknown_backfilled,4.0,experiment_log2026-07-17_10-41-34.log,,
112178b9,Surfacant_Worflow_vial_movement_SP,False,2026-07-17 10:42:08,2026-07-17 10:47:09,unknown_backfilled,301.0,experiment_log2026-07-17_10-42-08.log,,
df26219e,Surfacant_Worflow_vial_movement_SP,False,2026-07-17 10:47:46,2026-07-17 10:53:43,unknown_backfilled,357.0,experiment_log2026-07-17_10-47-46.log,,
2e0089cb,Surfacant_Worflow_vial_movement_SP,False,2026-07-17 11:02:37,2026-07-17 11:08:35,unknown_backfilled,358.0,experiment_log2026-07-17_11-02-37.log,,
ba1406e5,Surfacant_Worflow_vial_movement_SP,False,2026-07-17 11:09:23,2026-07-17 11:20:35,unknown_backfilled,672.0,experiment_log2026-07-17_11-09-23.log,,
3ad56234,Surfacant_Worflow_vial_movement_SP,False,2026-07-17 11:29:02,2026-07-17 11:39:25,unknown_backfilled,623.0,experiment_log2026-07-17_11-29-02.log,,
785ad56a,glycerol_dispense_baseline,False,2026-07-17 11:41:57,2026-07-17 12:37:22,unknown_backfilled,3325.0,experiment_log2026-07-17_11-41-57.log,,
6eaf748c,surfactant_multidimensional_workflow,False,2026-07-17 12:20:10,2026-07-17 12:21:06,unknown_backfilled,56.0,experiment_log2026-07-17_12-20-10.log,,
3a41a9f0,amine_protonation_workflow,False,2026-07-17 12:40:27,2026-07-17 12:42:20,unknown_backfilled,113.0,experiment_log2026-07-17_12-40-27.log,,
8310cb1e,amine_protonation_workflow,False,2026-07-17 12:43:22,2026-07-17 12:44:18,unknown_backfilled,56.0,experiment_log2026-07-17_12-43-22.log,,
520d9786,amine_protonation_workflow_SPmodified,False,2026-07-17 12:48:04,2026-07-17 12:49:59,unknown_backfilled,115.0,experiment_log2026-07-17_12-48-04.log,,
ad0e1f3f,amine_protonation_workflow_SPmodified,False,2026-07-17 12:51:00,2026-07-17 12:51:59,unknown_backfilled,59.0,experiment_log2026-07-17_12-51-00.log,,
aabab144,amine_protonation_workflow_SPmodified,False,2026-07-17 12:52:14,2026-07-17 12:56:13,unknown_backfilled,239.0,experiment_log2026-07-17_12-52-14.log,,
c888f0d6,enhanced_SP_arm_position_program_v1.1_xy_coordinate_system,False,2026-07-17 13:00:02,2026-07-17 13:01:50,unknown_backfilled,108.0,experiment_log2026-07-17_13-00-02.log,,
35eb385e,enhanced_SP_arm_position_program_v1.1_xy_coordinate_system,False,2026-07-17 13:12:23,2026-07-17 13:12:42,unknown_backfilled,19.0,experiment_log2026-07-17_13-12-23.log,,
c49cb10d,enhanced_SP_arm_position_program_v1.1_xy_coordinate_system,False,2026-07-17 13:13:19,2026-07-17 13:13:36,unknown_backfilled,17.0,experiment_log2026-07-17_13-13-19.log,,
e9900f4c,amine_protonation_workflow_SPmodified,False,2026-07-17 13:15:47,2026-07-17 13:18:44,unknown_backfilled,177.0,experiment_log2026-07-17_13-15-47.log,,
78c6504c,amine_protonation_workflow_SPmodified,False,2026-07-17 13:19:38,2026-07-17 13:20:50,unknown_backfilled,72.0,experiment_log2026-07-17_13-19-38.log,,
aeec4931,amine_protonation_workflow_SPmodified,False,2026-07-17 13:21:17,2026-07-17 13:26:40,unknown_backfilled,323.0,experiment_log2026-07-17_13-21-17.log,,
9f669c2d,test_photoreactor,False,2026-07-17 14:24:20,2026-07-17 14:24:39,unknown_backfilled,19.0,experiment_log2026-07-17_14-24-20.log,,
6c99f951,test_photoreactor,False,2026-07-17 14:26:22,2026-07-17 14:26:28,unknown_backfilled,6.0,experiment_log2026-07-17_14-26-22.log,,
8456d105,test_photoreactor,False,2026-07-17 14:27:32,2026-07-17 14:27:35,unknown_backfilled,3.0,experiment_log2026-07-17_14-27-32.log,,
89cae0d5,test_photoreactor,False,2026-07-17 14:27:53,2026-07-17 14:28:07,unknown_backfilled,14.0,experiment_log2026-07-17_14-27-53.log,,
76929ac3,test_photoreactor_SP,False,2026-07-17 14:33:01,2026-07-17 14:33:12,unknown_backfilled,11.0,experiment_log2026-07-17_14-33-01.log,,
5cd35271,test_photoreactor_SP,False,2026-07-17 14:37:10,2026-07-17 14:37:15,unknown_backfilled,5.0,experiment_log2026-07-17_14-37-10.log,,
5dc6cf44,test_photoreactor_SP,False,2026-07-17 14:38:29,2026-07-17 14:38:37,unknown_backfilled,8.0,experiment_log2026-07-17_14-38-29.log,,
e9f85056,test_photoreactor_SP,False,2026-07-17 14:39:25,2026-07-17 14:39:30,unknown_backfilled,5.0,experiment_log2026-07-17_14-39-25.log,,
faa3fa7c,test_photoreactor_SP,False,2026-07-17 14:39:40,2026-07-17 14:39:45,unknown_backfilled,5.0,experiment_log2026-07-17_14-39-40.log,,
7ccf9511,test_photoreactor_SP,False,2026-07-17 14:41:15,2026-07-17 14:41:22,unknown_backfilled,7.0,experiment_log2026-07-17_14-41-15.log,,
a112f17c,test_photoreactor_SP,False,2026-07-17 14:49:28,2026-07-17 14:49:33,unknown_backfilled,5.0,experiment_log2026-07-17_14-49-28.log,,
e7fdaedd,test_photoreactor_SP,False,2026-07-17 14:54:03,2026-07-17 14:54:04,unknown_backfilled,1.0,experiment_log2026-07-17_14-54-03.log,,
33e28bf0,test_photoreactor_SP,False,2026-07-17 15:01:52,2026-07-17 16:13:03,unknown_backfilled,4271.0,experiment_log2026-07-17_15-01-52.log,,
8d96f378,test_photoreactor_SP,False,2026-07-17 16:14:29,2026-07-17 16:14:29,unknown_backfilled,0.0,experiment_log2026-07-17_16-14-29.log,,
d5552fe7,enhanced_SP_arm_position_program_v1.1_xy_coordinate_system,False,2026-07-17 16:32:52,2026-07-17 16:34:39,unknown_backfilled,107.0,experiment_log2026-07-17_16-32-52.log,,
99ba8c74,enhanced_SP_arm_position_program_v1.1_xy_coordinate_system,False,2026-07-17 16:37:08,2026-07-17 16:37:27,unknown_backfilled,19.0,experiment_log2026-07-17_16-37-08.log,,
a51f5d13,amine_protonation_workflow_SPmodified,False,2026-07-17 16:41:18,2026-07-17 16:45:41,unknown_backfilled,263.0,experiment_log2026-07-17_16-41-18.log,,
ded3206e,amine_protonation_workflow_SPmodified,False,2026-07-17 16:53:04,2026-07-17 16:55:02,unknown_backfilled,118.0,experiment_log2026-07-17_16-53-04.log,,
9d4d6fff,enhanced_SP_arm_position_program_v1.1_xy_coordinate_system,False,2026-07-17 16:55:51,2026-07-17 16:56:16,unknown_backfilled,25.0,experiment_log2026-07-17_16-55-51.log,,
86feb866,surfactant_multidimensional_workflow,False,2026-07-17 16:57:16,2026-07-17 18:12:36,unknown_backfilled,4520.0,experiment_log2026-07-17_16-57-16.log,,
b872784b,enhanced_SP_arm_position_program_v1.1_xy_coordinate_system,False,2026-07-20 08:55:43,2026-07-20 08:58:53,unknown_backfilled,190.0,experiment_log2026-07-20_08-55-43.log,,
aabcd116,amine_protonation_workflow_SPmodified,False,2026-07-20 09:05:24,2026-07-20 09:05:30,unknown_backfilled,6.0,experiment_log2026-07-20_09-05-24.log,,
c2266466,amine_protonation_workflow_SPmodified,False,2026-07-20 09:07:56,2026-07-20 09:07:56,unknown_backfilled,0.0,experiment_log2026-07-20_09-07-56.log,,
95be17e6,amine_protonation_workflow_SPmodified,False,2026-07-20 09:10:07,2026-07-20 09:17:20,unknown_backfilled,433.0,experiment_log2026-07-20_09-10-07.log,,
af225950,amine_protonation_workflow_SPmodified,False,2026-07-20 09:42:12,2026-07-20 09:43:09,unknown_backfilled,57.0,experiment_log2026-07-20_09-42-12.log,,
6645040d,amine_protonation_workflow_SPmodified,False,2026-07-20 09:43:47,2026-07-20 09:43:56,unknown_backfilled,9.0,experiment_log2026-07-20_09-43-47.log,,
8d78301d,glycerol_dispense_baseline,False,2026-07-20 09:44:17,2026-07-20 10:16:43,unknown_backfilled,1946.0,experiment_log2026-07-20_09-44-17.log,,
a3a5a08f,amine_protonation_workflow_SPmodified,False,2026-07-20 10:29:47,2026-07-20 10:37:12,unknown_backfilled,445.0,experiment_log2026-07-20_10-29-47.log,,
86f839a9,amine_protonation_workflow_SPmodified,False,2026-07-20 10:37:24,2026-07-20 10:40:13,unknown_backfilled,169.0,experiment_log2026-07-20_10-37-24.log,,
18ac66ad,amine_protonation_workflow_SPmodified,False,2026-07-20 10:40:44,2026-07-20 10:41:10,unknown_backfilled,26.0,experiment_log2026-07-20_10-40-44.log,,
e73954d5,amine_protonation_workflow_SPmodified,False,2026-07-20 10:42:20,2026-07-20 10:44:44,unknown_backfilled,144.0,experiment_log2026-07-20_10-42-20.log,,
39ee1e89,amine_protonation_workflow_SPmodified,False,2026-07-20 10:48:29,2026-07-20 10:54:14,unknown_backfilled,345.0,experiment_log2026-07-20_10-48-29.log,,
d630b572,amine_protonation_workflow_SPmodified,False,2026-07-20 10:59:44,2026-07-20 11:05:07,unknown_backfilled,323.0,experiment_log2026-07-20_10-59-44.log,,
f521923e,amine_protonation_workflow_SPmodified,False,2026-07-20 11:11:41,2026-07-20 11:22:24,unknown_backfilled,643.0,experiment_log2026-07-20_11-11-41.log,,
2f5196db,amine_protonation_workflow_SPmodified,False,2026-07-20 11:24:31,2026-07-20 11:30:47,unknown_backfilled,376.0,experiment_log2026-07-20_11-24-31.log,,
96a3194b,amine_protonation_workflow_SPmodified,False,2026-07-20 11:32:39,2026-07-20 11:45:58,unknown_backfilled,799.0,experiment_log2026-07-20_11-32-39.log,,
dfa1f20b,glycerol_dispense_baseline,False,2026-07-20 11:55:42,2026-07-20 14:44:03,unknown_backfilled,10101.0,experiment_log2026-07-20_11-55-42.log,,
90b92933,glycerol_dispense_baseline,False,2026-07-20 14:48:47,2026-07-20 22:13:34,unknown_backfilled,26687.0,experiment_log2026-07-20_14-48-47.log,,
6539d277,glycerol_dispense_baseline,False,2026-07-21 09:24:48,2026-07-21 09:25:16,unknown_backfilled,28.0,experiment_log2026-07-21_09-24-48.log,,
6b3eff20,glycerol_dispense_baseline,False,2026-07-21 09:25:35,2026-07-21 13:35:56,unknown_backfilled,15021.0,experiment_log2026-07-21_09-25-35.log,,
94b68ca0,amine_protonation_workflow_SPmodified,False,2026-07-21 14:02:09,2026-07-21 14:09:45,unknown_backfilled,456.0,experiment_log2026-07-21_14-02-09.log,,
6d96966e,amine_protonation_workflow_SPmodified,False,2026-07-21 14:15:46,2026-07-21 14:17:27,unknown_backfilled,101.0,experiment_log2026-07-21_14-15-46.log,,
1bcf0ad9,amine_protonation_workflow_SPmodified,False,2026-07-21 14:19:05,2026-07-21 14:22:00,unknown_backfilled,175.0,experiment_log2026-07-21_14-19-05.log,,
348b1498,amine_protonation_workflow_SPmodified,False,2026-07-21 14:23:22,2026-07-21 14:24:49,unknown_backfilled,87.0,experiment_log2026-07-21_14-23-22.log,,
ad8b773c,amine_protonation_workflow_SPmodified,False,2026-07-21 14:25:07,2026-07-21 14:39:54,unknown_backfilled,887.0,experiment_log2026-07-21_14-25-07.log,,
a03e7153,amine_protonation_workflow_SPmodified,False,2026-07-21 14:42:25,2026-07-21 15:29:52,unknown_backfilled,2847.0,experiment_log2026-07-21_14-42-25.log,,
4c6d78d5,amine_protonation_workflow_SPmodified,False,2026-07-21 15:30:00,2026-07-21 15:31:46,unknown_backfilled,106.0,experiment_log2026-07-21_15-30-00.log,,
1e8d0474,amine_protonation_workflow_SPmodified,False,2026-07-21 15:42:24,2026-07-21 15:49:29,unknown_backfilled,425.0,experiment_log2026-07-21_15-42-24.log,,
575317da,amine_protonation_workflow_SPmodified,False,2026-07-21 15:51:55,2026-07-21 15:53:54,unknown_backfilled,119.0,experiment_log2026-07-21_15-51-55.log,,
c1766692,amine_protonation_workflow_SPmodified,False,2026-07-21 15:54:03,2026-07-21 16:33:30,unknown_backfilled,2367.0,experiment_log2026-07-21_15-54-03.log,,
8ca1f28f,surfactant_multidimensional_workflow,False,2026-07-21 16:23:43,2026-07-21 16:29:24,unknown_backfilled,341.0,experiment_log2026-07-21_16-23-43.log,,
4ece60cf,surfactant_multidimensional_workflow,False,2026-07-21 16:35:39,2026-07-22 07:35:17,unknown_backfilled,53978.0,experiment_log2026-07-21_16-35-39.log,,
86279734,glycerol_dispense_baseline,False,2026-07-22 08:57:34,2026-07-22 12:14:50,unknown_backfilled,11836.0,experiment_log2026-07-22_08-57-34.log,,
565b44b3,glycerol_dispense_baseline,False,2026-07-22 12:19:08,2026-07-22 15:23:54,unknown_backfilled,11086.0,experiment_log2026-07-22_12-19-08.log,,
6976b4e9,surfactant_multidimensional_workflow,False,2026-07-22 14:13:22,2026-07-22 14:15:51,unknown_backfilled,149.0,experiment_log2026-07-22_14-13-22.log,,
1e1901d9,surfactant_multidimensional_workflow,False,2026-07-22 15:45:05,2026-07-23 04:12:34,unknown_backfilled,44849.0,experiment_log2026-07-22_15-45-05.log,,
1fcd22f7,glycerol_dispense_baseline,False,2026-07-22 16:31:19,2026-07-22 16:31:42,unknown_backfilled,23.0,experiment_log2026-07-22_16-31-19.log,,
772ffd4f,glycerol_dispense_baseline,False,2026-07-23 06:51:09,2026-07-23 08:46:05,unknown_backfilled,6896.0,experiment_log2026-07-23_06-51-09.log,,
1839dee0,glycerol_dispense_baseline,False,2026-07-23 08:59:49,2026-07-23 09:16:31,unknown_backfilled,1002.0,experiment_log2026-07-23_08-59-49.log,,
f218943f,glycerol_dispense_baseline,False,2026-07-23 09:23:38,2026-07-23 09:23:52,unknown_backfilled,14.0,experiment_log2026-07-23_09-23-38.log,,
810b4174,glycerol_dispense_baseline,False,2026-07-23 09:26:04,2026-07-23 15:09:45,unknown_backfilled,20621.0,experiment_log2026-07-23_09-26-04.log,,
1b79ad3e,surfactant_multidimensional_workflow,False,2026-07-23 10:07:31,2026-07-23 10:12:54,unknown_backfilled,323.0,experiment_log2026-07-23_10-07-31.log,,
cc3fb3d2,surfactant_multidimensional_workflow,False,2026-07-23 15:26:50,2026-07-23 15:27:37,unknown_backfilled,47.0,experiment_log2026-07-23_15-26-50.log,,
ca0d4aa2,surfactant_multidimensional_workflow,False,2026-07-23 15:28:01,2026-07-24 05:17:23,unknown_backfilled,49762.0,experiment_log2026-07-23_15-28-01.log,,
c86cdba2,glycerol_dispense_baseline,False,2026-07-24 06:50:01,2026-07-24 08:44:38,unknown_backfilled,6877.0,experiment_log2026-07-24_06-50-01.log,,
56f97a2a,glycerol_dispense_baseline,False,2026-07-24 08:52:28,2026-07-24 12:37:36,unknown_backfilled,13508.0,experiment_log2026-07-24_08-52-28.log,,
9142f4c5,surfactant_multidimensional_workflow,False,2026-07-24 09:34:52,2026-07-24 09:41:42,unknown_backfilled,410.0,experiment_log2026-07-24_09-34-52.log,,
d404f09a,glycerol_dispense_baseline,False,2026-07-24 12:56:09,2026-07-24 13:00:36,unknown_backfilled,267.0,experiment_log2026-07-24_12-56-09.log,,
3c2f612b,glycerol_dispense_baseline,False,2026-07-24 13:01:33,2026-07-24 13:03:05,unknown_backfilled,92.0,experiment_log2026-07-24_13-01-33.log,,
b5bcdf9c,glycerol_dispense_baseline,False,2026-07-24 13:03:22,2026-07-24 16:37:16,unknown_backfilled,12834.0,experiment_log2026-07-24_13-03-22.log,,
55f1e312,surfactant_multidimensional_workflow,False,2026-07-24 13:49:49,2026-07-24 13:50:03,unknown_backfilled,14.0,experiment_log2026-07-24_13-49-49.log,,
8d946318,surfactant_multidimensional_workflow,False,2026-07-24 16:43:35,2026-07-25 06:32:52,unknown_backfilled,49757.0,experiment_log2026-07-24_16-43-35.log,,
ed58d0fb,glycerol_dispense_baseline,False,2026-07-26 08:05:09,2026-07-26 10:35:31,unknown_backfilled,9022.0,experiment_log2026-07-26_08-05-09.log,,
e2b5f1c0,glycerol_dispense_baseline,False,2026-07-27 09:01:09,2026-07-27 09:20:16,unknown_backfilled,1147.0,experiment_log2026-07-27_09-01-09.log,,
25168fe7,glycerol_dispense_baseline,False,2026-07-27 09:41:42,2026-07-27 09:57:50,unknown_backfilled,968.0,experiment_log2026-07-27_09-41-42.log,,
f4a9f9c7,glycerol_dispense_baseline,False,2026-07-27 10:03:02,2026-07-27 10:03:28,unknown_backfilled,26.0,experiment_log2026-07-27_10-03-02.log,,
8ff1ab24,glycerol_dispense_baseline,False,2026-07-27 10:04:07,2026-07-27 14:45:50,unknown_backfilled,16903.0,experiment_log2026-07-27_10-04-07.log,,
8c79e382,glycerol_dispense_baseline,False,2026-07-27 14:59:17,2026-07-27 16:39:02,unknown_backfilled,5985.0,experiment_log2026-07-27_14-59-17.log,,
094fac6e,glycerol_dispense_baseline,False,2026-07-27 16:41:01,2026-07-27 20:17:19,unknown_backfilled,12978.0,experiment_log2026-07-27_16-41-01.log,,
79322d2a,glycerol_dispense_baseline,False,2026-07-28 08:58:13,2026-07-28 09:40:23,unknown_backfilled,2530.0,experiment_log2026-07-28_08-58-13.log,,
5f948690,glycerol_dispense_baseline,False,2026-07-28 09:41:04,2026-07-28 12:11:39,unknown_backfilled,9035.0,experiment_log2026-07-28_09-41-04.log,,
655f56eb,surfactant_multidimensional_workflow,False,2026-07-28 10:58:59,2026-07-28 11:04:56,unknown_backfilled,357.0,experiment_log2026-07-28_10-58-59.log,,
a2a699f5,glycerol_dispense_baseline,False,2026-07-28 12:42:47,2026-07-28 15:45:48,unknown_backfilled,10981.0,experiment_log2026-07-28_12-42-47.log,,
3ccce66f,test_photoreactor,False,2026-07-28 16:08:41,2026-07-28 16:08:55,unknown_backfilled,14.0,experiment_log2026-07-28_16-08-41.log,,
234fffe6,test_photoreactor,False,2026-07-28 16:09:18,2026-07-28 16:09:28,unknown_backfilled,10.0,experiment_log2026-07-28_16-09-18.log,,
85d48fc7,unknown,False,2026-07-28 17:15:08,2026-07-28 17:15:08,unknown_backfilled,0.0,experiment_log2026-07-28_17-15-08.log,,
3c276db8,unknown,False,2026-07-28 17:15:52,2026-07-28 17:15:52,unknown_backfilled,0.0,experiment_log2026-07-28_17-15-52.log,,
06741ee6,unknown,False,2026-07-28 17:19:24,2026-07-28 17:19:24,unknown_backfilled,0.0,experiment_log2026-07-28_17-19-24.log,,
e708be55,unknown,False,2026-07-28 17:20:35,2026-07-28 17:20:35,unknown_backfilled,0.0,experiment_log2026-07-28_17-20-35.log,,
93ca959c,unknown,False,2026-07-28 17:22:51,2026-07-28 17:22:51,unknown_backfilled,0.0,experiment_log2026-07-28_17-22-51.log,,
85f6b115,glycerol_dispense_baseline,False,2026-07-29 09:08:07,2026-07-29 09:16:32,unknown_backfilled,505.0,experiment_log2026-07-29_09-08-07.log,,
1ae65ed3,glycerol_dispense_baseline,False,2026-07-29 09:16:50,2026-07-29 09:28:34,unknown_backfilled,704.0,experiment_log2026-07-29_09-16-50.log,,
8d111aee,glycerol_dispense_baseline,False,2026-07-29 09:28:49,2026-07-29 09:28:57,unknown_backfilled,8.0,experiment_log2026-07-29_09-28-49.log,,
1486b528,glycerol_dispense_baseline,False,2026-07-29 09:46:28,2026-07-29 11:26:46,unknown_backfilled,6018.0,experiment_log2026-07-29_09-46-28.log,,
042f4dd6,glycerol_dispense_baseline,False,2026-07-29 11:31:41,2026-07-29 15:15:42,unknown_backfilled,13441.0,experiment_log2026-07-29_11-31-41.log,,
05bc518f,surfactant_multidimensional_workflow,False,2026-07-29 11:53:28,2026-07-29 11:53:51,unknown_backfilled,23.0,experiment_log2026-07-29_11-53-28.log,,
36879536,surfactant_multidimensional_workflow,False,2026-07-29 11:59:59,2026-07-29 12:00:36,unknown_backfilled,37.0,experiment_log2026-07-29_11-59-59.log,,
6b20df3b,surfactant_multidimensional_workflow,False,2026-07-29 12:11:51,2026-07-29 12:18:03,unknown_backfilled,372.0,experiment_log2026-07-29_12-11-51.log,,
b3995125,Surfacant_Worflow_vial_movement_SP,False,2026-07-29 15:17:04,2026-07-29 15:27:13,unknown_backfilled,609.0,experiment_log2026-07-29_15-17-04.log,,
9ed96d46,Surfacant_Worflow_vial_movement_SP,False,2026-07-29 15:28:32,2026-07-29 15:34:34,unknown_backfilled,362.0,experiment_log2026-07-29_15-28-32.log,,
e9f5f796,Surfacant_Worflow_vial_movement_SP,False,2026-07-29 15:40:38,2026-07-29 15:40:42,unknown_backfilled,4.0,experiment_log2026-07-29_15-40-38.log,,
590bcbf4,surfactant_multidimensional_workflow,False,2026-07-29 15:40:46,2026-07-30 05:21:22,unknown_backfilled,49236.0,experiment_log2026-07-29_15-40-46.log,,
0665fd74,glycerol_dispense_baseline,False,2026-07-29 16:43:46,2026-07-29 16:44:00,unknown_backfilled,14.0,experiment_log2026-07-29_16-43-46.log,,
1865c61d,glycerol_dispense_baseline,False,2026-07-30 06:55:53,2026-07-30 08:43:59,unknown_backfilled,6486.0,experiment_log2026-07-30_06-55-53.log,,
ba0b90fc,glycerol_dispense_baseline,False,2026-07-30 08:51:49,2026-07-30 09:09:16,unknown_backfilled,1047.0,experiment_log2026-07-30_08-51-49.log,,
57be2366,glycerol_dispense_baseline,False,2026-07-30 09:11:29,2026-07-30 09:14:59,unknown_backfilled,210.0,experiment_log2026-07-30_09-11-29.log,,
81cd68c4,glycerol_dispense_baseline,False,2026-07-30 09:16:10,2026-07-30 09:23:05,unknown_backfilled,415.0,experiment_log2026-07-30_09-16-10.log,,
c8a07959,glycerol_dispense_baseline,False,2026-07-30 09:23:16,2026-07-30 09:23:23,unknown_backfilled,7.0,experiment_log2026-07-30_09-23-16.log,,
75bfd501,glycerol_dispense_baseline,False,2026-07-30 09:23:31,2026-07-30 09:34:46,unknown_backfilled,675.0,experiment_log2026-07-30_09-23-31.log,,
0aa6764c,glycerol_dispense_baseline,False,2026-07-30 09:34:57,2026-07-30 09:40:27,unknown_backfilled,330.0,experiment_log2026-07-30_09-34-57.log,,
82024ec8,glycerol_dispense_baseline,False,2026-07-30 09:40:33,2026-07-30 09:47:04,unknown_backfilled,391.0,experiment_log2026-07-30_09-40-33.log,,
816ebd59,glycerol_dispense_baseline,False,2026-07-30 09:48:03,2026-07-30 09:48:08,unknown_backfilled,5.0,experiment_log2026-07-30_09-48-03.log,,
e5f2172c,glycerol_dispense_baseline,False,2026-07-30 11:27:10,2026-07-30 12:02:14,unknown_backfilled,2104.0,experiment_log2026-07-30_11-27-10.log,,
a1f25b01,surfactant_multidimensional_workflow,False,2026-07-30 11:39:45,2026-07-30 11:48:49,unknown_backfilled,544.0,experiment_log2026-07-30_11-39-45.log,,
25b2a5c0,glycerol_dispense_baseline,False,2026-07-30 12:42:11,2026-07-30 12:49:06,unknown_backfilled,415.0,experiment_log2026-07-30_12-42-11.log,,
97ef1ff1,glycerol_dispense_baseline,False,2026-07-30 12:49:31,2026-07-30 12:49:45,unknown_backfilled,14.0,experiment_log2026-07-30_12-49-31.log,,
1aa8bb12,glycerol_dispense_baseline,False,2026-07-30 15:04:28,2026-07-30 16:14:58,unknown_backfilled,4230.0,experiment_log2026-07-30_15-04-28.log,,
7cea95e5,glycerol_dispense_baseline,False,2026-07-31 10:14:04,2026-07-31 10:49:28,unknown_backfilled,2124.0,experiment_log2026-07-31_10-14-04.log,,
2bdd5026,surfactant_multidimensional_workflow,False,2026-07-31 10:15:26,2026-07-31 10:16:45,unknown_backfilled,79.0,experiment_log2026-07-31_10-15-26.log,,
347bf5bc,glycerol_dispense_baseline,False,2026-07-31 11:03:15,2026-07-31 11:04:58,unknown_backfilled,103.0,experiment_log2026-07-31_11-03-15.log,,
dcfbcff6,glycerol_dispense_baseline,False,2026-07-31 11:07:23,2026-07-31 11:53:30,unknown_backfilled,2767.0,experiment_log2026-07-31_11-07-23.log,,
88ef5e1c,surfactant_multidimensional_workflow,False,2026-07-31 11:55:11,2026-07-31 11:57:30,unknown_backfilled,139.0,experiment_log2026-07-31_11-55-11.log,,
1d484ba3,glycerol_dispense_baseline,False,2026-08-04 07:04:21,2026-08-04 09:14:56,unknown_backfilled,7835.0,experiment_log2026-08-04_07-04-21.log,,
1f158b22,glycerol_dispense_baseline,False,2026-08-05 09:00:26,2026-08-05 11:58:51,unknown_backfilled,10705.0,experiment_log2026-08-05_09-00-26.log,,
c72388cf,surfactant_multidimensional_workflow,False,2026-08-05 09:01:59,2026-08-05 09:03:05,unknown_backfilled,66.0,experiment_log2026-08-05_09-01-59.log,,
e8c3dd15,surfactant_multidimensional_workflow,False,2026-08-05 09:52:43,2026-08-05 09:54:40,unknown_backfilled,117.0,experiment_log2026-08-05_09-52-43.log,,
a9626331,glycerol_dispense_baseline,False,2026-08-05 12:34:58,2026-08-05 12:49:09,unknown_backfilled,851.0,experiment_log2026-08-05_12-34-58.log,,
80761a67,glycerol_dispense_baseline,False,2026-08-05 12:56:24,2026-08-05 16:50:06,unknown_backfilled,14022.0,experiment_log2026-08-05_12-56-24.log,,
e0a175a1,glycerol_dispense_baseline,False,2026-08-05 16:56:01,2026-08-05 17:51:24,unknown_backfilled,3323.0,experiment_log2026-08-05_16-56-01.log,,
fec6d7bc,surfactant_multidimensional_workflow,False,2026-08-05 17:53:53,2026-08-05 17:53:57,unknown_backfilled,4.0,experiment_log2026-08-05_17-53-53.log,,
9512c0ad,glycerol_dispense_baseline,False,2026-08-05 17:54:19,2026-08-06 09:22:18,unknown_backfilled,55679.0,experiment_log2026-08-05_17-54-19.log,,
f08e18bc,glycerol_dispense_baseline,False,2026-08-06 09:22:43,2026-08-06 09:23:11,unknown_backfilled,28.0,experiment_log2026-08-06_09-22-43.log,,
211a5909,glycerol_dispense_baseline,False,2026-08-06 09:25:01,2026-08-06 09:30:04,unknown_backfilled,303.0,experiment_log2026-08-06_09-25-01.log,,
875e60a2,glycerol_dispense_baseline,False,2026-08-06 09:30:34,2026-08-06 09:35:02,unknown_backfilled,268.0,experiment_log2026-08-06_09-30-34.log,,
139a39ab,glycerol_dispense_baseline,False,2026-08-06 09:35:21,2026-08-06 09:41:56,unknown_backfilled,395.0,experiment_log2026-08-06_09-35-21.log,,
05fd4933,glycerol_dispense_baseline,False,2026-08-06 09:42:19,2026-08-06 09:42:42,unknown_backfilled,23.0,experiment_log2026-08-06_09-42-19.log,,
75ce4c63,glycerol_dispense_baseline,False,2026-08-06 09:43:11,2026-08-06 09:52:07,unknown_backfilled,536.0,experiment_log2026-08-06_09-43-11.log,,
7bd0359b,glycerol_dispense_baseline,False,2026-08-06 09:52:40,2026-08-06 09:56:09,unknown_backfilled,209.0,experiment_log2026-08-06_09-52-40.log,,
ad63dcb1,glycerol_dispense_baseline,False,2026-08-06 09:57:08,2026-08-06 10:03:03,unknown_backfilled,355.0,experiment_log2026-08-06_09-57-08.log,,
35ca3595,glycerol_dispense_baseline,False,2026-08-06 10:14:40,2026-08-06 10:15:08,unknown_backfilled,28.0,experiment_log2026-08-06_10-14-40.log,,
49439d62,glycerol_dispense_baseline,False,2026-08-06 10:15:20,2026-08-06 10:15:31,unknown_backfilled,11.0,experiment_log2026-08-06_10-15-20.log,,
5a7eb7fa,glycerol_dispense_baseline,False,2026-08-06 10:16:54,2026-08-06 10:44:02,unknown_backfilled,1628.0,experiment_log2026-08-06_10-16-54.log,,
436dbf0d,glycerol_dispense_baseline,False,2026-08-06 10:46:56,2026-08-06 11:58:22,unknown_backfilled,4286.0,experiment_log2026-08-06_10-46-56.log,,
172f7767,surfactant_multidimensional_workflow,False,2026-08-06 11:02:50,2026-08-06 11:05:38,unknown_backfilled,168.0,experiment_log2026-08-06_11-02-50.log,,
a6aea7d7,glycerol_dispense_baseline,False,2026-08-06 12:16:42,2026-08-06 15:20:12,unknown_backfilled,11010.0,experiment_log2026-08-06_12-16-42.log,,
5454dc8f,glycerol_dispense_baseline,False,2026-08-07 06:52:45,2026-08-07 08:42:30,unknown_backfilled,6585.0,experiment_log2026-08-07_06-52-45.log,,
dbc265e9,glycerol_dispense_baseline,False,2026-08-07 08:49:13,2026-08-07 09:19:57,unknown_backfilled,1844.0,experiment_log2026-08-07_08-49-13.log,,
b044e8c0,glycerol_dispense_baseline,False,2026-08-07 09:35:54,2026-08-07 09:37:10,unknown_backfilled,76.0,experiment_log2026-08-07_09-35-54.log,,
2fb926cc,glycerol_dispense_baseline,False,2026-08-07 09:38:56,2026-08-07 09:39:41,unknown_backfilled,45.0,experiment_log2026-08-07_09-38-56.log,,
1df25ed2,glycerol_dispense_baseline,False,2026-08-07 09:40:02,2026-08-07 11:48:28,unknown_backfilled,7706.0,experiment_log2026-08-07_09-40-02.log,,
a7d5bad3,surfactant_multidimensional_workflow,False,2026-08-07 10:01:23,2026-08-07 10:06:28,unknown_backfilled,305.0,experiment_log2026-08-07_10-01-23.log,,
64cc2e31,glycerol_redo_conditions,False,2026-08-07 11:51:24,2026-08-07 12:15:30,unknown_backfilled,1446.0,experiment_log2026-08-07_11-51-24.log,,
0e15cbb7,glycerol_redo_conditions,False,2026-08-07 13:49:40,2026-08-07 13:49:44,unknown_backfilled,4.0,experiment_log2026-08-07_13-49-40.log,,
a65710bb,glycerol_redo_conditions,False,2026-08-07 13:50:00,2026-08-07 13:51:48,unknown_backfilled,108.0,experiment_log2026-08-07_13-50-00.log,,
d48f844e,glycerol_redo_conditions,False,2026-08-07 14:04:43,2026-08-07 14:32:16,unknown_backfilled,1653.0,experiment_log2026-08-07_14-04-43.log,,
00d0d6e7,glycerol_redo_conditions,False,2026-08-07 14:46:00,2026-08-07 15:11:49,unknown_backfilled,1549.0,experiment_log2026-08-07_14-46-00.log,,
435938e9,glycerol_redo_conditions,False,2026-08-07 15:22:30,2026-08-07 15:22:53,unknown_backfilled,23.0,experiment_log2026-08-07_15-22-30.log,,
a9aa54f6,glycerol_redo_conditions,False,2026-08-07 15:23:13,2026-08-07 15:24:36,unknown_backfilled,83.0,experiment_log2026-08-07_15-23-13.log,,
bf861e2d,glycerol_redo_conditions,False,2026-08-07 15:24:40,2026-08-07 15:36:40,unknown_backfilled,720.0,experiment_log2026-08-07_15-24-40.log,,
a87b99fe,glycerol_redo_conditions,False,2026-08-07 15:52:38,2026-08-07 17:12:50,unknown_backfilled,4812.0,experiment_log2026-08-07_15-52-38.log,,
d8f81c0c,glycerol_redo_conditions,False,2026-08-09 21:04:32,2026-08-09 22:23:46,unknown_backfilled,4754.0,experiment_log2026-08-09_21-04-32.log,,
867c6713,glycerol_redo_conditions,False,2026-08-10 11:40:21,2026-08-10 14:10:02,unknown_backfilled,8981.0,experiment_log2026-08-10_11-40-21.log,,
11bc3f70,glycerol_redo_conditions,False,2026-08-10 14:53:44,2026-08-10 15:05:28,unknown_backfilled,704.0,experiment_log2026-08-10_14-53-44.log,,
63ec3973,surfactant_multidimensional_workflow,False,2026-08-10 14:56:08,2026-08-10 15:04:47,unknown_backfilled,519.0,experiment_log2026-08-10_14-56-08.log,,
fc872e70,surfactant_multidimensional_workflow,False,2026-08-10 16:27:21,2026-08-10 16:29:44,unknown_backfilled,143.0,experiment_log2026-08-10_16-27-21.log,,
cb7abc13,surfactant_multidimensional_workflow,False,2026-08-10 16:30:29,2026-08-10 16:50:06,unknown_backfilled,1177.0,experiment_log2026-08-10_16-30-29.log,,
50b489e7,surfactant_multidimensional_workflow,False,2026-08-10 16:50:38,2026-08-10 16:52:31,unknown_backfilled,113.0,experiment_log2026-08-10_16-50-38.log,,
77783e0d,surfactant_multidimensional_workflow,False,2026-08-10 16:52:46,2026-08-10 16:53:03,unknown_backfilled,17.0,experiment_log2026-08-10_16-52-46.log,,
4c3940ce,surfactant_multidimensional_workflow,False,2026-08-10 16:57:38,2026-08-11 08:54:43,unknown_backfilled,57425.0,experiment_log2026-08-10_16-57-38.log,,
23cc4e80,surfactant_multidimensional_workflow,False,2026-08-11 08:56:10,2026-08-11 08:57:11,unknown_backfilled,61.0,experiment_log2026-08-11_08-56-10.log,,
82b46b91,glycerol_redo_conditions,False,2026-08-11 08:57:36,2026-08-11 10:12:28,unknown_backfilled,4492.0,experiment_log2026-08-11_08-57-36.log,,
e155451e,glycerol_redo_conditions,False,2026-08-11 10:12:44,2026-08-11 10:21:33,unknown_backfilled,529.0,experiment_log2026-08-11_10-12-44.log,,
13bcfc17,surfactant_multidimensional_workflow,False,2026-08-11 13:03:19,2026-08-11 13:05:53,unknown_backfilled,154.0,experiment_log2026-08-11_13-03-19.log,,
71e05cf2,surfactant_multidimensional_workflow,False,2026-08-11 13:05:56,2026-08-11 13:10:30,unknown_backfilled,274.0,experiment_log2026-08-11_13-05-56.log,,
d2d477c4,surfactant_multidimensional_workflow,False,2026-08-11 13:11:49,2026-08-11 13:13:32,unknown_backfilled,103.0,experiment_log2026-08-11_13-11-49.log,,
c2cca436,surfactant_multidimensional_workflow,False,2026-08-11 14:33:49,2026-08-11 15:09:19,unknown_backfilled,2130.0,experiment_log2026-08-11_14-33-49.log,,
b142082b,surfactant_multidimensional_workflow,False,2026-08-11 15:18:19,2026-08-12 05:06:52,unknown_backfilled,49713.0,experiment_log2026-08-11_15-18-19.log,,
7e4f7687,surfactant_multidimensional_workflow,False,2026-08-12 09:27:28,2026-08-12 09:50:44,unknown_backfilled,1396.0,experiment_log2026-08-12_09-27-28.log,,
0862b134,surfactant_multidimensional_workflow,False,2026-08-13 11:46:38,2026-08-13 11:48:05,unknown_backfilled,87.0,experiment_log2026-08-13_11-46-38.log,,
fee40cc3,surfactant_multidimensional_workflow,False,2026-08-13 11:48:09,2026-08-13 11:51:11,unknown_backfilled,182.0,experiment_log2026-08-13_11-48-09.log,,
27875b47,surfactant_multidimensional_workflow,False,2026-08-17 10:24:06,2026-08-17 10:30:48,unknown_backfilled,402.0,experiment_log2026-08-17_10-24-06.log,,
1002fbbc,surfactant_multidimensional_workflow,False,2026-08-18 13:27:54,2026-08-18 13:42:31,unknown_backfilled,877.0,experiment_log2026-08-18_13-27-54.log,,
9ece1165,surfactant_multidimensional_workflow,False,2026-08-18 13:42:35,2026-08-18 13:46:02,unknown_backfilled,207.0,experiment_log2026-08-18_13-42-35.log,,
2abf3283,Surfacant_Worflow_vial_movement_SP,False,2026-08-19 10:32:39,2026-08-19 10:36:13,unknown_backfilled,214.0,experiment_log2026-08-19_10-32-39.log,,
ddb3b481,Surfacant_Worflow_vial_movement_SP,False,2026-08-19 10:39:02,2026-08-19 10:41:07,unknown_backfilled,125.0,experiment_log2026-08-19_10-39-02.log,,
ac660d4e,Surfacant_Worflow_vial_movement_SP,False,2026-08-19 10:42:38,2026-08-19 10:44:32,unknown_backfilled,114.0,experiment_log2026-08-19_10-42-38.log,,
f6e11c9c,enhanced_SP_arm_position_program_v1.1_xy_coordinate_system,False,2026-08-19 10:45:46,2026-08-19 10:47:20,unknown_backfilled,94.0,experiment_log2026-08-19_10-45-46.log,,
91f194a5,Surfacant_Worflow_vial_movement_SP,False,2026-08-19 11:10:46,2026-08-19 11:15:46,unknown_backfilled,300.0,experiment_log2026-08-19_11-10-46.log,,
76559949,Surfacant_Worflow_vial_movement_SP,False,2026-08-19 11:22:20,2026-08-19 11:25:22,unknown_backfilled,182.0,experiment_log2026-08-19_11-22-20.log,,
dcc189e0,Surfacant_Worflow_vial_movement_SP,False,2026-08-19 12:11:44,2026-08-19 12:12:01,unknown_backfilled,17.0,experiment_log2026-08-19_12-11-44.log,,
b05127d7,Surfacant_Worflow_vial_movement_SP,False,2026-08-19 12:12:07,2026-08-19 12:15:35,unknown_backfilled,208.0,experiment_log2026-08-19_12-12-07.log,,
d8f26688,Surfacant_Worflow_vial_movement_SP,False,2026-08-19 12:17:03,2026-08-19 12:17:20,unknown_backfilled,17.0,experiment_log2026-08-19_12-17-03.log,,
1b9a8b64,Surfacant_Worflow_vial_movement_SP,False,2026-08-19 12:17:33,2026-08-19 12:19:45,unknown_backfilled,132.0,experiment_log2026-08-19_12-17-33.log,,
1209b052,Surfacant_Worflow_vial_movement_SP,False,2026-08-19 12:20:13,2026-08-19 12:31:31,unknown_backfilled,678.0,experiment_log2026-08-19_12-20-13.log,,
5b603e11,Surfacant_Worflow_vial_movement_SP,False,2026-08-19 12:33:18,2026-08-19 12:34:19,unknown_backfilled,61.0,experiment_log2026-08-19_12-33-18.log,,
e4483d96,enhanced_SP_arm_position_program_v1.1_xy_coordinate_system,False,2026-08-19 15:04:53,2026-08-19 15:06:13,unknown_backfilled,80.0,experiment_log2026-08-19_15-04-53.log,,
6619113f,enhanced_SP_arm_position_program_v1.1_xy_coordinate_system,False,2026-08-19 15:06:30,2026-08-19 15:06:55,unknown_backfilled,25.0,experiment_log2026-08-19_15-06-30.log,,
cb435ce5,Surfacant_Worflow_vial_movement_SP,False,2026-08-20 11:13:35,2026-08-20 11:16:57,unknown_backfilled,202.0,experiment_log2026-08-20_11-13-35.log,,
db3938e4,Surfacant_Worflow_vial_movement_SP,False,2026-08-20 11:17:58,2026-08-20 11:18:18,unknown_backfilled,20.0,experiment_log2026-08-20_11-17-58.log,,
e27b7cbd,Surfacant_Worflow_vial_movement_SP,False,2026-08-20 11:18:59,2026-08-20 11:19:05,unknown_backfilled,6.0,experiment_log2026-08-20_11-18-59.log,,
68c0d5c3,Surfacant_Worflow_vial_movement_SP,False,2026-08-20 11:22:45,2026-08-20 11:33:59,unknown_backfilled,674.0,experiment_log2026-08-20_11-22-45.log,,
6ba87f65,Surfacant_Worflow_vial_movement_SP,False,2026-08-20 11:35:07,2026-08-20 11:39:14,unknown_backfilled,247.0,experiment_log2026-08-20_11-35-07.log,,
d945e28f,Surfacant_Worflow_vial_movement_SP,False,2026-08-20 11:39:17,2026-08-20 11:40:33,unknown_backfilled,76.0,experiment_log2026-08-20_11-39-17.log,,
40e29bcf,Surfacant_Worflow_vial_movement_SP,False,2026-08-20 11:41:04,2026-08-20 11:41:15,unknown_backfilled,11.0,experiment_log2026-08-20_11-41-04.log,,
19397f78,Surfacant_Worflow_vial_movement_SP,False,2026-08-20 11:41:36,2026-08-20 11:46:07,unknown_backfilled,271.0,experiment_log2026-08-20_11-41-36.log,,
9a0cc9a2,enhanced_SP_arm_position_program_v1.1_xy_coordinate_system,False,2026-08-20 11:46:42,2026-08-20 11:48:16,unknown_backfilled,94.0,experiment_log2026-08-20_11-46-42.log,,
fbee9953,Surfacant_Worflow_vial_movement_SP,False,2026-08-20 11:52:10,2026-08-20 11:52:13,unknown_backfilled,3.0,experiment_log2026-08-20_11-52-10.log,,
170a849e,enhanced_SP_arm_position_program_v1.1_xy_coordinate_system,False,2026-08-20 11:52:18,2026-08-20 11:53:01,unknown_backfilled,43.0,experiment_log2026-08-20_11-52-18.log,,
236b5a49,Surfacant_Worflow_vial_movement_SP,False,2026-08-20 11:55:00,2026-08-20 11:56:13,unknown_backfilled,73.0,experiment_log2026-08-20_11-55-00.log,,
dc8441d8,Surfacant_Worflow_vial_movement_SP,False,2026-08-20 11:57:50,2026-08-20 13:30:37,unknown_backfilled,5567.0,experiment_log2026-08-20_11-57-50.log,,
a15ed0ce,surfactant_multidimensional_workflow,False,2026-08-20 13:34:20,2026-08-20 15:55:48,unknown_backfilled,8488.0,experiment_log2026-08-20_13-34-20.log,,
47254853,surfactant_multidimensional_workflow,False,2026-08-20 15:56:12,2026-08-20 16:18:30,unknown_backfilled,1338.0,experiment_log2026-08-20_15-56-12.log,,
f9f717f5,surfactant_multidimensional_workflow,False,2026-08-20 16:42:00,2026-08-20 16:42:54,unknown_backfilled,54.0,experiment_log2026-08-20_16-42-00.log,,
b9433a09,surfactant_multidimensional_workflow,False,2026-08-20 16:43:49,2026-08-20 16:44:08,unknown_backfilled,19.0,experiment_log2026-08-20_16-43-49.log,,
0b4794da,surfactant_multidimensional_workflow,False,2026-08-20 16:44:16,2026-08-20 16:45:45,unknown_backfilled,89.0,experiment_log2026-08-20_16-44-16.log,,
6386c899,surfactant_multidimensional_workflow,False,2026-08-20 16:49:58,2026-08-21 05:05:10,unknown_backfilled,44112.0,experiment_log2026-08-20_16-49-58.log,,
fff77e29,surfactant_multidimensional_workflow,False,2026-08-21 09:18:57,2026-08-21 09:22:33,unknown_backfilled,216.0,experiment_log2026-08-21_09-18-57.log,,
7a49fce9,surfactant_multidimensional_workflow,False,2026-08-21 11:39:53,2026-08-21 11:44:10,unknown_backfilled,257.0,experiment_log2026-08-21_11-39-53.log,,
3046525d,surfactant_multidimensional_workflow,False,2026-08-21 13:04:17,2026-08-22 02:51:40,unknown_backfilled,49643.0,experiment_log2026-08-21_13-04-17.log,,
5af63274,surfactant_multidimensional_workflow,False,2026-08-24 10:44:23,2026-08-24 10:45:24,unknown_backfilled,61.0,experiment_log2026-08-24_10-44-23.log,,
6749e4d3,surfactant_multidimensional_workflow,False,2026-08-24 13:47:42,2026-08-24 16:03:02,unknown_backfilled,8120.0,experiment_log2026-08-24_13-47-42.log,,
7d549fe4,surfactant_multidimensional_workflow,False,2026-08-24 16:26:48,2026-08-25 05:49:54,unknown_backfilled,48186.0,experiment_log2026-08-24_16-26-48.log,,
2b7c1f78,surfactant_multidimensional_workflow,False,2026-08-25 09:07:49,2026-08-25 09:16:16,unknown_backfilled,507.0,experiment_log2026-08-25_09-07-49.log,,
ad9b4299,surfactant_multidimensional_workflow,False,2026-08-25 10:50:54,2026-08-25 11:02:11,unknown_backfilled,677.0,experiment_log2026-08-25_10-50-54.log,,
5f73d11e,surfactant_multidimensional_workflow,False,2026-08-25 11:02:18,2026-08-25 11:12:37,unknown_backfilled,619.0,experiment_log2026-08-25_11-02-18.log,,
51d6bcba,surfactant_multidimensional_workflow,False,2026-08-25 11:12:58,2026-08-25 23:53:11,unknown_backfilled,45613.0,experiment_log2026-08-25_11-12-58.log,,
692e2dac,surfactant_multidimensional_workflow,False,2026-08-26 09:23:31,2026-08-26 09:32:53,unknown_backfilled,562.0,experiment_log2026-08-26_09-23-31.log,,
a742ff84,surfactant_multidimensional_workflow,False,2026-08-26 11:23:15,2026-08-26 11:25:40,unknown_backfilled,145.0,experiment_log2026-08-26_11-23-15.log,,
b29146ac,surfactant_multidimensional_workflow,False,2026-08-26 11:40:12,2026-08-27 01:35:27,unknown_backfilled,50115.0,experiment_log2026-08-26_11-40-12.log,,
41f1b4f5,surfactant_multidimensional_workflow,False,2026-08-27 09:22:12,2026-08-27 09:31:43,unknown_backfilled,571.0,experiment_log2026-08-27_09-22-12.log,,
3b3f4cd7,surfactant_multidimensional_workflow,False,2026-08-27 10:14:29,2026-08-27 10:15:23,unknown_backfilled,54.0,experiment_log2026-08-27_10-14-29.log,,
f84ffe96,surfactant_multidimensional_workflow,False,2026-08-27 11:16:41,2026-08-28 01:24:10,unknown_backfilled,50849.0,experiment_log2026-08-27_11-16-41.log,,
a506ed61,surfactant_multidimensional_workflow,False,2026-08-28 08:58:05,2026-08-28 09:03:04,unknown_backfilled,299.0,experiment_log2026-08-28_08-58-05.log,,
2f3f8cbb,surfactant_multidimensional_workflow,False,2026-08-28 09:13:39,2026-08-28 09:16:26,unknown_backfilled,167.0,experiment_log2026-08-28_09-13-39.log,,
5761271f,Surfacant_Worflow_vial_movement_SP,False,2026-08-31 11:59:10,2026-08-31 12:10:40,unknown_backfilled,690.0,experiment_log2026-08-31_11-59-10.log,,
c44cb849,Surfacant_Worflow_vial_movement_SP,False,2026-08-31 12:49:38,2026-08-31 12:59:37,unknown_backfilled,599.0,experiment_log2026-08-31_12-49-38.log,,
daf97cf6,surfactant_multidimensional_workflow,False,2026-08-31 12:49:55,2026-08-31 12:51:03,unknown_backfilled,68.0,experiment_log2026-08-31_12-49-55.log,,
f4abf3cd,surfactant_multidimensional_workflow,False,2026-08-31 13:59:51,2026-09-01 04:13:15,unknown_backfilled,51204.0,experiment_log2026-08-31_13-59-51.log,,
19e52264,surfactant_multidimensional_workflow,False,2026-09-01 11:08:33,2026-09-01 11:14:26,unknown_backfilled,353.0,experiment_log2026-09-01_11-08-33.log,,
936397c5,surfactant_multidimensional_workflow,False,2026-09-02 15:35:41,2026-09-03 04:34:49,unknown_backfilled,46748.0,experiment_log2026-09-02_15-35-41.log,,
2d22dac7,test_photoreactor_dispense,False,2026-09-03 12:08:37,2026-09-03 12:10:07,unknown_backfilled,90.0,experiment_log2026-09-03_12-08-37.log,,
941d0ca6,reset,False,2026-09-03 12:11:50,2026-09-03 12:12:08,unknown_backfilled,18.0,experiment_log2026-09-03_12-11-50.log,,
00bf758e,test_photoreactor_SP,False,2026-09-03 12:16:40,2026-09-03 12:18:07,unknown_backfilled,87.0,experiment_log2026-09-03_12-16-40.log,,
37287a39,test_photoreactor_SP,False,2026-09-03 12:19:27,2026-09-03 12:19:44,unknown_backfilled,17.0,experiment_log2026-09-03_12-19-27.log,,
b09d2034,test_photoreactor_SP,False,2026-09-03 12:20:55,2026-09-03 12:20:55,unknown_backfilled,0.0,experiment_log2026-09-03_12-20-55.log,,
b00c4fe1,test_photoreactor_SP,False,2026-09-03 12:21:58,2026-09-03 12:22:19,unknown_backfilled,21.0,experiment_log2026-09-03_12-21-58.log,,
34221a33,unknown,False,2026-09-03 12:26:06,2026-09-03 12:26:06,unknown_backfilled,0.0,experiment_log2026-09-03_12-26-06.log,,
005dc953,unknown,False,2026-09-03 12:26:24,2026-09-03 12:26:24,unknown_backfilled,0.0,experiment_log2026-09-03_12-26-24.log,,
7bd07c38,test_photoreactor,False,2026-09-03 12:28:12,2026-09-03 12:28:21,unknown_backfilled,9.0,experiment_log2026-09-03_12-28-12.log,,
5828d600,test_spin_coater,False,2026-09-03 12:51:49,2026-09-03 12:52:09,unknown_backfilled,20.0,experiment_log2026-09-03_12-51-49.log,,
ede3cfd6,test_spin_coater.py,True,2026-09-03 17:37:25,2026-09-03 17:37:35,completed,10.912683,experiment_log2026-09-03_17-37-25_simulate.log,31504,Imaging Controller
4bd0003b,safe_position_pipetting_test.py,True,2026-09-08 10:31:46,2026-09-08 10:31:47,completed,1.114887,experiment_log2026-09-08_10-31-46_simulate.log,32352,owenm
6fe77034,safe_position_pipetting_test.py,True,2026-09-15 10:33:51,2026-09-15 10:33:52,completed,1.331464,experiment_log2026-09-15_10-33-51_simulate.log,17692,owenm
8174b9dc,safe_position_pipetting_test.py,True,2026-09-15 10:34:03,2026-09-15 10:34:03,completed,0.516455,experiment_log2026-09-15_10-34-03_simulate.log,28860,owenm
c326c11f,safe_position_pipetting_test.py,True,2026-09-15 10:34:07,2026-09-15 10:34:08,completed,1.273285,experiment_log2026-09-15_10-34-07_simulate.log,22248,owenm
