aspirate_speed,dispense_speed,aspirate_wait_time,blowout_vol,pre_asp_air_vol,overaspirate_vol,volume_target,dispense_wait_time,post_retract_wait_time,volume_measured,time,average_deviation,variability
10,5,4.5,0.298,0.069,0.0018,2.0,0.0,0.0,2.0198019801976996,29.85505236654232,6.2706270626725935,7.781621503100817
10,5,4.5,0.3,0.056,0.0017,5.0,0.0,0.0,4.9240924092421,29.896277733457584,3.762376237594189,4.411389456249273
10,5,4.5,0.139,0.0,0.0024073410382867,10.0,0.0,0.0,10.244224422442501,28.73948850017041,2.442244224428175,3.1781861997840832
10,5,4.5,0.139,0.0,0.0030582120864506,25.0,0.0,0.0,24.250825082507603,29.129799799993634,2.9966996699693587,2.463668810425287
10,5,4.5,0.139,0.0,0.0064,50.0,0.0,0.0,49.716171617162,29.62889709991093,0.5676567656759159,0.6225902330138525
