aspirate_speed,dispense_speed,aspirate_wait_time,blowout_vol,post_asp_air_vol,pre_asp_air_vol,dispense_wait_time,asp_disp_cycles,overaspirate_vol,volume_target,post_retract_wait_time,retract_speed,volume_measured,volume_target_ul,time,average_deviation,variability,trials_count,status,measurement_count
10,11,2.6,0,0.05,0.5,1.5,0,-0.000877826,80,0,5,79.69483568,80,20.70870084,0.604460094,0.736377025,3,success,7
10,11,2.6,0,0.05,0.5,1.5,0,-0.001462851,100,0,5,100.3755869,100,20.8292345,0.798122066,0.89588313,3,success,7
10,11,2.6,0,0.05,0.5,1.5,0,-0.0029,120,0,5,120.120892,120,20.9975339,0.767801252,0.965307439,14,success,54
8,9,2.2,0,0.05,0.3,1.5,3,0.003635524,400,0,5,400.5399061,400,28.60020022,0.134976526,0.098503993,3,success,7
8,9,2.2,0,0.05,0.3,1.5,3,0.002958144,500,0,5,499.9061033,500,30.88331746,0.103286385,0.138304625,3,success,7
8,9,2.2,0,0.05,0.3,1.5,3,-0.0031,600,0,5,599.4694836,600,33.1518014,0.111893584,0.116082926,14,success,62
