aspirate_speed,dispense_speed,aspirate_wait_time,retract_speed,blowout_vol,post_asp_air_vol,pre_asp_air_vol,dispense_wait_time,asp_disp_cycles,overaspirate_vol,volume_target,post_retract_wait_time,volume_measured,volume_target_ul,time,average_deviation,variability,trials_count,status,measurement_count
7,2,1.9,5.0,0.0,0.0,0.192,1.5,0,0.0012428571428569,5.0,0.0,5.2164179104474995,5.0,16.76255356008187,4.925373134320208,4.421040669616348,3,success,11
7,2,1.9,5.0,0.0,0.0,0.192,1.5,0,0.0017888888888893,10.0,0.0,10.1283582089559,10.0,16.92276746002026,1.6417910447782784,1.2702246943391042,3,success,11
7,2,1.9,5.0,0.0,0.0,0.192,1.5,0,0.0024348837209303,25.0,0.0,25.1890547263681,25.0,16.802877820050345,0.7562189054725305,0.7209840904000313,3,success,11
7,2,1.9,5.0,0.0,0.0,0.192,1.5,0,0.0029,50.0,0.0,49.640547263681405,50.0,16.88304983996786,0.7189054726371075,0.561271149290284,14,success,66
