volume_target,volume_measured,average_deviation,variability,time,aspirate_speed,dispense_speed,aspirate_wait_time,dispense_wait_time,retract_speed,blowout_vol,post_asp_air_vol,overaspirate_vol,volume_ml,volume_ul,status,accuracy_tolerance_met,precision_tolerance_met
50,50.62,1.24,0.6,19.71068935,8,14,0.00E+00,3.5437186,10.26081338,0.016158898,0.010581106,0.005361365,0.05,50,success,TRUE,TRUE
25,25.74,3.28,3.496503497,21.90871458,8,14,0.00E+00,3.5437186,10.26081338,0.179057105,0.010581106,0.009530458,0.025,25,partial_success,,
100,99.82,1.7,1.784672486,19.98980742,8,14,0.00E+00,3.5437186,10.26081338,0.016158898,0.010581106,0.003301365,0.1,100,success,,
10,10.48,12.8,17.65267176,20.55885534,8,14,0.00E+00,3.5437186,10.26081338,0.159020533,0.010581106,0.007298751,0.01,10,partial_success,,
5,5.18,6,9.652509653,20.03309541,8,14,0.00E+00,3.5437186,10.26081338,0.07821199,0.010581106,0.004444743,0.005,5,partial_success,,
200,198.32,0.96,0.831988705,21.9107307,8,14,0.00E+00,3.5437186,10.26081338,0.096725838,0.010581106,0.008821216,0.2,200,success,,
500,498.5,0.58,0.6822821,24.47588391,8,14,0.00E+00,3.5437186,10.26081338,0.016158898,0.010581106,0.011801365,0.5,500,success,,
800,799.98,0.4025,0.548728125,28.14697008,8,14,0.00E+00,3.5437186,10.26081338,0.016158898,0.010581106,0.012141365,0.8,800,success,,
