volume_target,aspirate_speed,dispense_speed,aspirate_wait_time,pre_asp_air_vol,post_asp_air_vol,overaspirate_vol,volume_measured,average_deviation,variability,time,dispense_wait_time,post_retract_wait_time
50,22,5,0.5,0.3,0.034,0.0024,49.92,0.596363636,0.787336933,24.74998208,1.5,0
25,22,5,0.5,0.3,0.034,0.00165,25.0369697,1.248484848,1.680888432,25.0598943,1.5,0
10,22,5,0.5,0.3,0.034,0.000698507,9.654545455,3.454545455,4.890986408,23.91475834,1.5,0
5,22,5,0.5,0.3,0.021,0.0002,4.874545455,2.872727273,3.424656153,23.46208168,1.5,0
2,22,5,0.5,0.3,0.042,-0.0002,2.050909091,4.363636364,4.991378816,25.2620934,1.5,0
