aspirate_speed,dispense_speed,aspirate_wait_time,pre_asp_air_vol,overaspirate_vol,volume_target,dispense_wait_time,post_retract_wait_time,volume_measured,time,average_deviation,variability
17,18,2.7,0.3,0.0014,5,1.5,0,4.76969697,27.4136511,4.606060606,2.966357695
17,18,2.7,0.104,0.00176123,10,1.5,0,10.16363636,20.84613874,3.818181818,4.118377257
17,18,2.7,0.104,0.002292677,20,1.5,0,20.01818182,21.39665444,1,1.175493107
17,18,2.7,0.104,0.0038,50,1.5,0,49.8,23.51546432,1.2,1.524032966
