volume_target,volume_measured,average_deviation,variability,time,aspirate_speed,dispense_speed,aspirate_wait_time,dispense_wait_time,retract_speed,blowout_vol,post_asp_air_vol,overaspirate_vol,volume_ml,volume_ul,status,accuracy_tolerance_met,precision_tolerance_met
50.0,50.36363636363633,0.7272727272726556,0.6363636363621552,15.102495908737183,8,9,3.471349310605712e-15,0.0,9.295640498706033,0.0732599035653681,0.01134156743739858,0.003772614611116216,0.05,50.0,success,True,True
25.0,24.515151515150897,1.9393939393964088,1.854140914711834,15.279772917429606,8,9,3.471349310605712e-15,0.0,9.295640498706033,0.2,0.01134156743739858,0.0022290695748721613,0.025,25.0,success,,
100.0,101.6060606060601,1.606060606060101,0.40234827209131113,14.859242041905722,8,9,3.471349310605712e-15,0.0,9.295640498706033,0.0732599035653681,0.01134156743739858,0.006772614611116202,0.1,100.0,success,,
