volume_target,aspirate_speed,dispense_speed,aspirate_wait_time,pre_asp_air_vol,post_asp_air_vol,overaspirate_vol,volume_measured,average_deviation,variability,time,dispense_wait_time
50,10,7,0.3,0.256,0.034,0.0044,49.8,0.690909091,0.650548729,14.64973718,1.5
25,10,7,0.3,0.256,0.034,0.002472511,24.56363636,1.745454545,1.026975346,14.6000791,1.5
10,10,7,0.3,0.256,0.034,0.001270549,9.496969697,5.03030303,2.012994294,14.633661,1.5
5,10,7,0.3,0.256,0.021,0.0012,4.854545455,2.909090909,2.51243593,14.30381034,1.5
