volume_target,aspirate_speed,dispense_speed,aspirate_wait_time,blowout_vol,post_asp_air_vol,overaspirate_vol,volume_measured,average_deviation,variability,time,dispense_wait_time,post_retract_wait_time
50.0,22,12,0.5,0.115,0.034,0.0024000000000000002,49.920000000000506,0.5963636363626929,0.7873369333761199,24.74998208004981,0.0,0.0
25.0,22,12,0.5,0.115,0.034,0.0016499999999989644,25.03696969696989,1.2484848484848488,1.6808884322038153,25.059894300159065,0.0,0.0
10.0,22,12,0.5,0.115,0.034,0.0006985074626868445,9.654545454544914,3.4545454545508516,4.890986407995686,23.914758340176196,0.0,0.0
5.0,22,12,0.5,0.099,0.021,0.0002,4.87454545454501,2.872727272732519,3.424656152532984,23.462081679981203,0.0,0.0
2.0,22,12,0.5,0.127,0.042,-0.0002,2.0509090909086387,4.363636363634481,4.9913788156915055,25.26209340002388,0.0,0.0