aspirate_speed,dispense_speed,aspirate_wait_time,blowout_vol,post_asp_air_vol,pre_asp_air_vol,dispense_wait_time,asp_disp_cycles,overaspirate_vol,volume_target,post_retract_wait_time,retract_speed,volume_measured,volume_target_ul,time,average_deviation,variability,trials_count,status,measurement_count
9,8,0,0,0,0.0,1.5,0,0.002000674,50,0,5,50.22560203,50,12.87978474,0.603295311,0.580507404,3.0,success,7.0
9,8,0,0,0,0.0,1.5,0,0.0038007784533283,70,0,5,70.40557667934046,70,12.99083512,0.528263625,0.409973272,3.0,success,3.0
9,8,0,0,0,0.0,1.5,0,0.0037348256255536,100,0,5,99.95775242923575,100,13.1574107,0.415716096,0.154172075,3.0,success,3.0
9,8,0,0,0,0.0,1.5,0,0.004117153,150,0,5,149.8826045,150,13.58299641,0.321803267,0.187841726,11.75,success,50.75
9,8,0,0,0,0.0,1.5,0,0.0,200,0,5,199.78876214617625,200,17.1124706,3.200253485,0.09709173,26.0,success,3.0
12,12,3,0,0,0.241,1.5,0,-0.019505495,500,0,5,503.2446134,500,22.29094666,0.648922687,0.436800149,3.0,success,7.0
12,12,3,0,0,0.241,1.5,0,0.0073,800,0,5,801.3603718,800,25.08846208,0.170046472,0.138654116,16.0,success,72.0
