volume_target,volume_measured,average_deviation,variability,time,aspirate_speed,dispense_speed,aspirate_wait_time,dispense_wait_time,retract_speed,blowout_vol,post_asp_air_vol,overaspirate_vol,pre_asp_air_vol,volume_ml,volume_ul
200,198.32,0.96,0.831988705,21.9107307,8,14,0.00E+00,3.5437186,10.26081338,0.016158898,0.010581106,0.008821216,0,0.2,200
500,498.5,0.58,0.6822821,24.47588391,8,14,0.00E+00,3.5437186,10.26081338,0.016158898,0.010581106,0.011801365,0,0.5,500
800,799.98,0.4025,0.548728125,28.14697008,8,14,0.00E+00,3.5437186,10.26081338,0.016158898,0.010581106,0.012141365,0,0.8,800
150,149.816,0.309333333,0.513261155,29.90678428,10,13,0.00E+00,1.5,5,0,0.005,0.0098,0.202,0.15,150
5,4.72,0.00472,0.00472,0.00472,15,6,0.2,1.5,5,0,0,0.0019,0.214,0.005,5
10,9.892,0.009892,0.009892,0.009892,15,6,0.2,1.5,5,0,0,0.001942105,0.27,0.01,10
20,19.96,0.01996,0.01996,0.01996,15,6,0.2,1.5,5,0,0,0.002330769,0.27,0.02,20
50,50.36,0.05036,0.05036,0.05036,15,6,0.2,1.5,5,0,0,0.0031,0.27,0.05,50
