aspirate_speed,dispense_speed,aspirate_wait_time,retract_speed,blowout_vol,post_asp_air_vol,pre_asp_air_vol,dispense_wait_time,asp_disp_cycles,overaspirate_vol,volume_target,post_retract_wait_time,volume_measured,volume_target_ul,time,average_deviation,variability,trials_count,status,measurement_count
2,29,26.700000000000003,2.0,0.0,0.0,0.075,0.0,0,0.0157112399100564,50.0,0.0,50.4867724867719,50.0,63.73649496662741,0.973544973543854,0.8531375807543462,3,success,7
2,29,26.700000000000003,2.0,0.0,0.0,0.075,0.0,0,0.0260841269841265,100.0,0.0,99.7698412698417,100.0,69.1022378000198,0.6269841269836498,0.8887349568641231,3,success,7
2,29,26.700000000000003,2.0,0.0,0.0,0.075,0.0,0,0.0321,150.0,0.0,148.44973544973487,150.0,73.6027205333424,1.0335097001766824,0.606213325483724,26,success,35
