{
  "experiment_name": "multi_volume_calibration_test",
  "total_measurements": 35,
  "total_duration_s": 800.1663308143616,
  "overall_statistics": {
    "num_trials": 17,
    "mean_score": 1.06323757628689,
    "median_score": 0.9398782342953689,
    "min_score": 0.18561901174744067,
    "max_score": 2.2686480006668717,
    "stdev_score": 0.6143996880758393,
    "within_tolerance_count": 6,
    "partial_tolerance_count": 6,
    "outside_tolerance_count": 5,
    "success_rate": 0.35294117647058826
  },
  "volume_count": 3
}