{
  "calibration": {
    "overaspirate_vol": 0.0019193689852287062
  },
  "hardware": {
    "parameters": {
      "aspirate_speed": 15,
      "dispense_speed": 6,
      "aspirate_wait_time": 1.9265432335730461,
      "dispense_wait_time": 0.9067512805470627,
      "retract_speed": 10.228824742182422,
      "blowout_vol": 0.14052901601010084,
      "post_asp_air_vol": 0.06784537525023156
    }
  }
}