volume_target_ml,volume_target_ul,volume_measured_ml,volume_measured_ul,deviation_pct,precision_cv_pct,duration_s,trials_count,status,measurement_count,calibration_overaspirate_vol,hardware_parameters_aspirate_speed,hardware_parameters_dispense_speed,hardware_parameters_aspirate_wait_time,hardware_parameters_dispense_wait_time,hardware_parameters_retract_speed,hardware_parameters_blowout_vol,hardware_parameters_post_asp_air_vol
0.05,50.0,0.05059213744298879,50.592137442988786,1.184274885977568,0.6222578321509543,21.953755766657803,11,success,25,0.010153601931094618,15,6,1.9265432335730461,0.9067512805470627,10.228824742182422,0.14052901601010084,0.06784537525023156
0.025,25.0,0.025448111729360918,25.448111729360917,1.792446917443666,1.320181816013097,20.662891733343713,3,success,5,0.005463185181560604,15,6,1.9265432335730461,0.9067512805470627,10.228824742182422,0.14052901601010084,0.06784537525023156
0.01,10.0,0.009988683533838279,9.988683533838278,0.11316466161721134,1.3707017253770448,19.393922266666777,3,success,5,0.0019193689852287062,15,6,1.9265432335730461,0.9067512805470627,10.228824742182422,0.14052901601010084,0.06784537525023156
