{
  "experiment_name": "multi_volume_calibration_test",
  "simulation_mode": false,
  "total_measurements": 96,
  "total_duration_s": 5093.907408952713,
  "overall_statistics": {
    "num_trials": 53,
    "mean_score": 1.6200421189150753,
    "median_score": 1.7536934145732135,
    "min_score": 0.5858415519204637,
    "max_score": 2.5551527806666368,
    "stdev_score": 0.7228141899769602,
    "within_tolerance_count": 8,
    "partial_tolerance_count": 12,
    "outside_tolerance_count": 33,
    "success_rate": 0.1509433962264151
  },
  "volume_count": 5
}